,사고번호,사고일시,요일,시군구,사고내용,사망자수,중상자수,경상자수,부상신고자수,사고유형,법규위반,노면상태,기상상태,도로형태,가해운전자 차종,가해운전자 성별,가해운전자 연령,가해운전자 상해정도,피해운전자 차종,피해운전자 성별,피해운전자 연령,피해운전자 상해정도
568,2021012900100306,2021년 1월 29일 15시,금요일,경기도 광명시 광명동,경상사고,0,0,1,0,차대사람 - 횡단중,신호위반,포장 - 건조,맑음,단일로 - 기타,승용,남,61세,상해없음,보행자,여,65세,경상
569,2021012900100393,2021년 1월 29일 17시,금요일,경기도 파주시 문산읍,경상사고,0,0,1,0,차대사람 - 길가장자리구역통행중,안전운전불이행,포장 - 건조,맑음,단일로 - 기타,화물,남,45세,상해없음,보행자,남,59세,경상
570,2021012900100412,2021년 1월 29일 18시,금요일,경기도 부천시 괴안동,경상사고,0,0,1,0,차대사람 - 횡단중,안전운전불이행,포장 - 건조,맑음,단일로 - 기타,승용,여,50세,상해없음,보행자,남,49세,경상
571,2021012900100421,2021년 1월 29일 18시,금요일,경기도 화성시 영천동,경상사고,0,0,1,0,차대사람 - 횡단중,보행자보호의무위반,포장 - 건조,맑음,교차로 - 교차로횡단보도내,승용,여,42세,상해없음,보행자,남,25세,경상
572,2021012900100522,2021년 1월 29일 20시,금요일,경기도 고양시 일산서구 대화동,경상사고,0,0,1,0,차대사람 - 횡단중,신호위반,포장 - 건조,맑음,기타 - 기타,승용,남,51세,상해없음,보행자,남,37세,경상
573,2021012900100536,2021년 1월 29일 21시,금요일,경기도 광주시 경안동,경상사고,0,0,1,0,차대사람 - 횡단중,안전운전불이행,포장 - 건조,맑음,교차로 - 교차로안,승용,남,18세,상해없음,보행자,남,22세,경상
574,2021012900100542,2021년 1월 29일 21시,금요일,경기도 광명시 하안동,사망사고,1,0,0,0,차대사람 - 횡단중,안전운전불이행,포장 - 건조,맑음,교차로 - 교차로횡단보도내,원동기,남,25세,상해없음,보행자,여,91세,사망
575,2021012900100543,2021년 1월 29일 21시,금요일,경기도 광명시 광명동,경상사고,0,0,1,0,차대사람 - 기타,안전운전불이행,포장 - 건조,맑음,단일로 - 기타,승용,남,66세,상해없음,보행자,남,54세,경상
576,2021012900100548,2021년 1월 29일 21시,금요일,경기도 안산시 상록구 본오동,경상사고,0,0,1,0,차대사람 - 기타,안전운전불이행,포장 - 건조,맑음,단일로 - 기타,승합,남,67세,상해없음,보행자,남,20세,경상
577,2021012900100551,2021년 1월 29일 21시,금요일,경기도 안양시 만안구 안양동,중상사고,0,1,0,0,차대사람 - 기타,기타,포장 - 건조,맑음,단일로 - 기타,승합,남,60세,상해없음,보행자,여,38세,중상
578,2021012900100590,2021년 1월 29일 22시,금요일,경기도 평택시 평택동,경상사고,0,0,1,0,차대사람 - 기타,안전운전불이행,포장 - 건조,맑음,단일로 - 기타,승용,남,20세,상해없음,보행자,남,26세,경상
579,2021013000100032,2021년 1월 30일 05시,토요일,경기도 안양시 만안구 안양동,경상사고,0,0,1,0,차대사람 - 횡단중,신호위반,포장 - 건조,맑음,교차로 - 교차로부근,화물,남,53세,상해없음,보행자,남,77세,경상
580,2021013000100048,2021년 1월 30일 07시,토요일,경기도 용인시 처인구 김량장동,중상사고,0,1,0,0,차대사람 - 횡단중,신호위반,포장 - 건조,맑음,교차로 - 교차로횡단보도내,특수,남,25세,상해없음,보행자,여,49세,중상
581,2021013000100145,2021년 1월 30일 12시,토요일,경기도 부천시 심곡본동,경상사고,0,0,1,0,차대사람 - 기타,안전운전불이행,포장 - 건조,맑음,기타 - 기타,승합,남,48세,상해없음,보행자,여,82세,경상
582,2021013000100146,2021년 1월 30일 12시,토요일,경기도 부천시 심곡동,경상사고,0,0,1,0,차대사람 - 횡단중,신호위반,포장 - 건조,맑음,단일로 - 기타,이륜,남,28세,상해없음,보행자,여,8세,경상
583,2021013000100184,2021년 1월 30일 13시,토요일,경기도 수원시 팔달구 매산로1가,경상사고,0,0,1,0,차대사람 - 기타,안전운전불이행,포장 - 건조,맑음,단일로 - 기타,승용,여,54세,상해없음,보행자,남,25세,경상
584,2021013000100203,2021년 1월 30일 13시,토요일,경기도 남양주시 진접읍,중상사고,0,1,0,0,차대사람 - 기타,안전운전불이행,포장 - 건조,맑음,주차장 - 주차장,승용,남,52세,상해없음,보행자,남,57세,중상
585,2021013000100219,2021년 1월 30일 14시,토요일,경기도 부천시 원종동,중상사고,0,1,0,0,차대사람 - 횡단중,보행자보호의무위반,포장 - 건조,흐림,교차로 - 교차로횡단보도내,승용,남,62세,상해없음,보행자,여,26세,중상
586,2021013000100258,2021년 1월 30일 15시,토요일,경기도 용인시 처인구 역북동,중상사고,0,1,0,1,차대사람 - 횡단중,보행자보호의무위반,포장 - 건조,맑음,단일로 - 기타,이륜,남,38세,부상신고,보행자,남,60세,중상
587,2021013000100259,2021년 1월 30일 15시,토요일,경기도 오산시 오산동,경상사고,0,0,1,0,차대사람 - 기타,안전운전불이행,포장 - 건조,맑음,단일로 - 기타,승용,여,64세,상해없음,보행자,여,50세,경상
588,2021013000100295,2021년 1월 30일 16시,토요일,경기도 평택시 고덕동,경상사고,0,0,1,0,차대사람 - 기타,기타,포장 - 건조,맑음,교차로 - 교차로부근,자전거,남,23세,상해없음,보행자,여,55세,경상
589,2021013000100299,2021년 1월 30일 16시,토요일,경기도 양평군 양평읍,중상사고,0,1,0,0,차대사람 - 길가장자리구역통행중,안전운전불이행,포장 - 젖음/습기,맑음,단일로 - 기타,승용,여,60세,상해없음,보행자,여,66세,중상
590,2021013000100339,2021년 1월 30일 17시,토요일,경기도 용인시 수지구 죽전동,중상사고,0,1,0,0,차대사람 - 횡단중,신호위반,포장 - 건조,맑음,교차로 - 교차로횡단보도내,승용,여,47세,상해없음,보행자,남,16세,중상
591,2021013000100370,2021년 1월 30일 18시,토요일,경기도 부천시 심곡동,경상사고,0,0,1,0,차대사람 - 횡단중,보행자보호의무위반,포장 - 건조,맑음,교차로 - 교차로부근,승용,남,28세,상해없음,보행자,여,33세,경상
592,2021013000100377,2021년 1월 30일 18시,토요일,경기도 안산시 상록구 사동,중상사고,0,1,0,0,차대사람 - 횡단중,신호위반,포장 - 건조,맑음,교차로 - 교차로횡단보도내,승용,남,60세,기타불명,보행자,남,67세,중상
593,2021013000100408,2021년 1월 30일 19시,토요일,경기도 용인시 처인구 원삼면,중상사고,0,1,0,0,차대사람 - 횡단중,안전운전불이행,포장 - 건조,맑음,단일로 - 기타,승용,여,67세,상해없음,보행자,남,72세,중상
594,2021013000100412,2021년 1월 30일 19시,토요일,경기도 안산시 상록구 본오동,중상사고,0,1,0,0,차대사람 - 횡단중,안전운전불이행,포장 - 건조,맑음,교차로 - 교차로안,승용,남,43세,상해없음,보행자,남,54세,중상
595,2021013000100448,2021년 1월 30일 20시,토요일,경기도 수원시 권선구 권선동,중상사고,0,1,0,0,차대사람 - 횡단중,안전운전불이행,포장 - 건조,맑음,단일로 - 기타,이륜,남,28세,상해없음,보행자,여,54세,중상
596,2021013000100452,2021년 1월 30일 20시,토요일,경기도 화성시 양감면,중상사고,0,1,0,0,차대사람 - 기타,안전운전불이행,포장 - 건조,맑음,단일로 - 기타,승합,남,65세,상해없음,보행자,남,49세,중상
597,2021013100100037,2021년 1월 31일 06시,일요일,경기도 성남시 수정구 시흥동,경상사고,0,0,1,0,차대사람 - 횡단중,안전운전불이행,포장 - 건조,맑음,단일로 - 기타,승합,남,67세,상해없음,보행자,여,58세,경상
598,2021013100100038,2021년 1월 31일 06시,일요일,경기도 시흥시 군자동,부상신고사고,0,0,0,1,차대사람 - 길가장자리구역통행중,안전운전불이행,포장 - 건조,맑음,교차로 - 교차로안,승용,남,59세,상해없음,보행자,남,75세,부상신고
599,2021013100100047,2021년 1월 31일 08시,일요일,경기도 수원시 장안구 파장동,경상사고,0,0,1,0,차대사람 - 횡단중,보행자보호의무위반,포장 - 건조,맑음,교차로 - 교차로횡단보도내,화물,남,41세,상해없음,보행자,여,23세,경상
600,2021013100100079,2021년 1월 31일 10시,일요일,경기도 양주시 회정동,경상사고,0,0,1,0,차대사람 - 횡단중,신호위반,포장 - 건조,맑음,교차로 - 교차로부근,승용,여,54세,상해없음,보행자,남,13세,경상
601,2021013100100105,2021년 1월 31일 12시,일요일,경기도 시흥시 거모동,경상사고,0,0,1,0,차대사람 - 기타,안전운전불이행,포장 - 건조,맑음,단일로 - 기타,승용,남,58세,상해없음,보행자,남,27세,경상
602,2021013100100125,2021년 1월 31일 13시,일요일,경기도 안양시 동안구 관양동,중상사고,0,1,0,0,차대사람 - 기타,안전운전불이행,포장 - 건조,맑음,교차로 - 교차로안,승용,여,59세,상해없음,보행자,여,75세,중상
603,2021013100100198,2021년 1월 31일 15시,일요일,경기도 파주시 금촌동,경상사고,0,0,1,0,차대사람 - 횡단중,보행자보호의무위반,포장 - 젖음/습기,맑음,교차로 - 교차로횡단보도내,원동기,남,26세,상해없음,보행자,남,72세,경상
604,2021013100100204,2021년 1월 31일 16시,일요일,경기도 수원시 장안구 송죽동,경상사고,0,0,1,0,차대사람 - 기타,안전운전불이행,포장 - 건조,맑음,교차로 - 교차로안,승용,남,62세,상해없음,보행자,여,63세,경상
605,2021013100100209,2021년 1월 31일 16시,일요일,경기도 성남시 중원구 중앙동,경상사고,0,0,2,0,차대사람 - 횡단중,신호위반,포장 - 건조,맑음,단일로 - 기타,자전거,남,68세,상해없음,보행자,남,42세,경상
606,2021013100100238,2021년 1월 31일 17시,일요일,경기도 부천시 오정동,경상사고,0,0,1,0,차대사람 - 기타,안전운전불이행,포장 - 건조,맑음,기타 - 기타,이륜,남,61세,상해없음,보행자,남,10세,경상
607,2021013100100264,2021년 1월 31일 18시,일요일,경기도 광주시 곤지암읍,중상사고,0,1,0,0,차대사람 - 차도통행중,안전운전불이행,포장 - 건조,흐림,기타 - 기타,승용,남,66세,상해없음,보행자,남,84세,중상
608,2021013100100297,2021년 1월 31일 19시,일요일,경기도 성남시 중원구 중앙동,경상사고,0,0,1,0,차대사람 - 차도통행중,안전운전불이행,포장 - 건조,맑음,단일로 - 기타,승용,남,28세,상해없음,보행자,남,53세,경상
609,2021013100100301,2021년 1월 31일 19시,일요일,경기도 부천시 춘의동,중상사고,0,1,0,0,차대사람 - 횡단중,보행자보호의무위반,포장 - 건조,맑음,교차로 - 교차로횡단보도내,승용,남,31세,상해없음,보행자,여,38세,중상
610,2021020100100018,2021년 2월 1일 05시,월요일,경기도 평택시 청북읍,경상사고,0,0,1,0,차대사람 - 횡단중,신호위반,포장 - 젖음/습기,비,교차로 - 교차로안,승용,여,52세,상해없음,보행자,남,44세,경상
611,2021020100100028,2021년 2월 1일 06시,월요일,경기도 안산시 상록구 일동,경상사고,0,0,1,0,차대사람 - 기타,안전운전불이행,포장 - 건조,맑음,기타 - 기타,화물,남,66세,상해없음,보행자,남,54세,경상
612,2021020100100046,2021년 2월 1일 07시,월요일,경기도 부천시 괴안동,경상사고,0,0,1,0,차대사람 - 기타,안전운전불이행,포장 - 건조,맑음,교차로 - 교차로안,승용,남,42세,상해없음,보행자,여,82세,경상
613,2021020100100047,2021년 2월 1일 07시,월요일,경기도 오산시 오산동,경상사고,0,0,1,0,차대사람 - 횡단중,보행자보호의무위반,포장 - 젖음/습기,비,교차로 - 교차로안,승용,남,55세,상해없음,보행자,여,47세,경상
614,2021020100100050,2021년 2월 1일 07시,월요일,경기도 군포시 금정동,경상사고,0,0,1,0,차대사람 - 횡단중,보행자보호의무위반,포장 - 건조,흐림,단일로 - 기타,승용,남,52세,상해없음,보행자,남,74세,경상
615,2021020100100051,2021년 2월 1일 07시,월요일,경기도 화성시 마도면,중상사고,0,1,0,0,차대사람 - 횡단중,보행자보호의무위반,포장 - 건조,맑음,교차로 - 교차로안,화물,남,47세,상해없음,보행자,여,50세,중상
616,2021020100100100,2021년 2월 1일 09시,월요일,경기도 양평군 양평읍,부상신고사고,0,0,0,1,차대사람 - 기타,안전운전불이행,포장 - 건조,맑음,단일로 - 기타,승용,남,80세,상해없음,보행자,남,64세,부상신고
617,2021020100100105,2021년 2월 1일 09시,월요일,경기도 의왕시 왕곡동,중상사고,0,1,0,0,차대사람 - 차도통행중,안전운전불이행,포장 - 건조,맑음,기타 - 기타,승용,여,61세,상해없음,보행자,여,51세,중상
618,2021020100100216,2021년 2월 1일 14시,월요일,경기도 성남시 수정구 태평동,중상사고,0,1,0,0,차대사람 - 횡단중,신호위반,포장 - 건조,맑음,교차로 - 교차로횡단보도내,승용,남,58세,상해없음,보행자,여,56세,중상
619,2021020100100240,2021년 2월 1일 15시,월요일,경기도 수원시 장안구 정자동,중상사고,0,1,0,0,차대사람 - 기타,안전운전불이행,포장 - 건조,흐림,교차로 - 교차로안,승용,남,37세,상해없음,보행자,여,79세,중상
620,2021020100100241,2021년 2월 1일 15시,월요일,경기도 김포시 고촌읍,경상사고,0,0,1,0,차대사람 - 횡단중,안전운전불이행,포장 - 건조,맑음,기타 - 기타,승용,여,48세,상해없음,보행자,남,18세,경상
621,2021020100100315,2021년 2월 1일 17시,월요일,경기도 의정부시 의정부동,경상사고,0,0,1,0,차대사람 - 기타,안전운전불이행,포장 - 건조,맑음,단일로 - 기타,승용,남,68세,상해없음,보행자,남,63세,경상
622,2021020100100316,2021년 2월 1일 17시,월요일,경기도 고양시 덕양구 화정동,경상사고,0,0,1,0,차대사람 - 횡단중,신호위반,포장 - 젖음/습기,흐림,교차로 - 교차로부근,승용,여,42세,상해없음,보행자,여,23세,경상
623,2021020100100340,2021년 2월 1일 18시,월요일,경기도 수원시 팔달구 매산로2가,경상사고,0,0,1,0,차대사람 - 기타,안전운전불이행,포장 - 건조,맑음,기타 - 기타,승용,남,40세,상해없음,보행자,남,66세,경상
624,2021020100100373,2021년 2월 1일 18시,월요일,경기도 남양주시 별내동,경상사고,0,0,1,0,차대사람 - 횡단중,보행자보호의무위반,포장 - 건조,맑음,교차로 - 교차로횡단보도내,기타불명,기타불명,미분류,기타불명,보행자,여,7세,경상
625,2021020100100394,2021년 2월 1일 19시,월요일,경기도 군포시 산본동,경상사고,0,0,1,0,차대사람 - 기타,안전운전불이행,포장 - 건조,맑음,단일로 - 기타,승용,여,54세,상해없음,보행자,여,58세,경상
626,2021020100100420,2021년 2월 1일 19시,월요일,경기도 고양시 덕양구 원흥동,중상사고,0,1,0,0,차대사람 - 기타,안전운전불이행,포장 - 건조,맑음,단일로 - 기타,이륜,남,28세,상해없음,보행자,남,59세,중상
627,2021020100100425,2021년 2월 1일 20시,월요일,경기도 수원시 팔달구 지동,중상사고,0,1,0,0,차대사람 - 기타,안전운전불이행,포장 - 건조,맑음,교차로 - 교차로안,승용,여,59세,상해없음,보행자,여,65세,중상
628,2021020100100434,2021년 2월 1일 20시,월요일,경기도 안산시 단원구 고잔동,경상사고,0,0,1,0,차대사람 - 기타,안전운전불이행,포장 - 건조,맑음,교차로 - 교차로부근,승용,남,72세,상해없음,보행자,남,57세,경상
629,2021020100100467,2021년 2월 1일 21시,월요일,경기도 오산시 궐동,경상사고,0,0,1,0,차대사람 - 기타,안전운전불이행,포장 - 건조,맑음,단일로 - 기타,이륜,남,31세,상해없음,보행자,남,31세,경상
630,2021020100100488,2021년 2월 1일 21시,월요일,경기도 파주시 문산읍,경상사고,0,0,1,0,차대사람 - 기타,안전운전불이행,포장 - 건조,맑음,교차로 - 교차로부근,승용,남,38세,상해없음,보행자,남,38세,경상
631,2021020100100496,2021년 2월 1일 22시,월요일,경기도 부천시 중동,경상사고,0,0,1,0,차대사람 - 기타,기타,포장 - 건조,맑음,교차로 - 교차로안,승용,남,40세,상해없음,보행자,남,27세,경상
632,2021020200100029,2021년 2월 2일 07시,화요일,경기도 오산시 가수동,경상사고,0,0,1,0,차대사람 - 횡단중,신호위반,포장 - 건조,맑음,단일로 - 기타,승용,남,65세,상해없음,보행자,여,20세,경상
633,2021020200100059,2021년 2월 2일 08시,화요일,경기도 안양시 동안구 평촌동,경상사고,0,0,1,0,차대사람 - 기타,안전거리미확보,포장 - 건조,맑음,교차로 - 교차로안,승용,남,69세,상해없음,보행자,여,41세,경상
634,2021020200100082,2021년 2월 2일 09시,화요일,경기도 평택시 포승읍,경상사고,0,0,1,0,차대사람 - 횡단중,안전운전불이행,포장 - 건조,맑음,단일로 - 기타,기타불명,기타불명,미분류,기타불명,보행자,여,51세,경상
635,2021020200100103,2021년 2월 2일 10시,화요일,경기도 평택시 세교동,중상사고,0,1,0,0,차대사람 - 차도통행중,보행자보호의무위반,포장 - 건조,맑음,교차로 - 교차로부근,승용,남,28세,상해없음,보행자,여,75세,중상
636,2021020200100136,2021년 2월 2일 11시,화요일,경기도 광명시 하안동,경상사고,0,0,1,0,차대사람 - 횡단중,보행자보호의무위반,포장 - 건조,맑음,교차로 - 교차로횡단보도내,승합,남,67세,상해없음,보행자,남,61세,경상
637,2021020200100170,2021년 2월 2일 12시,화요일,경기도 안양시 동안구 비산동,중상사고,0,2,0,0,차대사람 - 기타,안전운전불이행,포장 - 건조,맑음,단일로 - 기타,자전거,남,69세,중상,보행자,여,56세,중상
638,2021020200100220,2021년 2월 2일 14시,화요일,경기도 시흥시 거모동,경상사고,0,0,1,0,차대사람 - 기타,안전운전불이행,포장 - 건조,맑음,교차로 - 교차로안,승용,여,27세,상해없음,보행자,남,54세,경상
639,2021020200100258,2021년 2월 2일 15시,화요일,경기도 부천시 춘의동,중상사고,0,1,0,0,차대사람 - 기타,보행자보호의무위반,포장 - 건조,맑음,단일로 - 기타,승용,남,25세,상해없음,보행자,남,49세,중상
640,2021020200100261,2021년 2월 2일 15시,화요일,경기도 군포시 당동,경상사고,0,0,1,0,차대사람 - 기타,안전운전불이행,포장 - 건조,맑음,단일로 - 기타,승용,남,64세,상해없음,보행자,여,39세,경상
641,2021020200100278,2021년 2월 2일 15시,화요일,경기도 파주시 광탄면,중상사고,0,1,0,0,차대사람 - 기타,보행자보호의무위반,포장 - 건조,맑음,교차로 - 교차로안,화물,남,36세,상해없음,보행자,여,81세,중상
642,2021020200100321,2021년 2월 2일 17시,화요일,경기도 부천시 고강동,경상사고,0,0,1,0,차대사람 - 차도통행중,안전운전불이행,포장 - 건조,맑음,단일로 - 기타,승용,남,49세,상해없음,보행자,남,9세,경상
643,2021020200100345,2021년 2월 2일 17시,화요일,경기도 고양시 일산동구 백석동,경상사고,0,0,1,0,차대사람 - 횡단중,안전운전불이행,포장 - 건조,맑음,교차로 - 교차로안,승용,남,62세,상해없음,보행자,여,33세,경상
644,2021020200100358,2021년 2월 2일 18시,화요일,경기도 성남시 중원구 성남동,중상사고,0,1,0,0,차대사람 - 횡단중,안전운전불이행,포장 - 건조,맑음,교차로 - 교차로횡단보도내,승용,남,45세,상해없음,보행자,여,25세,중상
645,2021020200100360,2021년 2월 2일 18시,화요일,경기도 안산시 상록구 이동,경상사고,0,0,1,0,차대사람 - 횡단중,보행자보호의무위반,포장 - 건조,맑음,교차로 - 교차로횡단보도내,승용,남,63세,상해없음,보행자,남,52세,경상
646,2021020200100362,2021년 2월 2일 18시,화요일,경기도 화성시 향남읍,경상사고,0,0,1,0,차대사람 - 기타,안전운전불이행,포장 - 건조,맑음,단일로 - 기타,승용,남,28세,상해없음,보행자,남,55세,경상
647,2021020200100363,2021년 2월 2일 18시,화요일,경기도 하남시 풍산동,부상신고사고,0,0,0,1,차대사람 - 횡단중,보행자보호의무위반,포장 - 건조,맑음,교차로 - 교차로안,승용,여,76세,상해없음,보행자,여,38세,부상신고
648,2021020200100389,2021년 2월 2일 19시,화요일,경기도 안산시 상록구 월피동,중상사고,0,1,0,0,차대사람 - 횡단중,안전운전불이행,포장 - 건조,맑음,교차로 - 교차로안,승용,여,46세,상해없음,보행자,여,57세,중상
649,2021020200100414,2021년 2월 2일 19시,화요일,경기도 의정부시 의정부동,경상사고,0,0,1,0,차대사람 - 횡단중,보행자보호의무위반,포장 - 건조,맑음,교차로 - 교차로부근,승용,남,57세,상해없음,보행자,여,20세,경상
650,2021020200100439,2021년 2월 2일 20시,화요일,경기도 포천시 소흘읍,경상사고,0,0,1,0,차대사람 - 횡단중,안전운전불이행,포장 - 건조,맑음,단일로 - 기타,승용,남,42세,상해없음,보행자,여,46세,경상
651,2021020200100456,2021년 2월 2일 21시,화요일,경기도 안양시 동안구 호계동,경상사고,0,0,1,0,차대사람 - 기타,안전운전불이행,포장 - 건조,맑음,교차로 - 교차로횡단보도내,승용,여,59세,상해없음,보행자,남,40세,경상
652,2021020200100464,2021년 2월 2일 21시,화요일,경기도 부천시 원종동,경상사고,0,0,1,0,차대사람 - 기타,안전운전불이행,포장 - 젖음/습기,흐림,교차로 - 교차로안,승용,여,56세,상해없음,보행자,남,59세,경상
653,2021020200100465,2021년 2월 2일 21시,화요일,경기도 화성시 반월동,경상사고,0,0,1,0,차대사람 - 보도통행중,기타,포장 - 젖음/습기,눈,단일로 - 기타,승용,남,39세,상해없음,보행자,남,37세,경상
654,2021020300100024,2021년 2월 3일 06시,수요일,경기도 수원시 장안구 송죽동,경상사고,0,0,1,0,차대사람 - 횡단중,보행자보호의무위반,포장 - 건조,맑음,교차로 - 교차로안,승용,남,71세,상해없음,보행자,여,54세,경상
655,2021020300100032,2021년 2월 3일 07시,수요일,경기도 성남시 수정구 태평동,경상사고,0,0,1,0,차대사람 - 기타,안전운전불이행,포장 - 건조,맑음,단일로 - 기타,승용,남,63세,상해없음,보행자,남,24세,경상
656,2021020300100116,2021년 2월 3일 10시,수요일,경기도 오산시 금암동,경상사고,0,0,1,0,차대사람 - 기타,안전운전불이행,포장 - 건조,맑음,주차장 - 주차장,승용,여,46세,상해없음,보행자,여,31세,경상
657,2021020300100117,2021년 2월 3일 10시,수요일,경기도 부천시 역곡동,경상사고,0,0,2,0,차대사람 - 횡단중,안전운전불이행,포장 - 건조,맑음,교차로 - 교차로안,승용,여,31세,상해없음,보행자,여,57세,경상
658,2021020300100144,2021년 2월 3일 11시,수요일,경기도 안산시 상록구 이동,경상사고,0,0,1,0,차대사람 - 차도통행중,안전운전불이행,포장 - 건조,맑음,단일로 - 기타,승용,남,48세,상해없음,보행자,여,38세,경상
659,2021020300100198,2021년 2월 3일 13시,수요일,경기도 부천시 소사동,중상사고,0,1,0,0,차대사람 - 횡단중,신호위반,포장 - 건조,맑음,단일로 - 기타,승용,여,54세,상해없음,보행자,여,57세,중상
660,2021020300100227,2021년 2월 3일 14시,수요일,경기도 성남시 중원구 상대원동,중상사고,0,1,0,0,차대사람 - 기타,안전운전불이행,포장 - 건조,맑음,단일로 - 기타,승용,여,67세,상해없음,보행자,남,65세,중상
661,2021020300100261,2021년 2월 3일 15시,수요일,경기도 여주시 산북면,중상사고,0,1,0,0,차대사람 - 기타,안전운전불이행,포장 - 건조,맑음,기타 - 기타,건설기계,남,51세,상해없음,보행자,남,39세,중상
662,2021020300100263,2021년 2월 3일 15시,수요일,경기도 부천시 원미동,경상사고,0,0,1,0,차대사람 - 횡단중,안전운전불이행,포장 - 건조,맑음,단일로 - 기타,승용,여,60세,상해없음,보행자,여,68세,경상
663,2021020300100264,2021년 2월 3일 15시,수요일,경기도 안산시 단원구 대부북동,경상사고,0,0,1,0,차대사람 - 횡단중,안전운전불이행,포장 - 건조,맑음,단일로 - 기타,화물,남,50세,상해없음,보행자,남,70세,경상
664,2021020300100309,2021년 2월 3일 16시,수요일,경기도 양평군 용문면,중상사고,0,1,0,0,차대사람 - 보도통행중,보행자보호의무위반,포장 - 건조,맑음,교차로 - 교차로횡단보도내,승용,남,45세,상해없음,보행자,남,82세,중상
665,2021020300100311,2021년 2월 3일 16시,수요일,경기도 화성시 청계동,부상신고사고,0,0,0,1,차대사람 - 횡단중,안전운전불이행,포장 - 건조,맑음,교차로 - 교차로안,기타불명,기타불명,미분류,기타불명,보행자,여,9세,부상신고
666,2021020300100341,2021년 2월 3일 17시,수요일,경기도 수원시 권선구 세류동,경상사고,0,0,1,0,차대사람 - 기타,안전운전불이행,포장 - 건조,맑음,단일로 - 기타,승용,남,63세,상해없음,보행자,남,44세,경상
667,2021020300100389,2021년 2월 3일 18시,수요일,경기도 수원시 장안구 조원동,경상사고,0,0,1,0,차대사람 - 기타,안전운전불이행,포장 - 건조,맑음,교차로 - 교차로안,승용,남,51세,상해없음,보행자,남,34세,경상
668,2021020300100442,2021년 2월 3일 19시,수요일,경기도 수원시 장안구 조원동,중상사고,0,1,0,0,차대사람 - 기타,안전운전불이행,포장 - 건조,맑음,교차로 - 교차로안,승용,여,27세,상해없음,보행자,여,57세,중상
669,2021020300100449,2021년 2월 3일 19시,수요일,경기도 성남시 분당구 정자동,경상사고,0,0,2,0,차대사람 - 횡단중,안전운전불이행,포장 - 건조,맑음,기타 - 기타,승용,남,39세,상해없음,보행자,여,65세,경상
670,2021020300100483,2021년 2월 3일 20시,수요일,경기도 의왕시 오전동,중상사고,0,1,0,0,차대사람 - 기타,과속,포장 - 건조,흐림,교차로 - 교차로안,승용,여,70세,상해없음,보행자,여,72세,중상
671,2021020300100506,2021년 2월 3일 21시,수요일,경기도 평택시 신대동,경상사고,0,0,1,0,차대사람 - 기타,안전운전불이행,포장 - 건조,맑음,교차로 - 교차로안,승용,남,38세,상해없음,보행자,남,54세,경상
672,2021020300100537,2021년 2월 3일 21시,수요일,경기도 의정부시 신곡동,경상사고,0,0,1,0,차대사람 - 횡단중,신호위반,포장 - 적설,눈,교차로 - 교차로횡단보도내,이륜,남,33세,상해없음,보행자,여,52세,경상
673,2021020400100073,2021년 2월 4일 08시,목요일,경기도 안양시 동안구 관양동,경상사고,0,0,1,0,차대사람 - 횡단중,신호위반,포장 - 적설,맑음,교차로 - 교차로횡단보도내,승용,여,52세,상해없음,보행자,남,20세,경상
674,2021020400100106,2021년 2월 4일 08시,목요일,경기도 의정부시 호원동,경상사고,0,0,3,0,차대사람 - 기타,안전운전불이행,포장 - 서리/결빙,맑음,단일로 - 기타,승용,여,44세,기타불명,보행자,남,58세,경상
675,2021020400100107,2021년 2월 4일 08시,목요일,경기도 고양시 덕양구 향동동,중상사고,0,1,0,0,차대사람 - 기타,안전운전불이행,포장 - 건조,맑음,단일로 - 기타,건설기계,남,54세,상해없음,보행자,남,72세,중상
676,2021020400100128,2021년 2월 4일 09시,목요일,경기도 수원시 권선구 입북동,중상사고,0,1,0,0,차대사람 - 기타,안전운전불이행,포장 - 적설,눈,교차로 - 교차로부근,승용,여,28세,상해없음,보행자,남,73세,중상
677,2021020400100160,2021년 2월 4일 10시,목요일,경기도 김포시 북변동,중상사고,0,1,0,0,차대사람 - 횡단중,보행자보호의무위반,포장 - 젖음/습기,눈,교차로 - 교차로안,승용,여,50세,상해없음,보행자,여,65세,중상
678,2021020400100213,2021년 2월 4일 11시,목요일,경기도 시흥시 방산동,경상사고,0,0,2,0,차대사람 - 길가장자리구역통행중,안전운전불이행,포장 - 서리/결빙,흐림,교차로 - 교차로부근,승용,남,33세,상해없음,보행자,남,60세,경상
679,2021020400100267,2021년 2월 4일 13시,목요일,경기도 광명시 일직동,경상사고,0,0,1,0,차대사람 - 횡단중,안전운전불이행,포장 - 건조,맑음,교차로 - 교차로안,승용,남,37세,상해없음,보행자,남,57세,경상
680,2021020400100268,2021년 2월 4일 13시,목요일,경기도 용인시 수지구 죽전동,중상사고,0,1,0,0,차대사람 - 차도통행중,안전운전불이행,포장 - 건조,맑음,단일로 - 기타,승용,여,65세,상해없음,보행자,여,87세,중상
681,2021020400100421,2021년 2월 4일 17시,목요일,경기도 수원시 장안구 율전동,경상사고,0,0,1,0,차대사람 - 기타,안전운전불이행,포장 - 젖음/습기,맑음,단일로 - 기타,화물,남,62세,상해없음,보행자,여,17세,경상
682,2021020400100452,2021년 2월 4일 18시,목요일,경기도 안성시 공도읍,경상사고,0,0,1,0,차대사람 - 횡단중,안전운전불이행,포장 - 건조,맑음,교차로 - 교차로안,승용,남,51세,상해없음,보행자,여,79세,경상