,사고번호,사고일시,요일,시군구,사고내용,사망자수,중상자수,경상자수,부상신고자수,사고유형,법규위반,노면상태,기상상태,도로형태,가해운전자 차종,가해운전자 성별,가해운전자 연령,가해운전자 상해정도,피해운전자 차종,피해운전자 성별,피해운전자 연령,피해운전자 상해정도
797,2021020900100400,2021년 2월 9일 16시,화요일,경기도 안성시 동본동,경상사고,0,0,1,0,차대사람 - 차도통행중,안전운전불이행,포장 - 건조,맑음,교차로 - 교차로안,승용,남,68세,상해없음,보행자,남,15세,경상
798,2021020900100404,2021년 2월 9일 16시,화요일,경기도 수원시 영통구 망포동,중상사고,0,1,0,0,차대사람 - 기타,안전운전불이행,포장 - 건조,맑음,단일로 - 기타,승용,여,45세,상해없음,보행자,남,56세,중상
799,2021020900100405,2021년 2월 9일 16시,화요일,경기도 성남시 중원구 상대원동,경상사고,0,0,1,0,차대사람 - 길가장자리구역통행중,안전운전불이행,포장 - 건조,맑음,단일로 - 기타,승용,남,72세,상해없음,보행자,남,30세,경상
800,2021020900100448,2021년 2월 9일 17시,화요일,경기도 양평군 양평읍,중상사고,0,1,0,0,차대사람 - 기타,안전운전불이행,포장 - 건조,맑음,단일로 - 기타,승용,여,67세,상해없음,보행자,남,40세,중상
801,2021020900100449,2021년 2월 9일 17시,화요일,경기도 안산시 단원구 고잔동,경상사고,0,0,1,0,차대사람 - 횡단중,안전운전불이행,포장 - 건조,맑음,기타 - 기타,승용,여,60세,상해없음,보행자,남,56세,경상
802,2021020900100476,2021년 2월 9일 17시,화요일,경기도 파주시 문산읍,경상사고,0,0,1,0,차대사람 - 기타,안전운전불이행,포장 - 건조,맑음,단일로 - 기타,승용,남,28세,상해없음,보행자,여,46세,경상
803,2021020900100477,2021년 2월 9일 17시,화요일,경기도 양주시 고암동,경상사고,0,0,1,0,차대사람 - 기타,안전운전불이행,포장 - 건조,맑음,주차장 - 주차장,승용,여,35세,상해없음,보행자,남,53세,경상
804,2021020900100498,2021년 2월 9일 18시,화요일,경기도 평택시 군문동,경상사고,0,0,1,0,차대사람 - 기타,안전운전불이행,포장 - 건조,맑음,교차로 - 교차로안,승용,남,71세,상해없음,보행자,여,79세,경상
805,2021020900100502,2021년 2월 9일 18시,화요일,경기도 오산시 수청동,중상사고,0,1,0,0,차대사람 - 횡단중,보행자보호의무위반,포장 - 건조,맑음,교차로 - 교차로안,승용,남,56세,상해없음,보행자,여,60세,중상
806,2021020900100504,2021년 2월 9일 18시,화요일,경기도 성남시 분당구 정자동,중상사고,0,1,0,0,차대사람 - 기타,보행자보호의무위반,포장 - 건조,맑음,단일로 - 기타,승용,남,31세,상해없음,보행자,여,39세,중상
807,2021020900100531,2021년 2월 9일 18시,화요일,경기도 의정부시 가능동,경상사고,0,0,1,0,차대사람 - 기타,안전운전불이행,포장 - 건조,맑음,교차로 - 교차로안,승용,여,48세,상해없음,보행자,남,36세,경상
808,2021020900100562,2021년 2월 9일 19시,화요일,경기도 광주시 초월읍,중상사고,0,2,0,0,차대사람 - 횡단중,보행자보호의무위반,포장 - 건조,맑음,교차로 - 교차로횡단보도내,승용,남,70세,상해없음,보행자,여,34세,중상
809,2021020900100563,2021년 2월 9일 19시,화요일,경기도 오산시 오산동,중상사고,0,1,0,0,차대사람 - 횡단중,보행자보호의무위반,포장 - 건조,맑음,교차로 - 교차로횡단보도내,승용,여,31세,상해없음,보행자,남,20세,중상
810,2021020900100564,2021년 2월 9일 19시,화요일,경기도 부천시 상동,경상사고,0,0,1,0,차대사람 - 기타,신호위반,포장 - 건조,맑음,단일로 - 기타,승합,남,58세,상해없음,보행자,남,49세,경상
811,2021020900100566,2021년 2월 9일 19시,화요일,경기도 수원시 권선구 세류동,중상사고,0,1,0,0,차대사람 - 횡단중,안전운전불이행,포장 - 건조,맑음,교차로 - 교차로횡단보도내,승합,남,66세,상해없음,보행자,남,59세,중상
812,2021020900100584,2021년 2월 9일 19시,화요일,경기도 의정부시 의정부동,경상사고,0,0,2,0,차대사람 - 횡단중,안전운전불이행,포장 - 건조,맑음,단일로 - 기타,자전거,남,57세,경상,보행자,여,47세,경상
813,2021020900100601,2021년 2월 9일 20시,화요일,경기도 수원시 장안구 정자동,중상사고,0,1,0,0,차대사람 - 횡단중,신호위반,포장 - 건조,맑음,교차로 - 교차로횡단보도내,이륜,남,22세,상해없음,보행자,남,38세,중상
814,2021020900100602,2021년 2월 9일 20시,화요일,경기도 안성시 동본동,경상사고,0,0,1,0,차대사람 - 횡단중,안전운전불이행,포장 - 건조,맑음,기타 - 기타,승용,남,73세,상해없음,보행자,여,21세,경상
815,2021020900100603,2021년 2월 9일 20시,화요일,경기도 용인시 처인구 양지면,경상사고,0,0,1,0,차대사람 - 횡단중,중앙선침범,포장 - 건조,맑음,단일로 - 기타,승용,여,58세,상해없음,보행자,남,52세,경상
816,2021020900100605,2021년 2월 9일 20시,화요일,경기도 김포시 월곶면,중상사고,0,1,0,0,차대사람 - 횡단중,안전운전불이행,포장 - 건조,맑음,단일로 - 기타,승용,남,60세,상해없음,보행자,남,78세,중상
817,2021020900100640,2021년 2월 9일 20시,화요일,경기도 의정부시 용현동,중상사고,0,1,0,0,차대사람 - 횡단중,보행자보호의무위반,포장 - 건조,맑음,교차로 - 교차로횡단보도내,승용,여,35세,상해없음,보행자,남,39세,중상
818,2021020900100643,2021년 2월 9일 20시,화요일,경기도 고양시 일산동구 백석동,경상사고,0,0,2,0,차대사람 - 기타,보행자보호의무위반,포장 - 건조,맑음,교차로 - 교차로횡단보도내,승용,남,44세,상해없음,보행자,남,50세,경상
819,2021020900100660,2021년 2월 9일 21시,화요일,경기도 수원시 장안구 정자동,중상사고,0,1,0,0,차대사람 - 횡단중,안전운전불이행,포장 - 건조,맑음,교차로 - 교차로안,승용,여,41세,상해없음,보행자,남,73세,중상
820,2021020900100685,2021년 2월 9일 21시,화요일,경기도 남양주시 호평동,경상사고,0,0,1,0,차대사람 - 횡단중,보행자보호의무위반,포장 - 건조,맑음,교차로 - 교차로횡단보도내,승용,여,35세,상해없음,보행자,여,52세,경상
821,2021020900100705,2021년 2월 9일 22시,화요일,경기도 성남시 수정구 수진동,중상사고,0,1,0,0,차대사람 - 횡단중,보행자보호의무위반,포장 - 젖음/습기,맑음,교차로 - 교차로횡단보도내,이륜,남,19세,상해없음,보행자,여,51세,중상
822,2021021000100008,2021년 2월 10일 00시,수요일,경기도 성남시 중원구 상대원동,중상사고,0,1,0,0,차대사람 - 차도통행중,안전운전불이행,포장 - 건조,맑음,단일로 - 기타,승용,남,29세,상해없음,보행자,여,27세,중상
823,2021021000100061,2021년 2월 10일 07시,수요일,경기도 광주시 오포읍,중상사고,0,1,0,0,차대사람 - 기타,안전운전불이행,포장 - 젖음/습기,흐림,교차로 - 교차로부근,승용,남,38세,상해없음,보행자,남,24세,중상
824,2021021000100091,2021년 2월 10일 08시,수요일,경기도 시흥시 장곡동,사망사고,1,1,0,0,차대사람 - 횡단중,보행자보호의무위반,포장 - 건조,맑음,교차로 - 교차로안,화물,남,29세,상해없음,보행자,여,72세,사망
825,2021021000100173,2021년 2월 10일 10시,수요일,경기도 가평군 가평읍,중상사고,0,1,0,0,차대사람 - 차도통행중,안전운전불이행,포장 - 건조,맑음,단일로 - 기타,승용,남,52세,상해없음,보행자,여,74세,중상
826,2021021000100183,2021년 2월 10일 11시,수요일,경기도 평택시 평택동,중상사고,0,1,0,0,차대사람 - 기타,안전운전불이행,포장 - 건조,맑음,단일로 - 기타,승용,여,38세,상해없음,보행자,남,31세,중상
827,2021021000100212,2021년 2월 10일 11시,수요일,경기도 고양시 일산서구 주엽동,중상사고,0,1,0,0,차대사람 - 횡단중,안전운전불이행,포장 - 건조,맑음,단일로 - 기타,화물,남,72세,상해없음,보행자,여,71세,중상
828,2021021000100254,2021년 2월 10일 13시,수요일,경기도 광주시 회덕동,경상사고,0,0,1,0,차대사람 - 기타,안전운전불이행,포장 - 건조,맑음,기타 - 기타,자전거,기타불명,미분류,기타불명,보행자,여,44세,경상
829,2021021000100255,2021년 2월 10일 13시,수요일,경기도 광주시 회덕동,중상사고,0,1,0,0,차대사람 - 횡단중,보행자보호의무위반,포장 - 건조,맑음,단일로 - 기타,승용,여,62세,상해없음,보행자,남,62세,중상
830,2021021000100256,2021년 2월 10일 13시,수요일,경기도 김포시 구래동,중상사고,0,1,0,0,차대사람 - 기타,보행자보호의무위반,포장 - 기타,맑음,기타 - 기타,승용,여,36세,상해없음,보행자,남,62세,중상
831,2021021000100282,2021년 2월 10일 13시,수요일,경기도 포천시 소흘읍,중상사고,0,1,0,0,차대사람 - 기타,불법유턴,포장 - 건조,맑음,단일로 - 기타,승용,여,58세,상해없음,보행자,여,29세,중상
832,2021021000100283,2021년 2월 10일 13시,수요일,경기도 남양주시 진접읍,중상사고,0,1,0,0,차대사람 - 횡단중,안전운전불이행,포장 - 건조,맑음,교차로 - 교차로횡단보도내,승용,남,71세,상해없음,보행자,남,9세,중상
833,2021021000100305,2021년 2월 10일 14시,수요일,경기도 안양시 만안구 박달동,중상사고,0,1,0,0,차대사람 - 기타,기타,포장 - 건조,맑음,단일로 - 기타,승합,남,54세,상해없음,보행자,여,79세,중상
834,2021021000100344,2021년 2월 10일 15시,수요일,경기도 용인시 처인구 모현읍,중상사고,0,1,0,0,차대사람 - 기타,안전운전불이행,포장 - 기타,맑음,교차로 - 교차로부근,화물,남,59세,상해없음,보행자,남,56세,중상
835,2021021000100345,2021년 2월 10일 15시,수요일,경기도 김포시 북변동,중상사고,0,1,0,0,차대사람 - 기타,안전운전불이행,포장 - 건조,맑음,교차로 - 교차로안,승용,남,52세,상해없음,보행자,여,53세,중상
836,2021021000100439,2021년 2월 10일 17시,수요일,경기도 광주시 오포읍,경상사고,0,0,1,0,차대사람 - 기타,안전운전불이행,포장 - 건조,맑음,단일로 - 기타,승합,남,51세,상해없음,보행자,남,71세,경상
837,2021021000100443,2021년 2월 10일 17시,수요일,경기도 안산시 상록구 본오동,경상사고,0,0,1,0,차대사람 - 기타,안전운전불이행,포장 - 건조,맑음,단일로 - 기타,승용,남,49세,상해없음,보행자,남,43세,경상
838,2021021000100494,2021년 2월 10일 18시,수요일,경기도 부천시 심곡본동,경상사고,0,0,1,0,차대사람 - 기타,안전운전불이행,포장 - 기타,맑음,단일로 - 기타,승용,남,22세,상해없음,보행자,여,48세,경상
839,2021021000100498,2021년 2월 10일 18시,수요일,경기도 시흥시 정왕동,경상사고,0,0,1,0,차대사람 - 횡단중,신호위반,포장 - 건조,맑음,교차로 - 교차로횡단보도내,승용,남,49세,상해없음,보행자,남,17세,경상
840,2021021000100500,2021년 2월 10일 18시,수요일,경기도 화성시 서신면,중상사고,0,1,0,0,차대사람 - 기타,안전운전불이행,포장 - 건조,맑음,단일로 - 기타,승용,여,59세,상해없음,보행자,여,78세,중상
841,2021021000100528,2021년 2월 10일 18시,수요일,경기도 동두천시 지행동,중상사고,0,1,0,0,차대사람 - 기타,안전운전불이행,포장 - 건조,맑음,단일로 - 기타,승용,여,37세,상해없음,보행자,남,81세,중상
842,2021021000100553,2021년 2월 10일 19시,수요일,경기도 수원시 장안구 천천동,부상신고사고,0,0,0,1,차대사람 - 횡단중,안전운전불이행,포장 - 건조,맑음,단일로 - 기타,자전거,남,77세,부상신고,보행자,남,46세,상해없음
843,2021021000100557,2021년 2월 10일 19시,수요일,경기도 김포시 양촌읍,중상사고,0,1,0,0,차대사람 - 차도통행중,안전운전불이행,포장 - 건조,맑음,교차로 - 교차로안,승용,남,57세,상해없음,보행자,남,34세,중상
844,2021021000100560,2021년 2월 10일 19시,수요일,경기도 오산시 오산동,경상사고,0,0,1,0,차대사람 - 기타,안전운전불이행,포장 - 건조,맑음,단일로 - 기타,승합,남,67세,상해없음,보행자,남,62세,경상
845,2021021000100628,2021년 2월 10일 20시,수요일,경기도 안산시 단원구 고잔동,경상사고,0,0,1,0,차대사람 - 횡단중,안전운전불이행,포장 - 건조,맑음,단일로 - 기타,승용,남,66세,상해없음,보행자,여,52세,경상
846,2021021000100630,2021년 2월 10일 20시,수요일,경기도 수원시 영통구 영통동,경상사고,0,0,1,0,차대사람 - 기타,안전운전불이행,포장 - 건조,맑음,단일로 - 기타,승용,남,55세,상해없음,보행자,남,39세,경상
847,2021021000100659,2021년 2월 10일 20시,수요일,경기도 의정부시 녹양동,부상신고사고,0,0,0,1,차대사람 - 횡단중,안전운전불이행,포장 - 건조,맑음,교차로 - 교차로부근,화물,남,60세,상해없음,보행자,남,45세,부상신고
848,2021021000100679,2021년 2월 10일 21시,수요일,경기도 부천시 심곡동,경상사고,0,0,1,0,차대사람 - 기타,안전운전불이행,포장 - 건조,맑음,기타 - 기타,승용,남,20세,상해없음,보행자,남,19세,경상
849,2021021000100682,2021년 2월 10일 21시,수요일,경기도 시흥시 목감동,부상신고사고,0,0,0,1,차대사람 - 횡단중,안전운전불이행,포장 - 건조,맑음,단일로 - 기타,승용,여,57세,상해없음,보행자,남,53세,부상신고
850,2021021000100683,2021년 2월 10일 21시,수요일,경기도 시흥시 정왕동,경상사고,0,0,1,0,차대사람 - 횡단중,안전운전불이행,포장 - 건조,맑음,단일로 - 기타,승용,남,30세,상해없음,보행자,남,51세,경상
851,2021021000100707,2021년 2월 10일 21시,수요일,경기도 남양주시 화도읍,경상사고,0,0,1,0,차대사람 - 기타,안전운전불이행,포장 - 건조,맑음,단일로 - 기타,승용,여,50세,상해없음,보행자,남,48세,경상
852,2021021000100715,2021년 2월 10일 22시,수요일,경기도 여주시 오학동,중상사고,0,1,0,0,차대사람 - 기타,안전운전불이행,포장 - 건조,맑음,교차로 - 교차로안,승용,여,50세,상해없음,보행자,남,43세,중상
853,2021021000100717,2021년 2월 10일 22시,수요일,경기도 부천시 심곡동,경상사고,0,0,1,0,차대사람 - 기타,안전운전불이행,포장 - 건조,맑음,단일로 - 기타,이륜,남,26세,상해없음,보행자,남,43세,경상
854,2021021000100747,2021년 2월 10일 23시,수요일,경기도 하남시 신장동,경상사고,0,0,3,0,차대사람 - 기타,안전운전불이행,포장 - 건조,맑음,기타 - 기타,화물,남,34세,상해없음,보행자,남,43세,경상
855,2021021100100005,2021년 2월 11일 00시,목요일,경기도 부천시 중동,경상사고,0,0,1,0,차대사람 - 기타,안전운전불이행,포장 - 건조,맑음,단일로 - 기타,승용,남,65세,상해없음,보행자,남,61세,경상
856,2021021100100054,2021년 2월 11일 08시,목요일,경기도 안산시 상록구 사동,경상사고,0,0,1,0,차대사람 - 횡단중,안전운전불이행,포장 - 건조,맑음,단일로 - 기타,승용,남,57세,상해없음,보행자,여,58세,경상
857,2021021100100131,2021년 2월 11일 13시,목요일,경기도 수원시 팔달구 매교동,경상사고,0,0,1,0,차대사람 - 길가장자리구역통행중,안전운전불이행,포장 - 건조,맑음,단일로 - 기타,승용,여,32세,상해없음,보행자,남,73세,경상
858,2021021100100133,2021년 2월 11일 13시,목요일,경기도 부천시 원종동,중상사고,0,1,0,0,차대사람 - 기타,안전운전불이행,포장 - 건조,맑음,단일로 - 기타,승용,남,68세,상해없음,보행자,여,68세,중상
859,2021021100100151,2021년 2월 11일 13시,목요일,경기도 의정부시 가능동,경상사고,0,0,1,0,차대사람 - 기타,안전운전불이행,포장 - 건조,맑음,주차장 - 주차장,승용,여,42세,상해없음,보행자,여,25세,경상
860,2021021100100162,2021년 2월 11일 14시,목요일,경기도 하남시 신장동,경상사고,0,0,1,0,차대사람 - 기타,안전운전불이행,포장 - 건조,맑음,단일로 - 기타,자전거,여,56세,상해없음,보행자,여,47세,경상
861,2021021100100201,2021년 2월 11일 16시,목요일,경기도 평택시 서정동,부상신고사고,0,0,0,1,차대사람 - 횡단중,안전운전불이행,포장 - 건조,맑음,교차로 - 교차로안,기타불명,기타불명,미분류,기타불명,보행자,여,29세,부상신고
862,2021021100100202,2021년 2월 11일 16시,목요일,경기도 오산시 오산동,경상사고,0,0,1,0,차대사람 - 기타,안전운전불이행,포장 - 건조,맑음,교차로 - 교차로안,승용,남,54세,상해없음,보행자,남,45세,경상
863,2021021100100219,2021년 2월 11일 17시,목요일,경기도 안양시 동안구 관양동,경상사고,0,0,1,0,차대사람 - 기타,안전운전불이행,포장 - 건조,맑음,단일로 - 기타,승용,남,61세,상해없음,보행자,남,21세,경상
864,2021021100100241,2021년 2월 11일 18시,목요일,경기도 안산시 상록구 월피동,중상사고,0,1,0,0,차대사람 - 기타,안전운전불이행,포장 - 건조,맑음,교차로 - 교차로안,승용,남,53세,상해없음,보행자,여,69세,중상
865,2021021100100256,2021년 2월 11일 18시,목요일,경기도 남양주시 와부읍,경상사고,0,0,1,0,차대사람 - 횡단중,보행자보호의무위반,포장 - 건조,맑음,교차로 - 교차로안,승용,여,54세,상해없음,보행자,여,71세,경상
866,2021021100100269,2021년 2월 11일 19시,목요일,경기도 안산시 상록구 일동,중상사고,0,1,0,0,차대사람 - 보도통행중,보행자보호의무위반,포장 - 건조,맑음,단일로 - 기타,이륜,남,19세,상해없음,보행자,여,26세,중상
867,2021021100100313,2021년 2월 11일 20시,목요일,경기도 파주시 조리읍,중상사고,0,1,0,0,차대사람 - 기타,안전운전불이행,포장 - 건조,맑음,단일로 - 기타,승용,남,27세,상해없음,보행자,남,52세,중상
868,2021021100100325,2021년 2월 11일 21시,목요일,경기도 성남시 수정구 수진동,경상사고,0,0,1,0,차대사람 - 기타,안전운전불이행,포장 - 건조,맑음,교차로 - 교차로부근,승용,여,42세,상해없음,보행자,남,58세,경상
869,2021021100100326,2021년 2월 11일 21시,목요일,경기도 오산시 원동,중상사고,0,1,0,0,차대사람 - 차도통행중,신호위반,포장 - 건조,맑음,교차로 - 교차로횡단보도내,이륜,남,28세,상해없음,보행자,남,21세,중상
870,2021021200100023,2021년 2월 12일 06시,금요일,경기도 부천시 고강동,중상사고,0,1,0,0,차대사람 - 횡단중,안전운전불이행,포장 - 젖음/습기,흐림,교차로 - 교차로횡단보도내,승용,남,46세,상해없음,보행자,여,82세,중상
871,2021021200100149,2021년 2월 12일 15시,금요일,경기도 파주시 적성면,경상사고,0,0,1,0,차대사람 - 기타,안전운전불이행,포장 - 건조,맑음,단일로 - 기타,승용,남,74세,상해없음,보행자,남,49세,경상
872,2021021200100193,2021년 2월 12일 18시,금요일,경기도 용인시 수지구 풍덕천동,중상사고,0,1,0,0,차대사람 - 횡단중,안전운전불이행,포장 - 건조,맑음,기타 - 기타,개인형이동수단(PM),남,24세,상해없음,보행자,남,52세,중상
873,2021021200100216,2021년 2월 12일 19시,금요일,경기도 양평군 단월면,사망사고,1,0,0,0,차대사람 - 차도통행중,안전운전불이행,포장 - 건조,맑음,단일로 - 기타,승용,남,40세,상해없음,보행자,여,65세,사망
874,2021021200100217,2021년 2월 12일 19시,금요일,경기도 성남시 중원구 중앙동,경상사고,0,0,1,0,차대사람 - 횡단중,신호위반,포장 - 건조,맑음,교차로 - 교차로횡단보도내,이륜,남,47세,상해없음,보행자,남,51세,경상
875,2021021200100239,2021년 2월 12일 20시,금요일,경기도 고양시 일산동구 장항동,부상신고사고,0,0,0,1,차대사람 - 횡단중,신호위반,포장 - 건조,맑음,교차로 - 교차로안,승용,남,50세,상해없음,보행자,남,48세,부상신고
876,2021021200100272,2021년 2월 12일 22시,금요일,경기도 수원시 팔달구 팔달로3가,중상사고,0,1,0,0,차대사람 - 횡단중,신호위반,포장 - 건조,맑음,단일로 - 기타,이륜,남,19세,상해없음,보행자,여,31세,중상
877,2021021300100058,2021년 2월 13일 11시,토요일,경기도 성남시 분당구 삼평동,경상사고,0,0,1,0,차대사람 - 기타,보행자보호의무위반,포장 - 건조,맑음,단일로 - 기타,승용,여,48세,상해없음,보행자,남,39세,경상
878,2021021300100081,2021년 2월 13일 12시,토요일,경기도 시흥시 정왕동,중상사고,0,1,0,0,차대사람 - 기타,기타,포장 - 건조,맑음,기타 - 기타,승합,남,54세,상해없음,보행자,여,65세,중상
879,2021021300100154,2021년 2월 13일 15시,토요일,경기도 성남시 수정구 사송동,중상사고,0,1,0,0,차대사람 - 기타,안전운전불이행,포장 - 건조,맑음,단일로 - 기타,자전거,여,60세,중상,보행자,남,67세,상해없음
880,2021021300100156,2021년 2월 13일 15시,토요일,경기도 광주시 역동,경상사고,0,0,1,0,차대사람 - 횡단중,신호위반,포장 - 건조,맑음,교차로 - 교차로안,이륜,남,17세,기타불명,보행자,여,73세,경상
881,2021021300100179,2021년 2월 13일 15시,토요일,경기도 파주시 금릉동,경상사고,0,0,1,0,차대사람 - 길가장자리구역통행중,안전운전불이행,포장 - 건조,맑음,단일로 - 기타,승용,남,64세,상해없음,보행자,남,83세,경상
882,2021021300100188,2021년 2월 13일 16시,토요일,경기도 성남시 수정구 수진동,중상사고,0,1,0,0,차대사람 - 기타,안전운전불이행,포장 - 건조,맑음,단일로 - 기타,자전거,남,49세,상해없음,보행자,여,59세,중상
883,2021021300100189,2021년 2월 13일 16시,토요일,경기도 오산시 원동,중상사고,0,1,0,0,차대사람 - 횡단중,보행자보호의무위반,포장 - 건조,맑음,단일로 - 기타,승용,여,52세,상해없음,보행자,여,6세,중상
884,2021021300100207,2021년 2월 13일 16시,토요일,경기도 의정부시 의정부동,경상사고,0,0,1,0,차대사람 - 길가장자리구역통행중,안전운전불이행,포장 - 건조,맑음,교차로 - 교차로안,승용,남,52세,상해없음,보행자,남,69세,경상
885,2021021300100209,2021년 2월 13일 16시,토요일,경기도 남양주시 호평동,경상사고,0,0,1,0,차대사람 - 보도통행중,보행자보호의무위반,포장 - 건조,맑음,교차로 - 교차로안,승용,남,48세,상해없음,보행자,여,7세,경상
886,2021021300100267,2021년 2월 13일 18시,토요일,경기도 파주시 탄현면,경상사고,0,0,1,0,차대사람 - 횡단중,보행자보호의무위반,포장 - 건조,맑음,단일로 - 기타,이륜,남,51세,상해없음,보행자,여,67세,경상
887,2021021300100268,2021년 2월 13일 18시,토요일,경기도 남양주시 별내동,중상사고,0,1,0,0,차대사람 - 기타,기타,포장 - 건조,맑음,단일로 - 기타,승용,남,64세,기타불명,보행자,여,75세,중상
888,2021021300100279,2021년 2월 13일 19시,토요일,경기도 화성시 봉담읍,경상사고,0,0,1,0,차대사람 - 횡단중,안전운전불이행,포장 - 기타,맑음,단일로 - 기타,승용,여,60세,상해없음,보행자,남,74세,경상
889,2021021300100280,2021년 2월 13일 19시,토요일,경기도 용인시 수지구 풍덕천동,부상신고사고,0,0,0,1,차대사람 - 차도통행중,안전운전불이행,포장 - 건조,맑음,단일로 - 기타,승용,남,50세,상해없음,보행자,여,52세,부상신고
890,2021021300100335,2021년 2월 13일 21시,토요일,경기도 군포시 산본동,경상사고,0,0,1,0,차대사람 - 기타,보행자보호의무위반,포장 - 건조,맑음,교차로 - 교차로횡단보도내,승용,여,56세,상해없음,보행자,남,30세,경상
891,2021021300100365,2021년 2월 13일 22시,토요일,경기도 수원시 팔달구 인계동,중상사고,0,1,0,0,차대사람 - 기타,안전운전불이행,포장 - 건조,맑음,기타 - 기타,승용,남,34세,상해없음,보행자,여,20세,중상
892,2021021300100398,2021년 2월 13일 23시,토요일,경기도 광명시 하안동,경상사고,0,0,1,0,차대사람 - 차도통행중,안전운전불이행,포장 - 건조,맑음,단일로 - 기타,승용,여,52세,상해없음,보행자,남,24세,경상
893,2021021400100045,2021년 2월 14일 10시,일요일,경기도 의정부시 장암동,중상사고,0,1,0,0,차대사람 - 횡단중,안전운전불이행,포장 - 건조,맑음,기타 - 기타,자전거,남,33세,상해없음,보행자,여,66세,중상
894,2021021400100062,2021년 2월 14일 12시,일요일,경기도 김포시 북변동,중상사고,0,1,1,0,차대사람 - 기타,안전운전불이행,포장 - 건조,맑음,교차로 - 교차로부근,승합,남,49세,상해없음,보행자,여,61세,중상
895,2021021400100141,2021년 2월 14일 16시,일요일,경기도 부천시 고강동,경상사고,0,0,1,0,차대사람 - 차도통행중,안전운전불이행,포장 - 건조,맑음,단일로 - 기타,승용,남,55세,상해없음,보행자,남,40세,경상
896,2021021400100166,2021년 2월 14일 17시,일요일,경기도 성남시 분당구 정자동,경상사고,0,0,1,0,차대사람 - 기타,안전운전불이행,포장 - 건조,맑음,단일로 - 기타,승용,남,71세,상해없음,보행자,남,54세,경상
897,2021021400100197,2021년 2월 14일 18시,일요일,경기도 수원시 팔달구 영동,경상사고,0,0,1,0,차대사람 - 기타,안전운전불이행,포장 - 건조,맑음,단일로 - 기타,승용,남,49세,상해없음,보행자,여,65세,경상
898,2021021400100226,2021년 2월 14일 19시,일요일,경기도 광명시 철산동,경상사고,0,0,1,0,차대사람 - 횡단중,안전운전불이행,포장 - 건조,맑음,단일로 - 기타,승용,남,61세,기타불명,보행자,남,19세,경상
899,2021021400100227,2021년 2월 14일 19시,일요일,경기도 성남시 분당구 정자동,경상사고,0,0,1,0,차대사람 - 기타,안전운전불이행,포장 - 건조,맑음,단일로 - 기타,자전거,남,49세,상해없음,보행자,남,29세,경상
900,2021021400100241,2021년 2월 14일 19시,일요일,경기도 의정부시 신곡동,부상신고사고,0,0,0,1,차대사람 - 기타,안전운전불이행,포장 - 건조,맑음,교차로 - 교차로안,승용,남,42세,상해없음,보행자,남,58세,부상신고
901,2021021400100256,2021년 2월 14일 20시,일요일,경기도 부천시 여월동,경상사고,0,0,1,0,차대사람 - 기타,안전운전불이행,포장 - 건조,맑음,단일로 - 기타,화물,남,43세,상해없음,보행자,남,48세,경상
902,2021021400100276,2021년 2월 14일 20시,일요일,경기도 파주시 와동동,중상사고,0,1,0,0,차대사람 - 보도통행중,신호위반,포장 - 건조,맑음,교차로 - 교차로횡단보도내,승용,남,53세,상해없음,보행자,남,42세,중상
903,2021021400100308,2021년 2월 14일 21시,일요일,경기도 고양시 덕양구 행신동,경상사고,0,0,1,0,차대사람 - 횡단중,안전운전불이행,포장 - 건조,맑음,단일로 - 기타,승용,여,45세,상해없음,보행자,남,54세,경상
904,2021021400100319,2021년 2월 14일 22시,일요일,경기도 안산시 단원구 고잔동,중상사고,0,1,0,0,차대사람 - 횡단중,신호위반,포장 - 건조,맑음,교차로 - 교차로횡단보도내,이륜,남,22세,상해없음,보행자,여,24세,중상
905,2021021500100020,2021년 2월 15일 06시,월요일,경기도 성남시 분당구 정자동,경상사고,0,0,1,0,차대사람 - 기타,보행자보호의무위반,포장 - 건조,흐림,교차로 - 교차로부근,화물,남,65세,상해없음,보행자,여,27세,경상
906,2021021500100023,2021년 2월 15일 06시,월요일,경기도 용인시 수지구 죽전동,중상사고,0,1,0,0,차대사람 - 횡단중,신호위반,포장 - 젖음/습기,비,교차로 - 교차로안,승용,남,45세,상해없음,보행자,남,47세,중상
907,2021021500100143,2021년 2월 15일 12시,월요일,경기도 광주시 오포읍,경상사고,0,0,2,0,차대사람 - 차도통행중,중앙선침범,포장 - 건조,맑음,단일로 - 기타,화물,남,71세,상해없음,보행자,남,81세,경상
908,2021021500100146,2021년 2월 15일 12시,월요일,경기도 하남시 신장동,중상사고,0,1,0,0,차대사람 - 기타,기타,포장 - 건조,맑음,단일로 - 기타,승용,남,64세,상해없음,보행자,여,85세,중상
909,2021021500100171,2021년 2월 15일 13시,월요일,경기도 부천시 고강동,부상신고사고,0,0,0,1,차대사람 - 차도통행중,안전운전불이행,포장 - 건조,맑음,단일로 - 기타,승용,여,57세,상해없음,보행자,남,62세,부상신고
910,2021021500100172,2021년 2월 15일 13시,월요일,경기도 부천시 원종동,경상사고,0,0,1,0,차대사람 - 횡단중,보행자보호의무위반,포장 - 건조,맑음,단일로 - 기타,승용,여,73세,상해없음,보행자,여,69세,경상