,사고번호,사고일시,요일,시군구,사고내용,사망자수,중상자수,경상자수,부상신고자수,사고유형,법규위반,노면상태,기상상태,도로형태,가해운전자 차종,가해운전자 성별,가해운전자 연령,가해운전자 상해정도,피해운전자 차종,피해운전자 성별,피해운전자 연령,피해운전자 상해정도
1365,2021030900100095,2021년 3월 9일 09시,화요일,경기도 부천시 상동,중상사고,0,1,0,0,차대사람 - 횡단중,안전운전불이행,포장 - 건조,맑음,단일로 - 기타,승용,여,42세,상해없음,보행자,여,63세,중상
1366,2021030900100132,2021년 3월 9일 10시,화요일,경기도 남양주시 오남읍,중상사고,0,1,0,0,차대사람 - 횡단중,중앙선침범,포장 - 건조,맑음,교차로 - 교차로안,승용,여,47세,상해없음,보행자,여,67세,중상
1367,2021030900100143,2021년 3월 9일 11시,화요일,경기도 평택시 독곡동,경상사고,0,0,1,0,차대사람 - 기타,안전운전불이행,포장 - 건조,맑음,기타 - 기타,승용,남,33세,상해없음,보행자,남,64세,경상
1368,2021030900100147,2021년 3월 9일 11시,화요일,경기도 시흥시 정왕동,경상사고,0,0,1,0,차대사람 - 횡단중,보행자보호의무위반,포장 - 건조,맑음,단일로 - 기타,화물,남,65세,상해없음,보행자,남,31세,경상
1369,2021030900100173,2021년 3월 9일 11시,화요일,경기도 파주시 금촌동,중상사고,0,1,0,0,차대사람 - 횡단중,보행자보호의무위반,포장 - 건조,맑음,단일로 - 지하차도(도로)내,승용,남,38세,상해없음,보행자,여,87세,중상
1370,2021030900100184,2021년 3월 9일 12시,화요일,경기도 화성시 중동,경상사고,0,0,1,0,차대사람 - 차도통행중,안전운전불이행,포장 - 건조,맑음,단일로 - 기타,승용,여,25세,상해없음,보행자,남,64세,경상
1371,2021030900100246,2021년 3월 9일 14시,화요일,경기도 부천시 심곡동,경상사고,0,0,1,0,차대사람 - 횡단중,안전운전불이행,포장 - 건조,맑음,교차로 - 교차로부근,승용,여,38세,상해없음,보행자,남,9세,경상
1372,2021030900100252,2021년 3월 9일 14시,화요일,경기도 용인시 수지구 동천동,경상사고,0,0,1,0,차대사람 - 횡단중,안전운전불이행,포장 - 건조,맑음,단일로 - 기타,승용,남,65세,상해없음,보행자,여,9세,경상
1373,2021030900100321,2021년 3월 9일 16시,화요일,경기도 파주시 금촌동,경상사고,0,0,1,0,차대사람 - 길가장자리구역통행중,안전운전불이행,포장 - 건조,맑음,단일로 - 기타,승용,여,37세,상해없음,보행자,여,49세,경상
1374,2021030900100335,2021년 3월 9일 17시,화요일,경기도 시흥시 정왕동,경상사고,0,0,1,0,차대사람 - 횡단중,신호위반,포장 - 건조,맑음,단일로 - 기타,이륜,남,45세,상해없음,보행자,여,6세,경상
1375,2021030900100336,2021년 3월 9일 17시,화요일,경기도 시흥시 정왕동,중상사고,0,1,0,0,차대사람 - 보도통행중,기타,포장 - 건조,맑음,기타 - 기타,원동기,남,34세,상해없음,보행자,여,22세,중상
1376,2021030900100378,2021년 3월 9일 18시,화요일,경기도 화성시 봉담읍,경상사고,0,0,1,0,차대사람 - 횡단중,보행자보호의무위반,포장 - 건조,맑음,교차로 - 교차로안,승용,여,40세,상해없음,보행자,남,18세,경상
1377,2021030900100434,2021년 3월 9일 20시,화요일,경기도 여주시 하동,중상사고,0,1,0,0,차대사람 - 차도통행중,안전운전불이행,포장 - 건조,맑음,단일로 - 기타,승용,남,24세,상해없음,보행자,여,64세,중상
1378,2021030900100436,2021년 3월 9일 20시,화요일,경기도 수원시 권선구 권선동,중상사고,0,1,0,0,차대사람 - 횡단중,보행자보호의무위반,포장 - 건조,맑음,교차로 - 교차로횡단보도내,승용,여,64세,상해없음,보행자,여,59세,중상
1379,2021030900100455,2021년 3월 9일 20시,화요일,경기도 의정부시 용현동,경상사고,0,0,1,0,차대사람 - 횡단중,안전운전불이행,포장 - 건조,맑음,교차로 - 교차로안,승용,여,70세,상해없음,보행자,남,60세,경상
1380,2021030900100460,2021년 3월 9일 21시,화요일,경기도 평택시 안중읍,중상사고,0,1,0,0,차대사람 - 기타,안전운전불이행,포장 - 건조,맑음,단일로 - 기타,승용,여,62세,상해없음,보행자,남,50세,중상
1381,2021030900100461,2021년 3월 9일 21시,화요일,경기도 부천시 소사본동,경상사고,0,0,1,0,차대사람 - 기타,안전운전불이행,포장 - 건조,맑음,교차로 - 교차로부근,승용,남,33세,상해없음,보행자,남,53세,경상
1382,2021030900100509,2021년 3월 9일 23시,화요일,경기도 수원시 팔달구 매산로2가,경상사고,0,0,1,0,차대사람 - 기타,안전운전불이행,포장 - 건조,맑음,단일로 - 기타,승용,남,19세,상해없음,보행자,남,23세,경상
1383,2021031000100065,2021년 3월 10일 07시,수요일,경기도 수원시 권선구 호매실동,경상사고,0,0,1,0,차대사람 - 기타,안전운전불이행,포장 - 건조,맑음,단일로 - 기타,승합,남,61세,상해없음,보행자,여,44세,경상
1384,2021031000100076,2021년 3월 10일 08시,수요일,경기도 광주시 오포읍,경상사고,0,0,1,0,차대사람 - 차도통행중,안전운전불이행,포장 - 건조,맑음,단일로 - 기타,승용,남,41세,상해없음,보행자,남,30세,경상
1385,2021031000100082,2021년 3월 10일 08시,수요일,경기도 성남시 분당구 구미동,경상사고,0,0,1,0,차대사람 - 기타,보행자보호의무위반,포장 - 건조,맑음,교차로 - 교차로횡단보도내,승용,남,49세,상해없음,보행자,남,65세,경상
1386,2021031000100143,2021년 3월 10일 10시,수요일,경기도 평택시 현덕면,부상신고사고,0,0,0,1,차대사람 - 기타,안전운전불이행,포장 - 건조,맑음,단일로 - 기타,화물,남,62세,상해없음,보행자,남,57세,부상신고
1387,2021031000100165,2021년 3월 10일 11시,수요일,경기도 성남시 수정구 수진동,중상사고,0,1,0,0,차대사람 - 기타,안전운전불이행,포장 - 건조,맑음,단일로 - 기타,승용,남,20세,상해없음,보행자,여,85세,중상
1388,2021031000100171,2021년 3월 10일 11시,수요일,경기도 군포시 산본동,경상사고,0,0,1,0,차대사람 - 보도통행중,안전운전불이행,포장 - 건조,맑음,기타 - 기타,개인형이동수단(PM),남,23세,상해없음,보행자,여,29세,경상
1389,2021031000100199,2021년 3월 10일 12시,수요일,경기도 광명시 광명동,경상사고,0,0,1,0,차대사람 - 보도통행중,기타,포장 - 건조,맑음,기타 - 기타,이륜,남,57세,상해없음,보행자,여,57세,경상
1390,2021031000100225,2021년 3월 10일 12시,수요일,경기도 가평군 청평면,사망사고,1,0,0,0,차대사람 - 기타,안전운전불이행,포장 - 건조,맑음,교차로 - 교차로부근,승용,여,46세,상해없음,보행자,남,43세,사망
1391,2021031000100255,2021년 3월 10일 13시,수요일,경기도 고양시 덕양구 도내동,경상사고,0,0,1,0,차대사람 - 기타,안전운전불이행,포장 - 건조,맑음,기타 - 기타,승용,남,40세,상해없음,보행자,남,38세,경상
1392,2021031000100274,2021년 3월 10일 14시,수요일,경기도 수원시 영통구 매탄동,경상사고,0,0,1,0,차대사람 - 기타,안전운전불이행,포장 - 건조,맑음,기타 - 기타,승용,남,30세,상해없음,보행자,여,60세,경상
1393,2021031000100298,2021년 3월 10일 14시,수요일,경기도 파주시 적성면,중상사고,0,1,0,0,차대사람 - 보도통행중,기타,포장 - 건조,맑음,주차장 - 주차장,승용,남,69세,상해없음,보행자,여,61세,중상
1394,2021031000100301,2021년 3월 10일 14시,수요일,경기도 연천군 군남면,중상사고,0,1,0,0,차대사람 - 길가장자리구역통행중,안전운전불이행,포장 - 건조,맑음,단일로 - 지하차도(도로)내,승용,여,67세,상해없음,보행자,여,63세,중상
1395,2021031000100318,2021년 3월 10일 15시,수요일,경기도 안산시 단원구 고잔동,중상사고,0,1,0,0,차대사람 - 횡단중,보행자보호의무위반,포장 - 건조,맑음,기타 - 기타,승용,여,43세,상해없음,보행자,여,25세,중상
1396,2021031000100319,2021년 3월 10일 15시,수요일,경기도 군포시 도마교동,경상사고,0,0,1,0,차대사람 - 기타,기타,포장 - 건조,맑음,기타 - 기타,승용,남,63세,상해없음,보행자,여,48세,경상
1397,2021031000100322,2021년 3월 10일 15시,수요일,경기도 수원시 권선구 금곡동,경상사고,0,0,1,0,차대사람 - 기타,안전운전불이행,포장 - 건조,맑음,단일로 - 기타,화물,남,58세,상해없음,보행자,남,58세,경상
1398,2021031000100356,2021년 3월 10일 16시,수요일,경기도 부천시 역곡동,중상사고,0,1,0,0,차대사람 - 횡단중,안전운전불이행,포장 - 건조,맑음,교차로 - 교차로안,승용,남,32세,상해없음,보행자,여,84세,중상
1399,2021031000100380,2021년 3월 10일 16시,수요일,경기도 동두천시 지행동,중상사고,0,1,0,0,차대사람 - 횡단중,안전운전불이행,포장 - 건조,맑음,기타 - 기타,승용,여,51세,상해없음,보행자,여,9세,중상
1400,2021031000100429,2021년 3월 10일 18시,수요일,경기도 광주시 초월읍,경상사고,0,0,1,0,차대사람 - 길가장자리구역통행중,안전운전불이행,포장 - 건조,맑음,기타 - 기타,승용,여,45세,상해없음,보행자,남,61세,경상
1401,2021031000100432,2021년 3월 10일 18시,수요일,경기도 군포시 당동,경상사고,0,0,1,0,차대사람 - 기타,안전운전불이행,포장 - 건조,맑음,기타 - 기타,자전거,남,60세,상해없음,보행자,여,61세,경상
1402,2021031000100433,2021년 3월 10일 18시,수요일,경기도 시흥시 정왕동,경상사고,0,0,1,0,차대사람 - 차도통행중,안전운전불이행,포장 - 건조,맑음,기타 - 기타,승용,남,43세,상해없음,보행자,남,36세,경상
1403,2021031000100458,2021년 3월 10일 18시,수요일,경기도 파주시 동패동,경상사고,0,0,1,0,차대사람 - 보도통행중,안전운전불이행,포장 - 건조,맑음,단일로 - 기타,자전거,남,12세,상해없음,보행자,여,70세,경상
1404,2021031000100495,2021년 3월 10일 19시,수요일,경기도 남양주시 진접읍,중상사고,0,1,0,0,차대사람 - 횡단중,안전운전불이행,포장 - 건조,맑음,교차로 - 교차로안,승합,남,58세,상해없음,보행자,여,63세,중상
1405,2021031000100499,2021년 3월 10일 20시,수요일,경기도 평택시 가재동,중상사고,0,1,0,0,차대사람 - 횡단중,안전운전불이행,포장 - 건조,맑음,교차로 - 교차로부근,승용,여,58세,상해없음,보행자,남,49세,중상
1406,2021031000100500,2021년 3월 10일 20시,수요일,경기도 용인시 기흥구 신갈동,경상사고,0,0,1,0,차대사람 - 기타,안전운전불이행,포장 - 건조,맑음,단일로 - 기타,승용,남,27세,상해없음,보행자,여,51세,경상
1407,2021031000100535,2021년 3월 10일 21시,수요일,경기도 화성시 봉담읍,경상사고,0,0,1,0,차대사람 - 기타,기타,포장 - 건조,맑음,기타 - 기타,승합,남,46세,상해없음,보행자,남,52세,경상
1408,2021031000100557,2021년 3월 10일 22시,수요일,경기도 양평군 양평읍,중상사고,0,1,0,0,차대사람 - 기타,안전운전불이행,포장 - 건조,맑음,기타 - 기타,승용,여,73세,상해없음,보행자,남,59세,중상
1409,2021031000100558,2021년 3월 10일 22시,수요일,경기도 광명시 광명동,중상사고,0,1,0,0,차대사람 - 횡단중,보행자보호의무위반,포장 - 건조,맑음,교차로 - 교차로부근,승용,남,64세,상해없음,보행자,남,37세,중상
1410,2021031000100559,2021년 3월 10일 22시,수요일,경기도 성남시 중원구 금광동,부상신고사고,0,0,0,1,차대사람 - 보도통행중,안전운전불이행,포장 - 건조,맑음,기타 - 기타,승용,여,42세,상해없음,보행자,남,29세,부상신고
1411,2021031100100040,2021년 3월 11일 06시,목요일,경기도 김포시 감정동,중상사고,0,1,0,0,차대사람 - 기타,안전운전불이행,포장 - 기타,맑음,기타 - 기타,승용,남,74세,상해없음,보행자,여,74세,중상
1412,2021031100100058,2021년 3월 11일 07시,목요일,경기도 수원시 팔달구 인계동,경상사고,0,0,1,0,차대사람 - 기타,기타,포장 - 건조,맑음,기타 - 기타,승합,남,57세,상해없음,보행자,여,74세,경상
1413,2021031100100082,2021년 3월 11일 08시,목요일,경기도 용인시 처인구 남사읍,중상사고,0,1,0,0,차대사람 - 횡단중,안전운전불이행,포장 - 건조,맑음,단일로 - 기타,승합,남,29세,상해없음,보행자,남,58세,중상
1414,2021031100100084,2021년 3월 11일 08시,목요일,경기도 수원시 영통구 매탄동,경상사고,0,0,1,0,차대사람 - 기타,안전운전불이행,포장 - 건조,맑음,단일로 - 기타,승용,여,44세,상해없음,보행자,남,35세,경상
1415,2021031100100125,2021년 3월 11일 09시,목요일,경기도 가평군 가평읍,중상사고,0,1,0,0,차대사람 - 기타,기타,포장 - 건조,맑음,교차로 - 교차로안,승용,남,69세,상해없음,보행자,남,70세,중상
1416,2021031100100132,2021년 3월 11일 10시,목요일,경기도 평택시 합정동,경상사고,0,0,1,0,차대사람 - 횡단중,신호위반,포장 - 건조,맑음,교차로 - 교차로안,승용,남,63세,상해없음,보행자,남,56세,경상
1417,2021031100100162,2021년 3월 11일 11시,목요일,경기도 성남시 중원구 상대원동,경상사고,0,0,1,0,차대사람 - 기타,안전운전불이행,포장 - 건조,맑음,단일로 - 기타,승용,여,41세,상해없음,보행자,남,78세,경상
1418,2021031100100191,2021년 3월 11일 12시,목요일,경기도 김포시 월곶면,부상신고사고,0,0,0,1,차대사람 - 기타,안전운전불이행,포장 - 건조,맑음,교차로 - 교차로안,건설기계,남,61세,상해없음,보행자,남,62세,부상신고
1419,2021031100100236,2021년 3월 11일 13시,목요일,경기도 의정부시 의정부동,부상신고사고,0,0,0,1,차대사람 - 기타,안전운전불이행,포장 - 건조,맑음,단일로 - 기타,기타불명,기타불명,미분류,기타불명,보행자,남,22세,부상신고
1420,2021031100100248,2021년 3월 11일 14시,목요일,경기도 김포시 통진읍,중상사고,0,1,0,0,차대사람 - 횡단중,안전운전불이행,포장 - 건조,맑음,교차로 - 교차로안,승용,남,73세,상해없음,보행자,여,77세,중상
1421,2021031100100260,2021년 3월 11일 14시,목요일,경기도 의정부시 호원동,중상사고,0,1,0,0,차대사람 - 보도통행중,기타,포장 - 건조,맑음,단일로 - 기타,개인형이동수단(PM),남,24세,상해없음,보행자,여,72세,중상
1422,2021031100100273,2021년 3월 11일 15시,목요일,경기도 김포시 고촌읍,경상사고,0,0,1,0,차대사람 - 차도통행중,안전운전불이행,포장 - 건조,맑음,단일로 - 기타,승용,여,25세,상해없음,보행자,여,57세,경상
1423,2021031100100277,2021년 3월 11일 15시,목요일,경기도 부천시 역곡동,부상신고사고,0,0,0,1,차대사람 - 보도통행중,기타,포장 - 건조,맑음,기타 - 기타,기타불명,기타불명,미분류,기타불명,보행자,남,70세,부상신고
1424,2021031100100280,2021년 3월 11일 15시,목요일,경기도 군포시 당정동,경상사고,0,0,1,0,차대사람 - 기타,보행자보호의무위반,포장 - 건조,맑음,교차로 - 교차로부근,승합,남,50세,상해없음,보행자,여,19세,경상
1425,2021031100100281,2021년 3월 11일 15시,목요일,경기도 성남시 중원구 상대원동,경상사고,0,0,1,0,차대사람 - 기타,안전운전불이행,포장 - 건조,맑음,단일로 - 기타,승용,남,68세,상해없음,보행자,남,40세,경상
1426,2021031100100313,2021년 3월 11일 16시,목요일,경기도 안성시 공도읍,경상사고,0,0,1,0,차대사람 - 기타,안전운전불이행,포장 - 건조,맑음,기타 - 기타,승용,여,40세,상해없음,보행자,남,60세,경상
1427,2021031100100314,2021년 3월 11일 16시,목요일,경기도 안성시 석정동,중상사고,0,2,0,0,차대사람 - 기타,안전운전불이행,포장 - 건조,맑음,단일로 - 기타,승용,남,60세,상해없음,보행자,남,78세,중상
1428,2021031100100315,2021년 3월 11일 16시,목요일,경기도 오산시 원동,경상사고,0,0,1,0,차대사람 - 기타,안전운전불이행,포장 - 건조,맑음,단일로 - 기타,승용,남,36세,상해없음,보행자,남,45세,경상
1429,2021031100100347,2021년 3월 11일 17시,목요일,경기도 수원시 영통구 이의동,부상신고사고,0,0,0,1,차대사람 - 보도통행중,기타,포장 - 건조,맑음,단일로 - 기타,자전거,남,33세,상해없음,보행자,남,1세,부상신고
1430,2021031100100350,2021년 3월 11일 17시,목요일,경기도 안양시 만안구 안양동,경상사고,0,0,1,0,차대사람 - 보도통행중,안전운전불이행,포장 - 건조,맑음,단일로 - 기타,자전거,남,58세,상해없음,보행자,여,24세,경상
1431,2021031100100370,2021년 3월 11일 17시,목요일,경기도 의정부시 가능동,경상사고,0,0,1,0,차대사람 - 기타,안전운전불이행,포장 - 기타,기타,기타 - 기타,화물,남,60세,상해없음,보행자,여,55세,경상
1432,2021031100100423,2021년 3월 11일 19시,목요일,경기도 김포시 북변동,경상사고,0,0,1,0,차대사람 - 기타,안전운전불이행,포장 - 기타,맑음,단일로 - 기타,승용,남,60세,상해없음,보행자,남,33세,경상
1433,2021031100100424,2021년 3월 11일 19시,목요일,경기도 광명시 광명동,경상사고,0,0,1,0,차대사람 - 기타,교차로운행방법위반,포장 - 건조,맑음,교차로 - 교차로안,승용,남,67세,상해없음,보행자,남,63세,경상
1434,2021031100100425,2021년 3월 11일 19시,목요일,경기도 군포시 당동,경상사고,0,0,1,0,차대사람 - 기타,안전운전불이행,포장 - 건조,맑음,단일로 - 기타,승용,남,36세,상해없음,보행자,남,21세,경상
1435,2021031100100519,2021년 3월 11일 22시,목요일,경기도 수원시 팔달구 팔달로2가,중상사고,0,1,0,0,차대사람 - 횡단중,안전운전불이행,포장 - 건조,맑음,단일로 - 기타,이륜,남,40세,상해없음,보행자,남,55세,중상
1436,2021031100100521,2021년 3월 11일 22시,목요일,경기도 용인시 기흥구 신갈동,경상사고,0,0,1,0,차대사람 - 횡단중,안전운전불이행,포장 - 건조,맑음,단일로 - 기타,이륜,남,17세,상해없음,보행자,남,53세,경상
1437,2021031100100541,2021년 3월 11일 22시,목요일,경기도 고양시 일산동구 백석동,중상사고,0,1,0,0,차대사람 - 횡단중,안전운전불이행,포장 - 건조,맑음,교차로 - 교차로횡단보도내,승용,남,51세,상해없음,보행자,여,31세,중상
1438,2021031100100543,2021년 3월 11일 22시,목요일,경기도 남양주시 오남읍,경상사고,0,0,1,0,차대사람 - 기타,안전운전불이행,포장 - 건조,맑음,단일로 - 기타,승용,남,26세,상해없음,보행자,남,49세,경상
1439,2021031200100044,2021년 3월 12일 07시,금요일,경기도 안산시 상록구 본오동,중상사고,0,1,0,0,차대사람 - 횡단중,신호위반,포장 - 건조,맑음,교차로 - 교차로횡단보도내,승합,남,63세,상해없음,보행자,여,59세,중상
1440,2021031200100064,2021년 3월 12일 08시,금요일,경기도 오산시 오산동,경상사고,0,0,2,0,차대사람 - 횡단중,보행자보호의무위반,포장 - 건조,맑음,교차로 - 교차로부근,승용,여,30세,상해없음,보행자,여,9세,경상
1441,2021031200100116,2021년 3월 12일 10시,금요일,경기도 하남시 풍산동,경상사고,0,0,1,0,차대사람 - 기타,안전운전불이행,포장 - 건조,맑음,단일로 - 기타,승합,남,40세,상해없음,보행자,남,59세,경상
1442,2021031200100147,2021년 3월 12일 11시,금요일,경기도 이천시 창전동,경상사고,0,0,1,0,차대사람 - 차도통행중,안전운전불이행,포장 - 건조,맑음,교차로 - 교차로안,승용,여,54세,상해없음,보행자,여,76세,경상
1443,2021031200100246,2021년 3월 12일 14시,금요일,경기도 화성시 병점동,사망사고,1,0,0,0,차대사람 - 횡단중,안전운전불이행,포장 - 젖음/습기,비,교차로 - 교차로횡단보도내,화물,남,61세,상해없음,보행자,여,61세,사망
1444,2021031200100322,2021년 3월 12일 16시,금요일,경기도 부천시 원미동,경상사고,0,0,1,0,차대사람 - 기타,안전운전불이행,포장 - 건조,맑음,단일로 - 기타,승용,여,43세,상해없음,보행자,남,79세,경상
1445,2021031200100323,2021년 3월 12일 16시,금요일,경기도 수원시 팔달구 인계동,경상사고,0,0,1,0,차대사람 - 기타,보행자보호의무위반,포장 - 기타,흐림,단일로 - 기타,기타불명,기타불명,미분류,기타불명,보행자,여,22세,경상
1446,2021031200100365,2021년 3월 12일 17시,금요일,경기도 평택시 평택동,중상사고,0,1,0,0,차대사람 - 기타,안전운전불이행,포장 - 젖음/습기,비,단일로 - 기타,승용,남,22세,상해없음,보행자,여,67세,중상
1447,2021031200100369,2021년 3월 12일 17시,금요일,경기도 김포시 북변동,중상사고,0,1,0,0,차대사람 - 횡단중,보행자보호의무위반,포장 - 건조,맑음,교차로 - 교차로횡단보도내,승용,남,49세,상해없음,보행자,남,68세,중상
1448,2021031200100407,2021년 3월 12일 18시,금요일,경기도 하남시 망월동,중상사고,0,1,0,0,차대사람 - 횡단중,신호위반,포장 - 건조,맑음,교차로 - 교차로안,화물,남,43세,상해없음,보행자,여,50세,중상
1449,2021031200100450,2021년 3월 12일 19시,금요일,경기도 평택시 신장동,경상사고,0,0,1,0,차대사람 - 기타,보행자보호의무위반,포장 - 건조,맑음,교차로 - 교차로안,승용,남,39세,상해없음,보행자,여,21세,경상
1450,2021031200100456,2021년 3월 12일 19시,금요일,경기도 양평군 양평읍,경상사고,0,0,1,0,차대사람 - 보도통행중,보행자보호의무위반,포장 - 건조,맑음,교차로 - 교차로횡단보도내,승용,여,47세,상해없음,보행자,남,48세,경상
1451,2021031200100488,2021년 3월 12일 19시,금요일,경기도 고양시 덕양구 지축동,사망사고,1,0,0,0,차대사람 - 기타,안전운전불이행,포장 - 건조,맑음,교차로 - 교차로안,승용,여,24세,상해없음,보행자,남,72세,사망
1452,2021031200100511,2021년 3월 12일 20시,금요일,경기도 성남시 중원구 성남동,부상신고사고,0,0,0,1,차대사람 - 기타,안전운전불이행,포장 - 건조,기타,단일로 - 기타,승용,남,53세,상해없음,보행자,여,25세,부상신고
1453,2021031200100548,2021년 3월 12일 21시,금요일,경기도 수원시 권선구 오목천동,사망사고,1,0,0,0,차대사람 - 기타,안전운전불이행,포장 - 건조,맑음,교차로 - 교차로부근,승용,남,66세,상해없음,보행자,남,54세,사망
1454,2021031200100575,2021년 3월 12일 22시,금요일,경기도 광주시 오포읍,경상사고,0,0,1,0,차대사람 - 기타,안전운전불이행,포장 - 건조,맑음,기타 - 기타,승합,남,63세,상해없음,보행자,남,62세,경상
1455,2021031200100598,2021년 3월 12일 22시,금요일,경기도 포천시 소흘읍,중상사고,0,1,0,0,차대사람 - 횡단중,신호위반,포장 - 건조,맑음,단일로 - 기타,이륜,남,17세,상해없음,보행자,남,20세,중상
1456,2021031300100003,2021년 3월 13일 00시,토요일,경기도 성남시 수정구 태평동,부상신고사고,0,0,0,1,차대사람 - 기타,안전운전불이행,포장 - 건조,흐림,기타 - 기타,기타불명,기타불명,미분류,기타불명,보행자,남,29세,부상신고
1457,2021031300100024,2021년 3월 13일 01시,토요일,경기도 의정부시 가능동,사망사고,1,0,0,0,차대사람 - 횡단중,안전운전불이행,포장 - 건조,맑음,단일로 - 기타,승용,남,40세,상해없음,보행자,남,26세,사망
1458,2021031300100027,2021년 3월 13일 02시,토요일,경기도 시흥시 정왕동,사망사고,1,0,0,0,차대사람 - 횡단중,과속,포장 - 건조,맑음,교차로 - 교차로횡단보도내,승용,남,19세,상해없음,보행자,남,36세,사망
1459,2021031300100040,2021년 3월 13일 05시,토요일,경기도 용인시 처인구 포곡읍,경상사고,0,0,1,0,차대사람 - 횡단중,신호위반,포장 - 건조,맑음,교차로 - 교차로안,승용,여,57세,상해없음,보행자,여,13세,경상
1460,2021031300100042,2021년 3월 13일 05시,토요일,경기도 수원시 팔달구 인계동,경상사고,0,0,1,0,차대사람 - 차도통행중,안전운전불이행,포장 - 건조,맑음,교차로 - 교차로안,승용,남,24세,상해없음,보행자,남,36세,경상
1461,2021031300100047,2021년 3월 13일 06시,토요일,경기도 수원시 장안구 연무동,중상사고,0,1,0,0,차대사람 - 횡단중,안전운전불이행,포장 - 건조,맑음,단일로 - 기타,승용,남,73세,상해없음,보행자,남,75세,중상
1462,2021031300100134,2021년 3월 13일 10시,토요일,경기도 남양주시 와부읍,중상사고,0,1,0,0,차대사람 - 횡단중,안전운전불이행,포장 - 건조,맑음,단일로 - 기타,자전거,남,45세,상해없음,보행자,남,6세,중상
1463,2021031300100145,2021년 3월 13일 11시,토요일,경기도 안양시 동안구 호계동,중상사고,0,1,0,0,차대사람 - 차도통행중,기타,포장 - 건조,맑음,단일로 - 기타,승용,남,62세,상해없음,보행자,여,48세,중상
1464,2021031300100147,2021년 3월 13일 11시,토요일,경기도 의왕시 오전동,경상사고,0,0,1,0,차대사람 - 기타,안전운전불이행,포장 - 건조,맑음,기타 - 기타,화물,남,61세,상해없음,보행자,남,54세,경상
1465,2021031300100184,2021년 3월 13일 12시,토요일,경기도 성남시 수정구 수진동,경상사고,0,0,1,0,차대사람 - 기타,안전운전불이행,포장 - 건조,맑음,단일로 - 기타,화물,남,54세,상해없음,보행자,남,27세,경상
1466,2021031300100187,2021년 3월 13일 12시,토요일,경기도 부천시 심곡동,경상사고,0,0,2,0,차대사람 - 기타,안전운전불이행,포장 - 건조,맑음,단일로 - 기타,승용,남,36세,경상,보행자,남,28세,경상
1467,2021031300100191,2021년 3월 13일 12시,토요일,경기도 화성시 장지동,경상사고,0,0,1,0,차대사람 - 차도통행중,안전운전불이행,포장 - 건조,맑음,교차로 - 교차로부근,승용,남,52세,상해없음,보행자,여,20세,경상
1468,2021031300100232,2021년 3월 13일 13시,토요일,경기도 성남시 수정구 창곡동,중상사고,0,1,0,0,차대사람 - 횡단중,신호위반,포장 - 건조,맑음,교차로 - 교차로횡단보도내,이륜,남,46세,상해없음,보행자,남,49세,중상
1469,2021031300100254,2021년 3월 13일 13시,토요일,경기도 의정부시 의정부동,경상사고,0,0,1,0,차대사람 - 기타,기타,포장 - 건조,맑음,단일로 - 기타,자전거,남,72세,상해없음,보행자,남,51세,경상
1470,2021031300100301,2021년 3월 13일 15시,토요일,경기도 부천시 중동,중상사고,0,1,0,0,차대사람 - 기타,신호위반,포장 - 건조,맑음,단일로 - 기타,승용,남,61세,상해없음,보행자,여,44세,중상
1471,2021031300100362,2021년 3월 13일 17시,토요일,경기도 평택시 동삭동,경상사고,0,0,1,0,차대사람 - 기타,보행자보호의무위반,포장 - 건조,맑음,단일로 - 기타,승용,남,59세,상해없음,보행자,남,43세,경상
1472,2021031300100397,2021년 3월 13일 18시,토요일,경기도 부천시 상동,경상사고,0,0,1,0,차대사람 - 기타,기타,포장 - 건조,맑음,기타 - 기타,자전거,남,51세,상해없음,보행자,여,25세,경상
1473,2021031300100422,2021년 3월 13일 18시,토요일,경기도 의정부시 신곡동,경상사고,0,0,1,0,차대사람 - 횡단중,신호위반,포장 - 건조,맑음,교차로 - 교차로부근,이륜,남,17세,상해없음,보행자,남,18세,경상
1474,2021031300100430,2021년 3월 13일 19시,토요일,경기도 안양시 동안구 관양동,경상사고,0,0,1,0,차대사람 - 차도통행중,안전운전불이행,포장 - 건조,맑음,단일로 - 기타,승용,남,67세,상해없음,보행자,남,32세,경상
1475,2021031300100431,2021년 3월 13일 19시,토요일,경기도 광주시 삼동,중상사고,0,1,0,0,차대사람 - 기타,안전운전불이행,포장 - 건조,맑음,교차로 - 교차로부근,승용,남,49세,상해없음,보행자,여,53세,중상
1476,2021031300100434,2021년 3월 13일 19시,토요일,경기도 광명시 광명동,중상사고,0,1,0,0,차대사람 - 차도통행중,안전운전불이행,포장 - 건조,맑음,단일로 - 기타,승용,남,60세,상해없음,보행자,남,69세,중상
1477,2021031300100482,2021년 3월 13일 20시,토요일,경기도 구리시 수택동,경상사고,0,0,1,0,차대사람 - 차도통행중,안전운전불이행,포장 - 건조,맑음,단일로 - 기타,승용,남,72세,상해없음,보행자,여,32세,경상
1478,2021031300100490,2021년 3월 13일 21시,토요일,경기도 성남시 수정구 신흥동,중상사고,0,1,0,0,차대사람 - 기타,안전운전불이행,포장 - 건조,맑음,단일로 - 기타,승용,남,39세,상해없음,보행자,남,22세,중상