,사고번호,사고일시,요일,시군구,사고내용,사망자수,중상자수,경상자수,부상신고자수,사고유형,법규위반,노면상태,기상상태,도로형태,가해운전자 차종,가해운전자 성별,가해운전자 연령,가해운전자 상해정도,피해운전자 차종,피해운전자 성별,피해운전자 연령,피해운전자 상해정도
1591,2021031900100240,2021년 3월 19일 13시,금요일,경기도 광명시 하안동,경상사고,0,0,1,0,차대사람 - 길가장자리구역통행중,안전운전불이행,포장 - 건조,맑음,교차로 - 교차로부근,승용,여,46세,상해없음,보행자,여,72세,경상
1592,2021031900100243,2021년 3월 19일 13시,금요일,경기도 성남시 분당구 율동,부상신고사고,0,0,0,1,차대사람 - 기타,안전운전불이행,포장 - 건조,맑음,기타 - 기타,승합,남,54세,상해없음,보행자,여,64세,부상신고
1593,2021031900100265,2021년 3월 19일 13시,금요일,경기도 파주시 문산읍,경상사고,0,0,1,0,차대사람 - 기타,안전운전불이행,포장 - 건조,맑음,단일로 - 지하차도(도로)내,승합,남,73세,상해없음,보행자,남,80세,경상
1594,2021031900100315,2021년 3월 19일 15시,금요일,경기도 부천시 오정동,중상사고,0,1,0,0,차대사람 - 기타,안전운전불이행,포장 - 건조,맑음,단일로 - 기타,화물,남,65세,상해없음,보행자,남,7세,중상
1595,2021031900100405,2021년 3월 19일 17시,금요일,경기도 부천시 약대동,경상사고,0,0,1,0,차대사람 - 길가장자리구역통행중,안전운전불이행,포장 - 건조,맑음,단일로 - 기타,승용,여,58세,상해없음,보행자,여,62세,경상
1596,2021031900100407,2021년 3월 19일 17시,금요일,경기도 수원시 팔달구 매산로1가,경상사고,0,0,1,0,차대사람 - 기타,안전운전불이행,포장 - 건조,맑음,단일로 - 기타,승합,남,66세,상해없음,보행자,여,27세,경상
1597,2021031900100411,2021년 3월 19일 17시,금요일,경기도 용인시 수지구 상현동,중상사고,0,1,0,0,차대사람 - 기타,신호위반,포장 - 건조,맑음,단일로 - 기타,승용,남,51세,상해없음,보행자,여,29세,중상
1598,2021031900100542,2021년 3월 19일 20시,금요일,경기도 안양시 동안구 평촌동,경상사고,0,0,1,0,차대사람 - 기타,불법유턴,포장 - 건조,맑음,단일로 - 기타,승용,여,51세,상해없음,보행자,남,52세,경상
1599,2021031900100548,2021년 3월 19일 20시,금요일,경기도 수원시 팔달구 매산로1가,경상사고,0,0,1,0,차대사람 - 기타,신호위반,포장 - 건조,맑음,교차로 - 교차로안,승용,남,75세,상해없음,보행자,남,39세,경상
1600,2021031900100579,2021년 3월 19일 21시,금요일,경기도 김포시 구래동,경상사고,0,0,1,0,차대사람 - 횡단중,보행자보호의무위반,포장 - 건조,맑음,교차로 - 교차로횡단보도내,승용,남,27세,상해없음,보행자,여,25세,경상
1601,2021031900100585,2021년 3월 19일 21시,금요일,경기도 수원시 팔달구 인계동,경상사고,0,0,1,0,차대사람 - 보도통행중,안전운전불이행,포장 - 건조,맑음,기타 - 기타,승용,남,27세,상해없음,보행자,남,23세,경상
1602,2021031900100600,2021년 3월 19일 21시,금요일,경기도 남양주시 오남읍,중상사고,0,1,0,0,차대사람 - 횡단중,신호위반,포장 - 건조,맑음,단일로 - 기타,이륜,남,20세,상해없음,보행자,여,43세,중상
1603,2021031900100612,2021년 3월 19일 22시,금요일,경기도 용인시 처인구 삼가동,중상사고,0,1,0,0,차대사람 - 보도통행중,신호위반,포장 - 건조,맑음,단일로 - 기타,승용,남,37세,상해없음,보행자,여,21세,중상
1604,2021031900100616,2021년 3월 19일 22시,금요일,경기도 시흥시 대야동,중상사고,0,1,0,0,차대사람 - 횡단중,안전운전불이행,포장 - 건조,맑음,단일로 - 기타,이륜,남,35세,상해없음,보행자,여,55세,중상
1605,2021031900100619,2021년 3월 19일 22시,금요일,경기도 용인시 수지구 죽전동,중상사고,0,1,0,0,차대사람 - 횡단중,보행자보호의무위반,포장 - 건조,맑음,교차로 - 교차로안,승용,남,39세,상해없음,보행자,남,13세,중상
1606,2021031900100640,2021년 3월 19일 22시,금요일,경기도 파주시 와동동,경상사고,0,0,1,0,차대사람 - 기타,안전거리미확보,포장 - 건조,맑음,기타 - 기타,승용,남,56세,상해없음,보행자,남,50세,경상
1607,2021031900100648,2021년 3월 19일 23시,금요일,경기도 안산시 단원구 고잔동,경상사고,0,0,1,0,차대사람 - 횡단중,안전운전불이행,포장 - 건조,맑음,교차로 - 교차로횡단보도내,승용,여,54세,상해없음,보행자,남,50세,경상
1608,2021032000100032,2021년 3월 20일 05시,토요일,경기도 안성시 삼죽면,중상사고,0,1,0,0,차대사람 - 길가장자리구역통행중,안전운전불이행,포장 - 건조,맑음,단일로 - 기타,승용,남,48세,상해없음,보행자,남,67세,중상
1609,2021032000100089,2021년 3월 20일 09시,토요일,경기도 남양주시 와부읍,경상사고,0,0,1,0,차대사람 - 길가장자리구역통행중,중앙선침범,포장 - 건조,맑음,단일로 - 기타,승용,남,57세,상해없음,보행자,남,68세,경상
1610,2021032000100095,2021년 3월 20일 10시,토요일,경기도 안산시 상록구 월피동,경상사고,0,0,1,0,차대사람 - 기타,안전운전불이행,포장 - 젖음/습기,흐림,단일로 - 기타,승합,남,48세,상해없음,보행자,여,24세,경상
1611,2021032000100118,2021년 3월 20일 11시,토요일,경기도 부천시 상동,중상사고,0,1,0,0,차대사람 - 횡단중,중앙선침범,포장 - 젖음/습기,비,단일로 - 기타,승용,남,61세,상해없음,보행자,여,78세,중상
1612,2021032000100140,2021년 3월 20일 11시,토요일,경기도 파주시 문산읍,경상사고,0,0,1,0,차대사람 - 횡단중,안전운전불이행,포장 - 젖음/습기,비,교차로 - 교차로부근,승합,여,63세,상해없음,보행자,여,31세,경상
1613,2021032000100141,2021년 3월 20일 11시,토요일,경기도 양주시 덕정동,경상사고,0,0,1,0,차대사람 - 보도통행중,기타,포장 - 젖음/습기,비,기타 - 기타,승용,남,55세,상해없음,보행자,여,30세,경상
1614,2021032000100143,2021년 3월 20일 11시,토요일,경기도 포천시 소흘읍,경상사고,0,0,1,0,차대사람 - 기타,안전운전불이행,포장 - 젖음/습기,비,단일로 - 기타,승용,여,61세,상해없음,보행자,여,66세,경상
1615,2021032000100144,2021년 3월 20일 11시,토요일,경기도 가평군 청평면,중상사고,0,1,0,0,차대사람 - 차도통행중,안전운전불이행,포장 - 건조,맑음,교차로 - 교차로부근,승용,남,62세,상해없음,보행자,여,76세,중상
1616,2021032000100157,2021년 3월 20일 12시,토요일,경기도 부천시 중동,중상사고,0,1,0,0,차대사람 - 기타,안전운전불이행,포장 - 젖음/습기,비,교차로 - 교차로안,승용,여,29세,상해없음,보행자,남,45세,중상
1617,2021032000100310,2021년 3월 20일 16시,토요일,경기도 남양주시 와부읍,중상사고,0,1,0,0,차대사람 - 횡단중,중앙선침범,포장 - 건조,맑음,단일로 - 기타,화물,남,52세,상해없음,보행자,여,49세,중상
1618,2021032000100355,2021년 3월 20일 18시,토요일,경기도 광주시 탄벌동,경상사고,0,0,1,0,차대사람 - 차도통행중,안전운전불이행,포장 - 건조,맑음,단일로 - 기타,승용,남,45세,상해없음,보행자,남,22세,경상
1619,2021032000100358,2021년 3월 20일 18시,토요일,경기도 하남시 덕풍동,경상사고,0,0,1,0,차대사람 - 차도통행중,안전운전불이행,포장 - 건조,맑음,단일로 - 기타,화물,남,50세,상해없음,보행자,여,48세,경상
1620,2021032000100377,2021년 3월 20일 18시,토요일,경기도 구리시 인창동,중상사고,0,1,0,0,차대사람 - 횡단중,보행자보호의무위반,포장 - 젖음/습기,비,교차로 - 교차로안,승용,여,63세,상해없음,보행자,남,54세,중상
1621,2021032000100387,2021년 3월 20일 19시,토요일,경기도 용인시 처인구 백암면,중상사고,0,1,0,0,차대사람 - 기타,안전운전불이행,포장 - 건조,맑음,단일로 - 기타,승용,여,67세,상해없음,보행자,여,73세,중상
1622,2021032000100412,2021년 3월 20일 19시,토요일,경기도 양주시 삼숭동,중상사고,0,1,0,0,차대사람 - 횡단중,신호위반,포장 - 젖음/습기,비,교차로 - 교차로부근,이륜,남,37세,상해없음,보행자,남,75세,중상
1623,2021032000100428,2021년 3월 20일 20시,토요일,경기도 성남시 분당구 야탑동,중상사고,0,1,0,0,차대사람 - 횡단중,안전운전불이행,포장 - 젖음/습기,비,교차로 - 교차로횡단보도내,승용,남,61세,상해없음,보행자,남,59세,중상
1624,2021032000100458,2021년 3월 20일 21시,토요일,경기도 안양시 만안구 박달동,경상사고,0,0,1,0,차대사람 - 기타,안전운전불이행,포장 - 젖음/습기,비,기타 - 기타,승용,남,51세,기타불명,보행자,남,40세,경상
1625,2021032000100468,2021년 3월 20일 21시,토요일,경기도 구리시 수택동,경상사고,0,0,1,0,차대사람 - 기타,안전운전불이행,포장 - 건조,맑음,단일로 - 기타,승용,남,47세,상해없음,보행자,남,35세,경상
1626,2021032000100486,2021년 3월 20일 22시,토요일,경기도 광주시 오포읍,경상사고,0,0,1,0,차대사람 - 보도통행중,안전운전불이행,포장 - 젖음/습기,맑음,단일로 - 기타,승용,여,40세,상해없음,보행자,남,44세,경상
1627,2021032000100490,2021년 3월 20일 22시,토요일,경기도 성남시 분당구 서현동,경상사고,0,0,1,0,차대사람 - 기타,안전운전불이행,포장 - 젖음/습기,비,기타 - 기타,승용,여,25세,상해없음,보행자,여,56세,경상
1628,2021032000100506,2021년 3월 20일 22시,토요일,경기도 고양시 덕양구 동산동,경상사고,0,0,1,0,차대사람 - 기타,안전운전불이행,포장 - 건조,맑음,단일로 - 기타,승용,남,20세,상해없음,보행자,남,39세,경상
1629,2021032100100045,2021년 3월 21일 06시,일요일,경기도 평택시 세교동,경상사고,0,0,1,0,차대사람 - 기타,기타,포장 - 건조,맑음,단일로 - 기타,승합,남,48세,상해없음,보행자,여,47세,경상
1630,2021032100100080,2021년 3월 21일 10시,일요일,경기도 수원시 팔달구 고등동,경상사고,0,0,1,0,차대사람 - 기타,기타,포장 - 건조,맑음,교차로 - 교차로부근,승용,여,52세,상해없음,보행자,남,64세,경상
1631,2021032100100093,2021년 3월 21일 11시,일요일,경기도 수원시 팔달구 매산로1가,경상사고,0,0,1,0,차대사람 - 차도통행중,안전운전불이행,포장 - 건조,맑음,단일로 - 기타,승합,남,57세,기타불명,보행자,남,50세,경상
1632,2021032100100204,2021년 3월 21일 15시,일요일,경기도 안성시 동본동,중상사고,0,1,0,0,차대사람 - 기타,안전운전불이행,포장 - 건조,맑음,교차로 - 교차로부근,승용,여,23세,상해없음,보행자,남,62세,중상
1633,2021032100100243,2021년 3월 21일 16시,일요일,경기도 시흥시 정왕동,경상사고,0,0,1,0,차대사람 - 길가장자리구역통행중,안전운전불이행,포장 - 건조,맑음,교차로 - 교차로부근,승용,남,24세,상해없음,보행자,남,45세,경상
1634,2021032100100333,2021년 3월 21일 19시,일요일,경기도 용인시 처인구 유방동,중상사고,0,1,0,0,차대사람 - 횡단중,보행자보호의무위반,포장 - 건조,맑음,단일로 - 기타,승용,여,34세,상해없음,보행자,여,51세,중상
1635,2021032100100431,2021년 3월 21일 23시,일요일,경기도 고양시 덕양구 주교동,경상사고,0,0,1,0,차대사람 - 길가장자리구역통행중,안전운전불이행,포장 - 건조,맑음,단일로 - 기타,승용,여,53세,상해없음,보행자,남,43세,경상
1636,2021032200100013,2021년 3월 22일 02시,월요일,경기도 수원시 권선구 고색동,경상사고,0,0,1,0,차대사람 - 기타,안전운전불이행,포장 - 건조,맑음,기타 - 기타,승용,남,52세,상해없음,보행자,여,37세,경상
1637,2021032200100040,2021년 3월 22일 07시,월요일,경기도 과천시 중앙동,중상사고,0,1,0,0,차대사람 - 횡단중,보행자보호의무위반,포장 - 건조,맑음,단일로 - 기타,화물,남,77세,상해없음,보행자,남,48세,중상
1638,2021032200100111,2021년 3월 22일 08시,월요일,경기도 고양시 일산동구 풍동,경상사고,0,0,1,0,차대사람 - 횡단중,안전운전불이행,포장 - 건조,맑음,단일로 - 기타,기타불명,기타불명,미분류,기타불명,보행자,여,62세,경상
1639,2021032200100120,2021년 3월 22일 09시,월요일,경기도 광주시 역동,경상사고,0,0,1,0,차대사람 - 차도통행중,안전운전불이행,포장 - 건조,맑음,기타 - 기타,승합,남,66세,상해없음,보행자,여,79세,경상
1640,2021032200100174,2021년 3월 22일 11시,월요일,경기도 수원시 팔달구 화서동,경상사고,0,0,1,0,차대사람 - 횡단중,안전운전불이행,포장 - 건조,맑음,교차로 - 교차로안,이륜,남,29세,상해없음,보행자,남,35세,경상
1641,2021032200100175,2021년 3월 22일 11시,월요일,경기도 수원시 장안구 조원동,경상사고,0,0,1,0,차대사람 - 보도통행중,기타,포장 - 건조,맑음,교차로 - 교차로부근,개인형이동수단(PM),남,17세,상해없음,보행자,남,47세,경상
1642,2021032200100176,2021년 3월 22일 11시,월요일,경기도 수원시 장안구 파장동,경상사고,0,0,1,0,차대사람 - 기타,안전운전불이행,포장 - 건조,맑음,단일로 - 기타,승용,여,66세,기타불명,보행자,여,27세,경상
1643,2021032200100181,2021년 3월 22일 11시,월요일,경기도 안산시 상록구 성포동,경상사고,0,0,1,0,차대사람 - 기타,안전운전불이행,포장 - 건조,기타,단일로 - 기타,자전거,남,20세,상해없음,보행자,여,51세,경상
1644,2021032200100228,2021년 3월 22일 12시,월요일,경기도 동두천시 생연동,중상사고,0,1,0,0,차대사람 - 횡단중,안전운전불이행,포장 - 건조,맑음,단일로 - 기타,화물,남,62세,상해없음,보행자,여,50세,중상
1645,2021032200100273,2021년 3월 22일 14시,월요일,경기도 성남시 수정구 수진동,경상사고,0,0,1,0,차대사람 - 기타,안전운전불이행,포장 - 건조,맑음,단일로 - 기타,승용,남,63세,상해없음,보행자,여,73세,경상
1646,2021032200100277,2021년 3월 22일 14시,월요일,경기도 김포시 구래동,경상사고,0,0,1,0,차대사람 - 기타,보행자보호의무위반,포장 - 건조,맑음,기타 - 기타,화물,남,67세,상해없음,보행자,남,85세,경상
1647,2021032200100353,2021년 3월 22일 16시,월요일,경기도 광명시 광명동,중상사고,0,1,0,0,차대사람 - 차도통행중,안전운전불이행,포장 - 건조,맑음,단일로 - 기타,이륜,남,21세,상해없음,보행자,남,58세,중상
1648,2021032200100396,2021년 3월 22일 17시,월요일,경기도 성남시 중원구 금광동,경상사고,0,0,1,0,차대사람 - 길가장자리구역통행중,안전운전불이행,포장 - 건조,맑음,단일로 - 기타,승용,남,28세,상해없음,보행자,남,20세,경상
1649,2021032200100433,2021년 3월 22일 18시,월요일,경기도 용인시 처인구 백암면,경상사고,0,0,1,0,차대사람 - 횡단중,안전운전불이행,포장 - 건조,맑음,교차로 - 교차로부근,승합,남,46세,상해없음,보행자,여,77세,경상
1650,2021032200100436,2021년 3월 22일 18시,월요일,경기도 수원시 권선구 세류동,중상사고,0,1,0,0,차대사람 - 횡단중,안전운전불이행,포장 - 건조,맑음,단일로 - 기타,승합,남,60세,상해없음,보행자,여,55세,중상
1651,2021032200100503,2021년 3월 22일 20시,월요일,경기도 수원시 장안구 정자동,중상사고,0,1,0,0,차대사람 - 횡단중,안전운전불이행,포장 - 건조,맑음,교차로 - 교차로안,승용,남,49세,기타불명,보행자,여,79세,중상
1652,2021032200100506,2021년 3월 22일 20시,월요일,경기도 여주시 가남읍,중상사고,0,1,0,0,차대사람 - 차도통행중,안전운전불이행,포장 - 건조,맑음,단일로 - 기타,화물,남,60세,상해없음,보행자,남,22세,중상
1653,2021032200100509,2021년 3월 22일 20시,월요일,경기도 하남시 풍산동,경상사고,0,0,1,0,차대사람 - 기타,안전운전불이행,포장 - 건조,맑음,단일로 - 기타,승용,여,41세,상해없음,보행자,남,56세,경상
1654,2021032200100553,2021년 3월 22일 22시,월요일,경기도 수원시 권선구 권선동,부상신고사고,0,0,0,1,차대사람 - 기타,안전운전불이행,포장 - 건조,맑음,교차로 - 교차로부근,승용,남,39세,상해없음,보행자,남,67세,부상신고
1655,2021032200100568,2021년 3월 22일 22시,월요일,경기도 고양시 덕양구 성사동,경상사고,0,0,1,0,차대사람 - 차도통행중,안전운전불이행,포장 - 건조,맑음,교차로 - 교차로안,승용,여,44세,상해없음,보행자,여,15세,경상
1656,2021032300100100,2021년 3월 23일 09시,화요일,경기도 안산시 단원구 고잔동,중상사고,0,1,0,0,차대사람 - 횡단중,신호위반,포장 - 건조,맑음,교차로 - 교차로횡단보도내,승용,여,54세,상해없음,보행자,여,76세,중상
1657,2021032300100127,2021년 3월 23일 10시,화요일,경기도 수원시 영통구 매탄동,경상사고,0,0,1,0,차대사람 - 횡단중,안전운전불이행,비포장 - 건조,맑음,단일로 - 기타,승합,남,48세,상해없음,보행자,여,58세,경상
1658,2021032300100156,2021년 3월 23일 11시,화요일,경기도 화성시 석우동,중상사고,0,1,0,0,차대사람 - 횡단중,보행자보호의무위반,포장 - 건조,맑음,교차로 - 교차로안,승용,여,33세,상해없음,보행자,여,61세,중상
1659,2021032300100178,2021년 3월 23일 11시,화요일,경기도 고양시 일산서구 주엽동,경상사고,0,0,1,0,차대사람 - 횡단중,보행자보호의무위반,포장 - 건조,맑음,교차로 - 교차로횡단보도내,화물,남,38세,상해없음,보행자,남,46세,경상
1660,2021032300100185,2021년 3월 23일 12시,화요일,경기도 이천시 창전동,중상사고,0,1,0,0,차대사람 - 횡단중,보행자보호의무위반,포장 - 건조,맑음,교차로 - 교차로부근,이륜,남,30세,기타불명,보행자,여,74세,중상
1661,2021032300100186,2021년 3월 23일 12시,화요일,경기도 부천시 심곡본동,경상사고,0,0,1,0,차대사람 - 기타,안전운전불이행,포장 - 건조,맑음,기타 - 기타,화물,남,64세,상해없음,보행자,남,65세,경상
1662,2021032300100187,2021년 3월 23일 12시,화요일,경기도 안산시 상록구 본오동,중상사고,0,1,0,0,차대사람 - 차도통행중,안전운전불이행,포장 - 건조,맑음,교차로 - 교차로횡단보도내,화물,남,62세,상해없음,보행자,여,48세,중상
1663,2021032300100218,2021년 3월 23일 13시,화요일,경기도 성남시 분당구 야탑동,경상사고,0,0,1,0,차대사람 - 횡단중,안전운전불이행,포장 - 건조,맑음,교차로 - 교차로부근,승용,여,53세,상해없음,보행자,여,79세,경상
1664,2021032300100243,2021년 3월 23일 13시,화요일,경기도 포천시 소흘읍,경상사고,0,0,1,0,차대사람 - 보도통행중,기타,포장 - 건조,맑음,기타 - 기타,화물,남,61세,상해없음,보행자,남,12세,경상
1665,2021032300100295,2021년 3월 23일 15시,화요일,경기도 평택시 서정동,경상사고,0,0,1,0,차대사람 - 기타,기타,비포장 - 건조,맑음,교차로 - 교차로부근,승용,남,50세,상해없음,보행자,여,32세,경상
1666,2021032300100296,2021년 3월 23일 15시,화요일,경기도 광주시 오포읍,경상사고,0,0,1,0,차대사람 - 기타,안전운전불이행,포장 - 건조,맑음,단일로 - 기타,이륜,남,21세,상해없음,보행자,남,30세,경상
1667,2021032300100297,2021년 3월 23일 15시,화요일,경기도 용인시 처인구 마평동,경상사고,0,0,1,0,차대사람 - 횡단중,보행자보호의무위반,포장 - 건조,맑음,교차로 - 교차로안,화물,남,68세,상해없음,보행자,여,72세,경상
1668,2021032300100299,2021년 3월 23일 15시,화요일,경기도 부천시 춘의동,경상사고,0,0,1,0,차대사람 - 횡단중,안전운전불이행,포장 - 건조,맑음,교차로 - 교차로안,승용,남,76세,상해없음,보행자,남,68세,경상
1669,2021032300100301,2021년 3월 23일 15시,화요일,경기도 수원시 권선구 권선동,경상사고,0,0,1,0,차대사람 - 기타,신호위반,포장 - 건조,맑음,교차로 - 교차로안,기타불명,기타불명,미분류,기타불명,보행자,여,28세,경상
1670,2021032300100334,2021년 3월 23일 16시,화요일,경기도 수원시 장안구 율전동,경상사고,0,0,1,0,차대사람 - 횡단중,안전운전불이행,포장 - 건조,맑음,단일로 - 기타,승용,남,54세,상해없음,보행자,여,22세,경상
1671,2021032300100360,2021년 3월 23일 16시,화요일,경기도 남양주시 호평동,경상사고,0,0,1,0,차대사람 - 기타,안전운전불이행,포장 - 건조,맑음,기타 - 기타,이륜,남,53세,상해없음,보행자,남,10세,경상
1672,2021032300100374,2021년 3월 23일 17시,화요일,경기도 평택시 독곡동,경상사고,0,0,1,0,차대사람 - 기타,보행자보호의무위반,포장 - 건조,맑음,교차로 - 교차로부근,승용,여,49세,상해없음,보행자,남,49세,경상
1673,2021032300100375,2021년 3월 23일 17시,화요일,경기도 김포시 걸포동,중상사고,0,1,0,0,차대사람 - 횡단중,신호위반,포장 - 건조,맑음,기타 - 기타,승용,여,47세,상해없음,보행자,여,53세,중상
1674,2021032300100428,2021년 3월 23일 18시,화요일,경기도 화성시 향남읍,경상사고,0,0,1,0,차대사람 - 횡단중,안전운전불이행,포장 - 건조,맑음,단일로 - 기타,승용,여,44세,상해없음,보행자,남,9세,경상
1675,2021032300100463,2021년 3월 23일 19시,화요일,경기도 수원시 팔달구 북수동,경상사고,0,0,1,0,차대사람 - 기타,안전운전불이행,포장 - 건조,맑음,단일로 - 기타,승용,여,28세,상해없음,보행자,남,56세,경상
1676,2021032300100492,2021년 3월 23일 20시,화요일,경기도 용인시 기흥구 신갈동,중상사고,0,1,0,0,차대사람 - 횡단중,안전운전불이행,포장 - 건조,맑음,단일로 - 기타,승용,남,41세,상해없음,보행자,남,74세,중상
1677,2021032300100494,2021년 3월 23일 20시,화요일,경기도 수원시 영통구 매탄동,경상사고,0,0,1,0,차대사람 - 기타,안전운전불이행,포장 - 건조,맑음,단일로 - 기타,승용,남,53세,상해없음,보행자,남,24세,경상
1678,2021032300100509,2021년 3월 23일 20시,화요일,경기도 의정부시 의정부동,중상사고,0,1,0,0,차대사람 - 기타,안전운전불이행,포장 - 건조,맑음,단일로 - 기타,승합,남,59세,상해없음,보행자,여,25세,중상
1679,2021032300100510,2021년 3월 23일 20시,화요일,경기도 고양시 일산동구 풍동,중상사고,0,1,0,0,차대사람 - 기타,안전운전불이행,포장 - 건조,맑음,주차장 - 주차장,승용,남,54세,상해없음,보행자,남,72세,중상
1680,2021032300100518,2021년 3월 23일 21시,화요일,경기도 광주시 도척면,중상사고,0,1,0,0,차대사람 - 기타,안전운전불이행,포장 - 건조,맑음,교차로 - 교차로부근,화물,남,71세,상해없음,보행자,남,75세,중상
1681,2021032300100519,2021년 3월 23일 21시,화요일,경기도 광주시 초월읍,경상사고,0,0,1,0,차대사람 - 기타,안전운전불이행,포장 - 건조,흐림,단일로 - 기타,승용,여,31세,상해없음,보행자,여,16세,경상
1682,2021032300100543,2021년 3월 23일 22시,화요일,경기도 평택시 포승읍,중상사고,0,1,0,0,차대사람 - 기타,신호위반,포장 - 건조,맑음,교차로 - 교차로안,승용,남,40세,상해없음,보행자,남,60세,중상
1683,2021032400100162,2021년 3월 24일 10시,수요일,경기도 성남시 분당구 구미동,중상사고,0,1,0,0,차대사람 - 횡단중,보행자보호의무위반,포장 - 건조,맑음,교차로 - 교차로안,승용,남,68세,상해없음,보행자,남,52세,중상
1684,2021032400100205,2021년 3월 24일 12시,수요일,경기도 성남시 분당구 운중동,경상사고,0,0,1,0,차대사람 - 기타,안전운전불이행,포장 - 건조,맑음,기타 - 기타,승용,여,54세,상해없음,보행자,여,40세,경상
1685,2021032400100222,2021년 3월 24일 12시,수요일,경기도 파주시 월롱면,중상사고,0,1,0,0,차대사람 - 기타,안전운전불이행,포장 - 건조,맑음,단일로 - 기타,건설기계,남,52세,상해없음,보행자,남,44세,중상
1686,2021032400100230,2021년 3월 24일 13시,수요일,경기도 수원시 팔달구 우만동,경상사고,0,0,1,0,차대사람 - 기타,안전운전불이행,포장 - 건조,맑음,단일로 - 기타,승용,여,34세,상해없음,보행자,남,40세,경상
1687,2021032400100252,2021년 3월 24일 13시,수요일,경기도 남양주시 화도읍,경상사고,0,0,1,0,차대사람 - 기타,안전운전불이행,포장 - 건조,맑음,단일로 - 기타,승용,여,53세,상해없음,보행자,여,10세,경상
1688,2021032400100274,2021년 3월 24일 14시,수요일,경기도 부천시 고강동,경상사고,0,0,1,0,차대사람 - 차도통행중,안전운전불이행,포장 - 건조,맑음,단일로 - 기타,승용,남,61세,상해없음,보행자,여,58세,경상
1689,2021032400100275,2021년 3월 24일 14시,수요일,경기도 화성시 반송동,중상사고,0,1,2,0,차대사람 - 횡단중,보행자보호의무위반,포장 - 건조,맑음,교차로 - 교차로안,승용,여,32세,상해없음,보행자,남,7세,중상
1690,2021032400100300,2021년 3월 24일 15시,수요일,경기도 김포시 장기동,경상사고,0,0,1,0,차대사람 - 기타,안전운전불이행,포장 - 건조,맑음,단일로 - 기타,승용,남,32세,상해없음,보행자,남,31세,경상
1691,2021032400100303,2021년 3월 24일 15시,수요일,경기도 시흥시 대야동,경상사고,0,0,1,0,차대사람 - 기타,신호위반,포장 - 건조,맑음,단일로 - 기타,화물,남,59세,상해없음,보행자,남,81세,경상
1692,2021032400100319,2021년 3월 24일 15시,수요일,경기도 의정부시 민락동,중상사고,0,1,0,0,차대사람 - 횡단중,안전운전불이행,포장 - 건조,맑음,교차로 - 교차로안,승합,여,46세,상해없음,보행자,여,6세,중상
1693,2021032400100320,2021년 3월 24일 15시,수요일,경기도 남양주시 와부읍,경상사고,0,0,1,0,차대사람 - 횡단중,안전운전불이행,포장 - 건조,맑음,단일로 - 기타,승용,여,60세,상해없음,보행자,여,65세,경상
1694,2021032400100370,2021년 3월 24일 17시,수요일,경기도 이천시 창전동,중상사고,0,1,0,0,차대사람 - 횡단중,신호위반,포장 - 건조,맑음,교차로 - 교차로횡단보도내,이륜,남,27세,상해없음,보행자,여,25세,중상
1695,2021032400100444,2021년 3월 24일 18시,수요일,경기도 파주시 조리읍,중상사고,0,1,0,0,차대사람 - 횡단중,보행자보호의무위반,포장 - 건조,맑음,교차로 - 교차로안,화물,남,67세,상해없음,보행자,여,73세,중상
1696,2021032400100460,2021년 3월 24일 19시,수요일,경기도 성남시 중원구 상대원동,경상사고,0,0,1,0,차대사람 - 길가장자리구역통행중,안전운전불이행,포장 - 건조,기타,기타 - 기타,화물,남,69세,상해없음,보행자,남,67세,경상
1697,2021032400100462,2021년 3월 24일 19시,수요일,경기도 시흥시 신천동,경상사고,0,0,1,0,차대사람 - 횡단중,안전운전불이행,포장 - 건조,맑음,단일로 - 기타,개인형이동수단(PM),남,16세,상해없음,보행자,여,43세,경상
1698,2021032400100487,2021년 3월 24일 19시,수요일,경기도 파주시 적성면,중상사고,0,1,0,0,차대사람 - 차도통행중,안전운전불이행,포장 - 건조,맑음,단일로 - 기타,승용,여,49세,상해없음,보행자,여,90세,중상
1699,2021032400100513,2021년 3월 24일 21시,수요일,경기도 성남시 수정구 신흥동,중상사고,0,1,0,0,차대사람 - 기타,안전운전불이행,포장 - 건조,맑음,단일로 - 기타,이륜,남,45세,상해없음,보행자,남,65세,중상
1700,2021032400100514,2021년 3월 24일 21시,수요일,경기도 이천시 장호원읍,경상사고,0,0,1,0,차대사람 - 차도통행중,안전운전불이행,포장 - 건조,맑음,교차로 - 교차로안,승용,여,33세,상해없음,보행자,남,40세,경상
1701,2021032400100544,2021년 3월 24일 22시,수요일,경기도 화성시 송산면,중상사고,0,1,0,0,차대사람 - 기타,안전운전불이행,포장 - 건조,맑음,단일로 - 기타,승용,여,54세,상해없음,보행자,남,29세,중상
1702,2021032500100018,2021년 3월 25일 02시,목요일,경기도 광주시 삼동,경상사고,0,0,1,0,차대사람 - 기타,안전운전불이행,포장 - 건조,맑음,단일로 - 기타,특수,남,27세,상해없음,보행자,남,33세,경상
1703,2021032500100077,2021년 3월 25일 08시,목요일,경기도 이천시 고담동,부상신고사고,0,0,0,1,차대사람 - 기타,안전운전불이행,포장 - 건조,맑음,단일로 - 기타,승용,여,53세,상해없음,보행자,남,21세,부상신고