,사고번호,사고일시,요일,시군구,사고내용,사망자수,중상자수,경상자수,부상신고자수,사고유형,법규위반,노면상태,기상상태,도로형태,가해운전자 차종,가해운전자 성별,가해운전자 연령,가해운전자 상해정도,피해운전자 차종,피해운전자 성별,피해운전자 연령,피해운전자 상해정도
1704,2021032500100081,2021년 3월 25일 08시,목요일,경기도 안산시 단원구 원곡동,경상사고,0,0,1,0,차대사람 - 횡단중,안전운전불이행,포장 - 건조,맑음,기타 - 기타,승용,여,34세,상해없음,보행자,남,11세,경상
1705,2021032500100083,2021년 3월 25일 08시,목요일,경기도 안산시 상록구 본오동,경상사고,0,0,1,0,차대사람 - 횡단중,보행자보호의무위반,포장 - 건조,맑음,교차로 - 교차로횡단보도내,승용,남,61세,상해없음,보행자,남,20세,경상
1706,2021032500100118,2021년 3월 25일 09시,목요일,경기도 의정부시 금오동,경상사고,0,0,1,0,차대사람 - 보도통행중,기타,포장 - 건조,맑음,기타 - 기타,승용,여,53세,상해없음,보행자,여,25세,경상
1707,2021032500100131,2021년 3월 25일 10시,목요일,경기도 부천시 상동,경상사고,0,0,1,0,차대사람 - 보도통행중,기타,포장 - 건조,맑음,단일로 - 기타,화물,남,60세,상해없음,보행자,남,62세,경상
1708,2021032500100169,2021년 3월 25일 11시,목요일,경기도 부천시 원미동,경상사고,0,0,1,0,차대사람 - 길가장자리구역통행중,안전운전불이행,포장 - 건조,맑음,단일로 - 기타,화물,남,39세,상해없음,보행자,여,63세,경상
1709,2021032500100275,2021년 3월 25일 14시,목요일,경기도 김포시 장기동,경상사고,0,0,1,0,차대사람 - 기타,안전운전불이행,포장 - 기타,맑음,기타 - 기타,자전거,남,10세,상해없음,보행자,여,73세,경상
1710,2021032500100314,2021년 3월 25일 14시,목요일,경기도 의정부시 용현동,경상사고,0,0,1,0,차대사람 - 기타,안전운전불이행,포장 - 건조,맑음,교차로 - 교차로부근,승용,여,39세,상해없음,보행자,여,82세,경상
1711,2021032500100328,2021년 3월 25일 15시,목요일,경기도 광명시 소하동,부상신고사고,0,0,0,1,차대사람 - 기타,안전운전불이행,포장 - 건조,맑음,단일로 - 기타,승용,남,49세,상해없음,보행자,남,5세,부상신고
1712,2021032500100380,2021년 3월 25일 16시,목요일,경기도 의정부시 호원동,경상사고,0,0,1,0,차대사람 - 기타,안전운전불이행,포장 - 건조,맑음,교차로 - 교차로부근,승용,여,57세,상해없음,보행자,여,14세,경상
1713,2021032500100431,2021년 3월 25일 17시,목요일,경기도 파주시 야당동,부상신고사고,0,0,0,1,차대사람 - 횡단중,기타,포장 - 건조,맑음,단일로 - 기타,원동기,남,17세,상해없음,보행자,여,2세,부상신고
1714,2021032500100553,2021년 3월 25일 21시,목요일,경기도 용인시 수지구 풍덕천동,경상사고,0,0,1,0,차대사람 - 기타,안전운전불이행,포장 - 건조,맑음,교차로 - 교차로부근,개인형이동수단(PM),여,27세,상해없음,보행자,여,52세,경상
1715,2021032500100582,2021년 3월 25일 22시,목요일,경기도 성남시 수정구 태평동,경상사고,0,0,1,0,차대사람 - 기타,기타,포장 - 건조,맑음,교차로 - 교차로안,승용,여,39세,상해없음,보행자,남,29세,경상
1716,2021032500100586,2021년 3월 25일 22시,목요일,경기도 화성시 진안동,경상사고,0,0,1,0,차대사람 - 보도통행중,보행자보호의무위반,포장 - 건조,맑음,교차로 - 교차로안,승합,남,58세,상해없음,보행자,남,30세,경상
1717,2021032500100612,2021년 3월 25일 23시,목요일,경기도 의정부시 의정부동,경상사고,0,0,1,0,차대사람 - 기타,안전운전불이행,포장 - 건조,맑음,교차로 - 교차로부근,승용,남,25세,상해없음,보행자,남,26세,경상
1718,2021032500100613,2021년 3월 25일 23시,목요일,경기도 연천군 전곡읍,중상사고,0,1,0,0,차대사람 - 차도통행중,안전운전불이행,포장 - 건조,맑음,단일로 - 지하차도(도로)내,승합,남,50세,상해없음,보행자,남,39세,중상
1719,2021032600100125,2021년 3월 26일 09시,금요일,경기도 수원시 팔달구 팔달로3가,경상사고,0,0,1,0,차대사람 - 길가장자리구역통행중,안전운전불이행,포장 - 건조,흐림,단일로 - 기타,승용,여,26세,상해없음,보행자,여,73세,경상
1720,2021032600100149,2021년 3월 26일 09시,금요일,경기도 파주시 금촌동,중상사고,0,1,0,0,차대사람 - 기타,안전운전불이행,포장 - 건조,맑음,단일로 - 기타,승합,남,62세,상해없음,보행자,여,83세,중상
1721,2021032600100239,2021년 3월 26일 12시,금요일,경기도 고양시 일산서구 일산동,경상사고,0,0,1,0,차대사람 - 기타,안전운전불이행,포장 - 건조,맑음,단일로 - 기타,승용,남,72세,상해없음,보행자,여,73세,경상
1722,2021032600100248,2021년 3월 26일 13시,금요일,경기도 이천시 중리동,중상사고,0,1,0,0,차대사람 - 기타,안전운전불이행,포장 - 건조,맑음,교차로 - 교차로부근,승용,여,38세,상해없음,보행자,여,68세,중상
1723,2021032600100271,2021년 3월 26일 13시,금요일,경기도 구리시 수택동,경상사고,0,0,1,0,차대사람 - 기타,안전운전불이행,포장 - 건조,맑음,단일로 - 기타,화물,남,55세,상해없음,보행자,여,28세,경상
1724,2021032600100272,2021년 3월 26일 13시,금요일,경기도 가평군 청평면,경상사고,0,0,1,0,차대사람 - 기타,안전운전불이행,포장 - 건조,맑음,교차로 - 교차로부근,승용,여,70세,상해없음,보행자,여,14세,경상
1725,2021032600100282,2021년 3월 26일 14시,금요일,경기도 용인시 처인구 이동읍,중상사고,0,1,0,0,차대사람 - 횡단중,안전운전불이행,포장 - 건조,맑음,단일로 - 기타,화물,남,44세,상해없음,보행자,여,62세,중상
1726,2021032600100347,2021년 3월 26일 15시,금요일,경기도 파주시 금촌동,경상사고,0,0,1,0,차대사람 - 기타,안전운전불이행,포장 - 건조,맑음,단일로 - 기타,승용,여,65세,상해없음,보행자,여,16세,경상
1727,2021032600100361,2021년 3월 26일 16시,금요일,경기도 안산시 단원구 초지동,중상사고,0,1,0,0,차대사람 - 기타,기타,포장 - 건조,맑음,기타 - 기타,자전거,여,74세,중상,보행자,여,14세,상해없음
1728,2021032600100387,2021년 3월 26일 16시,금요일,경기도 의정부시 용현동,경상사고,0,0,1,0,차대사람 - 횡단중,안전운전불이행,포장 - 건조,맑음,교차로 - 교차로부근,승용,여,51세,상해없음,보행자,남,15세,경상
1729,2021032600100454,2021년 3월 26일 18시,금요일,경기도 수원시 팔달구 팔달로3가,중상사고,0,1,0,0,차대사람 - 기타,안전운전불이행,포장 - 건조,맑음,단일로 - 기타,승용,남,37세,기타불명,보행자,여,57세,중상
1730,2021032600100458,2021년 3월 26일 18시,금요일,경기도 수원시 영통구 원천동,경상사고,0,0,1,0,차대사람 - 기타,기타,포장 - 건조,맑음,단일로 - 기타,이륜,남,29세,상해없음,보행자,여,5세,경상
1731,2021032600100502,2021년 3월 26일 19시,금요일,경기도 광주시 경안동,경상사고,0,0,1,0,차대사람 - 기타,안전운전불이행,포장 - 건조,맑음,기타 - 기타,화물,남,57세,상해없음,보행자,여,28세,경상
1732,2021032600100505,2021년 3월 26일 19시,금요일,경기도 수원시 권선구 권선동,경상사고,0,0,1,0,차대사람 - 횡단중,안전운전불이행,포장 - 건조,맑음,단일로 - 기타,승용,남,60세,상해없음,보행자,여,30세,경상
1733,2021032600100532,2021년 3월 26일 19시,금요일,경기도 남양주시 화도읍,경상사고,0,0,1,0,차대사람 - 횡단중,보행자보호의무위반,포장 - 건조,맑음,교차로 - 교차로부근,승용,여,67세,상해없음,보행자,남,60세,경상
1734,2021032600100608,2021년 3월 26일 21시,금요일,경기도 고양시 덕양구 관산동,중상사고,0,1,0,0,차대사람 - 차도통행중,안전운전불이행,포장 - 기타,맑음,단일로 - 기타,승용,남,29세,상해없음,보행자,남,66세,중상
1735,2021032600100609,2021년 3월 26일 21시,금요일,경기도 구리시 수택동,경상사고,0,0,1,0,차대사람 - 기타,안전운전불이행,포장 - 건조,맑음,단일로 - 기타,화물,남,43세,상해없음,보행자,남,47세,경상
1736,2021032600100610,2021년 3월 26일 21시,금요일,경기도 고양시 일산서구 주엽동,부상신고사고,0,0,0,1,차대사람 - 기타,기타,포장 - 건조,맑음,단일로 - 기타,승합,남,39세,상해없음,보행자,여,61세,부상신고
1737,2021032600100634,2021년 3월 26일 22시,금요일,경기도 의정부시 가능동,경상사고,0,0,1,0,차대사람 - 기타,안전운전불이행,포장 - 건조,맑음,교차로 - 교차로부근,승용,남,53세,상해없음,보행자,남,47세,경상
1738,2021032600100635,2021년 3월 26일 22시,금요일,경기도 포천시 소흘읍,경상사고,0,0,1,0,차대사람 - 기타,안전운전불이행,포장 - 건조,맑음,단일로 - 기타,승용,남,31세,상해없음,보행자,남,38세,경상
1739,2021032700100009,2021년 3월 27일 00시,토요일,경기도 안산시 상록구 사동,경상사고,0,0,1,0,차대사람 - 보도통행중,보행자보호의무위반,포장 - 건조,맑음,교차로 - 교차로횡단보도내,승용,여,41세,상해없음,보행자,남,27세,경상
1740,2021032700100059,2021년 3월 27일 06시,토요일,경기도 광명시 광명동,부상신고사고,0,0,0,1,차대사람 - 기타,안전운전불이행,포장 - 건조,맑음,단일로 - 기타,승용,남,67세,상해없음,보행자,남,26세,부상신고
1741,2021032700100076,2021년 3월 27일 08시,토요일,경기도 안성시 원곡면,부상신고사고,0,0,0,1,차대사람 - 기타,안전운전불이행,포장 - 건조,흐림,기타 - 기타,승용,남,64세,상해없음,보행자,남,49세,부상신고
1742,2021032700100094,2021년 3월 27일 09시,토요일,경기도 양평군 옥천면,경상사고,0,0,1,0,차대사람 - 기타,안전운전불이행,포장 - 건조,맑음,단일로 - 기타,승용,남,40세,상해없음,보행자,남,60세,경상
1743,2021032700100141,2021년 3월 27일 11시,토요일,경기도 시흥시 신천동,중상사고,0,1,0,0,차대사람 - 횡단중,보행자보호의무위반,포장 - 젖음/습기,비,단일로 - 기타,승용,남,68세,상해없음,보행자,여,32세,중상
1744,2021032700100174,2021년 3월 27일 12시,토요일,경기도 수원시 팔달구 신풍동,경상사고,0,0,1,0,차대사람 - 기타,안전운전불이행,포장 - 젖음/습기,비,단일로 - 기타,승합,남,48세,상해없음,보행자,남,85세,경상
1745,2021032700100209,2021년 3월 27일 12시,토요일,경기도 구리시 수택동,경상사고,0,0,1,0,차대사람 - 기타,안전운전불이행,포장 - 젖음/습기,흐림,교차로 - 교차로안,승용,여,65세,상해없음,보행자,남,70세,경상
1746,2021032700100221,2021년 3월 27일 13시,토요일,경기도 과천시 중앙동,경상사고,0,0,1,0,차대사람 - 횡단중,신호위반,포장 - 젖음/습기,비,단일로 - 기타,승용,여,44세,상해없음,보행자,남,25세,경상
1747,2021032700100247,2021년 3월 27일 13시,토요일,경기도 파주시 금촌동,중상사고,0,1,0,0,차대사람 - 기타,안전운전불이행,포장 - 젖음/습기,비,단일로 - 기타,승용,남,57세,상해없음,보행자,여,59세,중상
1748,2021032700100333,2021년 3월 27일 15시,토요일,경기도 남양주시 화도읍,경상사고,0,0,1,0,차대사람 - 기타,안전운전불이행,포장 - 젖음/습기,비,단일로 - 기타,승용,여,41세,상해없음,보행자,여,15세,경상
1749,2021032700100394,2021년 3월 27일 17시,토요일,경기도 평택시 청북읍,부상신고사고,0,0,0,1,차대사람 - 기타,안전운전불이행,포장 - 건조,맑음,기타 - 기타,자전거,남,9세,상해없음,보행자,남,4세,부상신고
1750,2021032700100396,2021년 3월 27일 17시,토요일,경기도 여주시 세종대왕면,경상사고,0,0,1,0,차대사람 - 차도통행중,안전운전불이행,포장 - 젖음/습기,비,기타 - 기타,승용,여,59세,상해없음,보행자,남,61세,경상
1751,2021032700100425,2021년 3월 27일 17시,토요일,경기도 양주시 옥정동,경상사고,0,0,1,0,차대사람 - 횡단중,보행자보호의무위반,포장 - 건조,맑음,교차로 - 교차로안,승용,남,65세,상해없음,보행자,여,40세,경상
1752,2021032700100444,2021년 3월 27일 18시,토요일,경기도 시흥시 정왕동,중상사고,0,1,0,0,차대사람 - 차도통행중,안전운전불이행,포장 - 젖음/습기,비,단일로 - 기타,승용,여,24세,상해없음,보행자,남,44세,중상
1753,2021032700100484,2021년 3월 27일 19시,토요일,경기도 성남시 수정구 신흥동,중상사고,0,1,0,0,차대사람 - 기타,안전운전불이행,포장 - 젖음/습기,비,단일로 - 기타,이륜,남,58세,상해없음,보행자,남,50세,중상
1754,2021032700100490,2021년 3월 27일 19시,토요일,경기도 부천시 상동,경상사고,0,0,1,0,차대사람 - 횡단중,보행자보호의무위반,포장 - 젖음/습기,비,교차로 - 교차로횡단보도내,화물,남,67세,상해없음,보행자,여,58세,경상
1755,2021032700100524,2021년 3월 27일 19시,토요일,경기도 남양주시 화도읍,중상사고,0,1,0,0,차대사람 - 횡단중,보행자보호의무위반,포장 - 젖음/습기,비,교차로 - 교차로횡단보도내,이륜,남,18세,상해없음,보행자,여,46세,중상
1756,2021032700100525,2021년 3월 27일 19시,토요일,경기도 고양시 일산서구 탄현동,중상사고,0,1,0,0,차대사람 - 기타,안전운전불이행,포장 - 젖음/습기,비,단일로 - 기타,이륜,남,24세,상해없음,보행자,남,9세,중상
1757,2021032700100535,2021년 3월 27일 20시,토요일,경기도 수원시 장안구 율전동,경상사고,0,0,1,0,차대사람 - 기타,안전운전불이행,포장 - 젖음/습기,비,교차로 - 교차로부근,이륜,남,32세,기타불명,보행자,남,23세,경상
1758,2021032700100564,2021년 3월 27일 20시,토요일,경기도 고양시 일산동구 백석동,중상사고,0,1,0,0,차대사람 - 횡단중,안전운전불이행,포장 - 젖음/습기,비,교차로 - 교차로부근,이륜,남,28세,상해없음,보행자,남,60세,중상
1759,2021032700100567,2021년 3월 27일 20시,토요일,경기도 파주시 금촌동,경상사고,0,0,1,0,차대사람 - 횡단중,안전운전불이행,포장 - 젖음/습기,비,단일로 - 기타,승용,여,44세,상해없음,보행자,남,58세,경상
1760,2021032700100591,2021년 3월 27일 21시,토요일,경기도 수원시 영통구 영통동,중상사고,0,1,0,0,차대사람 - 기타,안전운전불이행,포장 - 젖음/습기,맑음,기타 - 기타,승용,남,52세,상해없음,보행자,남,47세,중상
1761,2021032700100617,2021년 3월 27일 22시,토요일,경기도 안성시 석정동,중상사고,0,1,1,0,차대사람 - 횡단중,중앙선침범,포장 - 젖음/습기,비,단일로 - 기타,승용,남,23세,상해없음,보행자,여,20세,경상
1762,2021032700100619,2021년 3월 27일 22시,토요일,경기도 안산시 단원구 고잔동,중상사고,0,1,0,0,차대사람 - 기타,안전운전불이행,포장 - 젖음/습기,비,교차로 - 교차로부근,승용,남,26세,상해없음,보행자,남,35세,중상
1763,2021032700100623,2021년 3월 27일 22시,토요일,경기도 안산시 상록구 사동,경상사고,0,0,1,0,차대사람 - 횡단중,신호위반,포장 - 젖음/습기,비,교차로 - 교차로횡단보도내,승용,남,36세,상해없음,보행자,남,66세,경상
1764,2021032700100648,2021년 3월 27일 22시,토요일,경기도 구리시 수택동,경상사고,0,0,1,0,차대사람 - 기타,안전운전불이행,포장 - 젖음/습기,비,단일로 - 기타,승용,여,56세,상해없음,보행자,남,41세,경상
1765,2021032700100656,2021년 3월 27일 23시,토요일,경기도 부천시 심곡동,경상사고,0,0,1,0,차대사람 - 횡단중,신호위반,포장 - 젖음/습기,비,교차로 - 교차로횡단보도내,이륜,남,25세,상해없음,보행자,여,31세,경상
1766,2021032700100659,2021년 3월 27일 23시,토요일,경기도 수원시 영통구 매탄동,경상사고,0,0,1,0,차대사람 - 차도통행중,안전운전불이행,포장 - 젖음/습기,비,단일로 - 기타,이륜,남,19세,상해없음,보행자,남,39세,경상
1767,2021032700100671,2021년 3월 27일 23시,토요일,경기도 남양주시 화도읍,중상사고,0,1,0,0,차대사람 - 횡단중,안전운전불이행,포장 - 젖음/습기,비,교차로 - 교차로부근,승용,남,68세,상해없음,보행자,남,30세,중상
1768,2021032800100055,2021년 3월 28일 03시,일요일,경기도 안산시 상록구 사동,부상신고사고,0,0,0,1,차대사람 - 횡단중,안전운전불이행,포장 - 젖음/습기,비,교차로 - 교차로안,기타불명,기타불명,미분류,기타불명,보행자,여,29세,부상신고
1769,2021032800100063,2021년 3월 28일 03시,일요일,경기도 남양주시 호평동,경상사고,0,0,1,0,차대사람 - 횡단중,보행자보호의무위반,포장 - 젖음/습기,비,교차로 - 교차로안,승용,남,24세,상해없음,보행자,남,22세,경상
1770,2021032800100106,2021년 3월 28일 10시,일요일,경기도 군포시 금정동,경상사고,0,0,1,0,차대사람 - 횡단중,신호위반,포장 - 건조,맑음,교차로 - 교차로부근,승용,남,51세,상해없음,보행자,여,64세,경상
1771,2021032800100172,2021년 3월 28일 12시,일요일,경기도 의정부시 의정부동,중상사고,0,1,0,0,차대사람 - 길가장자리구역통행중,안전운전불이행,포장 - 건조,맑음,단일로 - 기타,승용,남,74세,상해없음,보행자,여,46세,중상
1772,2021032800100208,2021년 3월 28일 13시,일요일,경기도 양주시 삼숭동,경상사고,0,0,1,0,차대사람 - 기타,안전운전불이행,포장 - 건조,맑음,주차장 - 주차장,승용,남,45세,상해없음,보행자,남,54세,경상
1773,2021032800100215,2021년 3월 28일 14시,일요일,경기도 성남시 수정구 수진동,경상사고,0,0,1,0,차대사람 - 길가장자리구역통행중,안전운전불이행,포장 - 건조,맑음,단일로 - 기타,승합,여,43세,상해없음,보행자,남,58세,경상
1774,2021032800100219,2021년 3월 28일 14시,일요일,경기도 시흥시 정왕동,경상사고,0,0,1,0,차대사람 - 횡단중,보행자보호의무위반,포장 - 건조,맑음,교차로 - 교차로부근,승용,남,75세,상해없음,보행자,남,57세,경상
1775,2021032800100248,2021년 3월 28일 15시,일요일,경기도 평택시 지산동,중상사고,0,2,0,0,차대사람 - 횡단중,신호위반,포장 - 건조,맑음,교차로 - 교차로안,이륜,여,32세,중상,보행자,남,67세,중상
1776,2021032800100280,2021년 3월 28일 16시,일요일,경기도 부천시 원종동,경상사고,0,0,1,0,차대사람 - 기타,안전운전불이행,포장 - 건조,맑음,단일로 - 기타,승용,남,50세,상해없음,보행자,남,55세,경상
1777,2021032800100305,2021년 3월 28일 17시,일요일,경기도 시흥시 정왕동,경상사고,0,0,1,0,차대사람 - 횡단중,보행자보호의무위반,포장 - 건조,맑음,단일로 - 기타,이륜,남,56세,상해없음,보행자,여,9세,경상
1778,2021032800100376,2021년 3월 28일 20시,일요일,경기도 광주시 곤지암읍,경상사고,0,0,1,0,차대사람 - 기타,안전운전불이행,포장 - 건조,맑음,기타 - 기타,승용,남,57세,상해없음,보행자,남,34세,경상
1779,2021032800100379,2021년 3월 28일 20시,일요일,경기도 용인시 기흥구 언남동,경상사고,0,0,1,0,차대사람 - 기타,안전운전불이행,포장 - 젖음/습기,흐림,주차장 - 주차장,승용,여,48세,상해없음,보행자,남,61세,경상
1780,2021032800100398,2021년 3월 28일 21시,일요일,경기도 시흥시 정왕동,경상사고,0,0,1,0,차대사람 - 보도통행중,기타,포장 - 건조,맑음,기타 - 기타,개인형이동수단(PM),남,20세,상해없음,보행자,여,20세,경상
1781,2021032800100410,2021년 3월 28일 21시,일요일,경기도 의정부시 녹양동,경상사고,0,0,1,0,차대사람 - 기타,신호위반,포장 - 기타,기타,교차로 - 교차로횡단보도내,승용,남,65세,상해없음,보행자,여,65세,경상
1782,2021032800100411,2021년 3월 28일 21시,일요일,경기도 구리시 수택동,중상사고,0,1,0,0,차대사람 - 횡단중,신호위반,포장 - 젖음/습기,비,교차로 - 교차로안,승용,여,56세,상해없음,보행자,여,44세,중상
1783,2021032800100417,2021년 3월 28일 22시,일요일,경기도 안양시 동안구 호계동,경상사고,0,0,1,0,차대사람 - 횡단중,보행자보호의무위반,포장 - 젖음/습기,비,교차로 - 교차로부근,승용,남,25세,상해없음,보행자,남,27세,경상
1784,2021032800100420,2021년 3월 28일 22시,일요일,경기도 안산시 상록구 본오동,경상사고,0,0,1,0,차대사람 - 차도통행중,안전운전불이행,포장 - 젖음/습기,비,단일로 - 기타,승용,남,50세,상해없음,보행자,남,53세,경상
1785,2021032800100421,2021년 3월 28일 22시,일요일,경기도 용인시 수지구 죽전동,경상사고,0,0,1,0,차대사람 - 횡단중,안전운전불이행,포장 - 젖음/습기,비,단일로 - 기타,원동기,남,29세,상해없음,보행자,여,62세,경상
1786,2021032800100432,2021년 3월 28일 22시,일요일,경기도 구리시 수택동,중상사고,0,1,0,0,차대사람 - 차도통행중,안전운전불이행,포장 - 젖음/습기,맑음,교차로 - 교차로안,승합,남,62세,상해없음,보행자,여,67세,중상
1787,2021032900100033,2021년 3월 29일 06시,월요일,경기도 부천시 소사동,경상사고,0,0,1,0,차대사람 - 차도통행중,안전운전불이행,포장 - 건조,맑음,교차로 - 교차로부근,원동기,남,62세,상해없음,보행자,남,73세,경상
1788,2021032900100048,2021년 3월 29일 07시,월요일,경기도 이천시 중리동,경상사고,0,0,1,0,차대사람 - 횡단중,보행자보호의무위반,포장 - 건조,맑음,교차로 - 교차로안,승용,여,53세,상해없음,보행자,여,66세,경상
1789,2021032900100070,2021년 3월 29일 07시,월요일,경기도 고양시 덕양구 토당동,중상사고,0,1,0,0,차대사람 - 횡단중,안전운전불이행,포장 - 건조,맑음,단일로 - 기타,승용,남,58세,상해없음,보행자,여,64세,중상
1790,2021032900100156,2021년 3월 29일 09시,월요일,경기도 파주시 금촌동,경상사고,0,0,1,0,차대사람 - 횡단중,안전운전불이행,포장 - 건조,맑음,교차로 - 교차로안,승용,남,60세,상해없음,보행자,남,47세,경상
1791,2021032900100213,2021년 3월 29일 11시,월요일,경기도 수원시 팔달구 화서동,중상사고,0,1,0,0,차대사람 - 기타,안전운전불이행,포장 - 건조,맑음,교차로 - 교차로부근,이륜,남,28세,상해없음,보행자,남,70세,중상
1792,2021032900100321,2021년 3월 29일 14시,월요일,경기도 수원시 장안구 파장동,경상사고,0,0,1,0,차대사람 - 횡단중,안전운전불이행,포장 - 건조,맑음,단일로 - 기타,승용,남,51세,상해없음,보행자,여,86세,경상
1793,2021032900100338,2021년 3월 29일 14시,월요일,경기도 고양시 덕양구 신원동,중상사고,0,1,0,0,차대사람 - 횡단중,안전운전불이행,포장 - 기타,맑음,교차로 - 교차로횡단보도내,화물,남,60세,상해없음,보행자,여,85세,중상
1794,2021032900100397,2021년 3월 29일 16시,월요일,경기도 의정부시 의정부동,경상사고,0,0,1,0,차대사람 - 기타,안전운전불이행,포장 - 건조,맑음,단일로 - 기타,승용,남,60세,상해없음,보행자,남,53세,경상
1795,2021032900100436,2021년 3월 29일 17시,월요일,경기도 파주시 동패동,중상사고,0,1,0,0,차대사람 - 차도통행중,안전운전불이행,포장 - 건조,맑음,단일로 - 기타,승용,남,47세,상해없음,보행자,여,76세,중상
1796,2021032900100499,2021년 3월 29일 19시,월요일,경기도 수원시 권선구 권선동,경상사고,0,0,1,0,차대사람 - 횡단중,안전운전불이행,포장 - 건조,맑음,교차로 - 교차로안,승용,남,27세,상해없음,보행자,여,85세,경상
1797,2021032900100500,2021년 3월 29일 19시,월요일,경기도 수원시 영통구 영통동,경상사고,0,0,1,0,차대사람 - 기타,안전운전불이행,포장 - 건조,맑음,기타 - 기타,승용,남,50세,상해없음,보행자,여,25세,경상
1798,2021032900100524,2021년 3월 29일 20시,월요일,경기도 안성시 양성면,사망사고,1,0,0,0,차대사람 - 차도통행중,안전운전불이행,포장 - 건조,맑음,단일로 - 기타,승용,남,62세,상해없음,보행자,여,80세,사망
1799,2021032900100537,2021년 3월 29일 20시,월요일,경기도 연천군 전곡읍,중상사고,0,1,0,0,차대사람 - 횡단중,안전운전불이행,포장 - 건조,맑음,단일로 - 기타,이륜,남,17세,상해없음,보행자,남,30세,중상
1800,2021032900100546,2021년 3월 29일 21시,월요일,경기도 평택시 포승읍,경상사고,0,0,1,0,차대사람 - 기타,안전운전불이행,포장 - 건조,맑음,교차로 - 교차로안,승용,남,36세,상해없음,보행자,남,51세,경상
1801,2021032900100562,2021년 3월 29일 21시,월요일,경기도 의정부시 민락동,경상사고,0,0,1,0,차대사람 - 횡단중,보행자보호의무위반,포장 - 건조,맑음,단일로 - 기타,승용,남,53세,상해없음,보행자,여,18세,경상
1802,2021032900100596,2021년 3월 29일 23시,월요일,경기도 수원시 장안구 영화동,중상사고,0,1,0,0,차대사람 - 횡단중,안전운전불이행,포장 - 건조,맑음,교차로 - 교차로안,승용,남,29세,상해없음,보행자,여,15세,중상
1803,2021032900100599,2021년 3월 29일 23시,월요일,경기도 광명시 철산동,중상사고,0,1,0,0,차대사람 - 기타,안전운전불이행,포장 - 건조,맑음,교차로 - 교차로안,승용,남,34세,상해없음,보행자,남,50세,중상
1804,2021033000100017,2021년 3월 30일 01시,화요일,경기도 김포시 고촌읍,중상사고,0,1,0,0,차대사람 - 기타,안전운전불이행,포장 - 젖음/습기,맑음,단일로 - 기타,승용,남,51세,상해없음,보행자,남,45세,중상
1805,2021033000100024,2021년 3월 30일 02시,화요일,경기도 부천시 중동,경상사고,0,0,1,0,차대사람 - 횡단중,안전운전불이행,포장 - 건조,맑음,교차로 - 교차로횡단보도내,승용,남,60세,상해없음,보행자,여,27세,경상
1806,2021033000100026,2021년 3월 30일 03시,화요일,경기도 광주시 송정동,사망사고,1,0,0,0,차대사람 - 기타,신호위반,포장 - 건조,맑음,기타 - 기타,화물,남,43세,상해없음,보행자,남,78세,사망
1807,2021033000100046,2021년 3월 30일 06시,화요일,경기도 수원시 장안구 정자동,경상사고,0,0,1,0,차대사람 - 길가장자리구역통행중,안전운전불이행,포장 - 건조,맑음,교차로 - 교차로부근,승용,여,56세,상해없음,보행자,여,54세,경상
1808,2021033000100097,2021년 3월 30일 08시,화요일,경기도 용인시 처인구 포곡읍,경상사고,0,0,1,0,차대사람 - 기타,안전운전불이행,포장 - 건조,맑음,교차로 - 교차로부근,화물,남,68세,기타불명,보행자,남,39세,경상
1809,2021033000100098,2021년 3월 30일 08시,화요일,경기도 오산시 금암동,중상사고,0,1,0,0,차대사람 - 횡단중,보행자보호의무위반,포장 - 건조,맑음,교차로 - 교차로횡단보도내,승합,남,60세,상해없음,보행자,여,36세,중상
1810,2021033000100142,2021년 3월 30일 09시,화요일,경기도 성남시 수정구 시흥동,경상사고,0,0,1,0,차대사람 - 기타,안전운전불이행,포장 - 건조,맑음,교차로 - 교차로안,승용,여,56세,상해없음,보행자,남,45세,경상
1811,2021033000100171,2021년 3월 30일 10시,화요일,경기도 성남시 중원구 금광동,경상사고,0,0,1,0,차대사람 - 차도통행중,안전운전불이행,포장 - 건조,맑음,교차로 - 교차로부근,승용,여,49세,상해없음,보행자,여,22세,경상
1812,2021033000100202,2021년 3월 30일 11시,화요일,경기도 안산시 단원구 고잔동,경상사고,0,0,1,0,차대사람 - 기타,안전운전불이행,포장 - 건조,맑음,주차장 - 주차장,화물,남,67세,상해없음,보행자,남,27세,경상
1813,2021033000100205,2021년 3월 30일 11시,화요일,경기도 화성시 반송동,부상신고사고,0,0,0,1,차대사람 - 횡단중,안전운전불이행,포장 - 건조,맑음,단일로 - 기타,승용,여,45세,상해없음,보행자,여,39세,부상신고
1814,2021033000100287,2021년 3월 30일 13시,화요일,경기도 구리시 인창동,중상사고,0,1,0,0,차대사람 - 횡단중,신호위반,포장 - 건조,맑음,단일로 - 기타,이륜,남,35세,상해없음,보행자,여,73세,중상
1815,2021033000100288,2021년 3월 30일 13시,화요일,경기도 남양주시 퇴계원읍,경상사고,0,0,1,0,차대사람 - 횡단중,안전운전불이행,포장 - 건조,맑음,교차로 - 교차로횡단보도내,화물,여,69세,상해없음,보행자,남,63세,경상
1816,2021033000100318,2021년 3월 30일 14시,화요일,경기도 고양시 일산동구 장항동,경상사고,0,0,1,0,차대사람 - 기타,안전운전불이행,포장 - 건조,맑음,교차로 - 교차로안,승용,남,41세,상해없음,보행자,남,91세,경상