,사고번호,사고일시,요일,시군구,사고내용,사망자수,중상자수,경상자수,부상신고자수,사고유형,법규위반,노면상태,기상상태,도로형태,가해운전자 차종,가해운전자 성별,가해운전자 연령,가해운전자 상해정도,피해운전자 차종,피해운전자 성별,피해운전자 연령,피해운전자 상해정도
1817,2021033000100320,2021년 3월 30일 14시,화요일,경기도 남양주시 와부읍,부상신고사고,0,0,0,1,차대사람 - 횡단중,안전운전불이행,포장 - 건조,맑음,단일로 - 기타,승용,여,47세,상해없음,보행자,여,8세,부상신고
1818,2021033000100363,2021년 3월 30일 15시,화요일,경기도 고양시 일산서구 일산동,경상사고,0,0,1,0,차대사람 - 기타,안전운전불이행,포장 - 건조,맑음,단일로 - 기타,승용,여,51세,상해없음,보행자,남,10세,경상
1819,2021033000100404,2021년 3월 30일 16시,화요일,경기도 고양시 일산동구 마두동,중상사고,0,1,0,0,차대사람 - 차도통행중,안전운전불이행,포장 - 건조,맑음,단일로 - 기타,승합,남,49세,상해없음,보행자,여,63세,중상
1820,2021033000100465,2021년 3월 30일 18시,화요일,경기도 김포시 통진읍,중상사고,0,1,0,0,차대사람 - 횡단중,보행자보호의무위반,포장 - 건조,맑음,교차로 - 교차로안,승용,남,58세,상해없음,보행자,여,72세,중상
1821,2021033000100500,2021년 3월 30일 18시,화요일,경기도 고양시 일산서구 덕이동,경상사고,0,0,1,0,차대사람 - 횡단중,기타,포장 - 건조,맑음,기타 - 기타,화물,남,40세,상해없음,보행자,여,48세,경상
1822,2021033000100518,2021년 3월 30일 19시,화요일,경기도 여주시 천송동,중상사고,0,1,0,0,차대사람 - 기타,안전운전불이행,포장 - 건조,맑음,단일로 - 기타,기타불명,기타불명,미분류,기타불명,보행자,여,64세,중상
1823,2021033000100519,2021년 3월 30일 19시,화요일,경기도 김포시 사우동,경상사고,0,0,1,0,차대사람 - 보도통행중,안전운전불이행,포장 - 기타,맑음,교차로 - 교차로횡단보도내,화물,남,70세,상해없음,보행자,여,25세,경상
1824,2021033000100557,2021년 3월 30일 20시,화요일,경기도 용인시 수지구 풍덕천동,경상사고,0,0,1,0,차대사람 - 기타,안전운전불이행,포장 - 건조,맑음,기타 - 기타,승용,남,59세,상해없음,보행자,여,29세,경상
1825,2021033000100591,2021년 3월 30일 21시,화요일,경기도 의정부시 장암동,중상사고,0,1,0,0,차대사람 - 기타,기타,포장 - 건조,맑음,단일로 - 기타,승합,남,53세,상해없음,보행자,여,67세,중상
1826,2021033000100592,2021년 3월 30일 21시,화요일,경기도 파주시 파주읍,중상사고,0,1,0,0,차대사람 - 기타,안전운전불이행,포장 - 건조,맑음,단일로 - 지하차도(도로)내,승용,여,38세,상해없음,보행자,남,56세,중상
1827,2021033100100007,2021년 3월 31일 00시,수요일,경기도 용인시 처인구 양지면,중상사고,0,1,0,0,차대사람 - 기타,안전운전불이행,포장 - 기타,맑음,단일로 - 기타,화물,남,52세,상해없음,보행자,남,48세,중상
1828,2021033100100026,2021년 3월 31일 02시,수요일,경기도 고양시 일산동구 장항동,중상사고,0,1,0,0,차대사람 - 길가장자리구역통행중,안전운전불이행,포장 - 건조,맑음,단일로 - 기타,승용,남,50세,상해없음,보행자,남,72세,중상
1829,2021033100100053,2021년 3월 31일 07시,수요일,경기도 이천시 장호원읍,경상사고,0,0,1,0,차대사람 - 횡단중,안전운전불이행,포장 - 건조,맑음,단일로 - 기타,승용,남,52세,경상,보행자,남,62세,상해없음
1830,2021033100100178,2021년 3월 31일 11시,수요일,경기도 안산시 단원구 신길동,중상사고,0,1,0,0,차대사람 - 기타,안전운전불이행,포장 - 건조,맑음,교차로 - 교차로안,화물,남,59세,상해없음,보행자,남,52세,중상
1831,2021033100100179,2021년 3월 31일 11시,수요일,경기도 의왕시 청계동,경상사고,0,0,1,0,차대사람 - 기타,기타,포장 - 건조,맑음,단일로 - 기타,화물,남,43세,상해없음,보행자,남,69세,경상
1832,2021033100100205,2021년 3월 31일 12시,수요일,경기도 안양시 동안구 비산동,중상사고,0,1,0,0,차대사람 - 기타,교차로운행방법위반,포장 - 건조,맑음,교차로 - 교차로부근,승용,여,50세,상해없음,보행자,남,82세,중상
1833,2021033100100206,2021년 3월 31일 12시,수요일,경기도 용인시 처인구 김량장동,경상사고,0,0,1,0,차대사람 - 보도통행중,안전운전불이행,포장 - 건조,맑음,주차장 - 주차장,승용,여,49세,상해없음,보행자,남,57세,경상
1834,2021033100100210,2021년 3월 31일 12시,수요일,경기도 군포시 산본동,경상사고,0,0,1,0,차대사람 - 보도통행중,기타,포장 - 건조,맑음,단일로 - 기타,이륜,남,25세,상해없음,보행자,남,24세,경상
1835,2021033100100230,2021년 3월 31일 12시,수요일,경기도 의정부시 의정부동,중상사고,0,1,0,0,차대사람 - 기타,안전운전불이행,포장 - 건조,맑음,주차장 - 주차장,승용,남,49세,상해없음,보행자,남,42세,중상
1836,2021033100100231,2021년 3월 31일 12시,수요일,경기도 양주시 율정동,중상사고,0,1,0,0,차대사람 - 횡단중,보행자보호의무위반,포장 - 건조,맑음,교차로 - 교차로횡단보도내,승용,남,74세,상해없음,보행자,여,68세,중상
1837,2021033100100242,2021년 3월 31일 13시,수요일,경기도 성남시 중원구 상대원동,경상사고,0,0,1,0,차대사람 - 기타,안전운전불이행,포장 - 건조,맑음,단일로 - 기타,승용,남,42세,상해없음,보행자,여,48세,경상
1838,2021033100100245,2021년 3월 31일 13시,수요일,경기도 하남시 덕풍동,경상사고,0,0,1,0,차대사람 - 기타,안전운전불이행,포장 - 건조,맑음,기타 - 기타,승용,남,62세,상해없음,보행자,여,53세,경상
1839,2021033100100266,2021년 3월 31일 13시,수요일,경기도 파주시 광탄면,중상사고,0,2,0,0,차대사람 - 차도통행중,안전운전불이행,포장 - 건조,맑음,교차로 - 교차로부근,화물,남,26세,상해없음,보행자,남,85세,중상
1840,2021033100100268,2021년 3월 31일 14시,수요일,경기도 수원시 팔달구 우만동,경상사고,0,0,1,0,차대사람 - 기타,안전운전불이행,포장 - 건조,맑음,교차로 - 교차로안,승용,여,66세,상해없음,보행자,여,27세,경상
1841,2021033100100272,2021년 3월 31일 14시,수요일,경기도 시흥시 정왕동,경상사고,0,0,1,0,차대사람 - 기타,기타,포장 - 건조,맑음,기타 - 기타,개인형이동수단(PM),여,20세,상해없음,보행자,여,24세,경상
1842,2021033100100315,2021년 3월 31일 15시,수요일,경기도 부천시 원미동,경상사고,0,0,1,0,차대사람 - 기타,안전운전불이행,포장 - 건조,맑음,단일로 - 기타,승용,여,67세,상해없음,보행자,남,41세,경상
1843,2021033100100317,2021년 3월 31일 15시,수요일,경기도 안산시 단원구 고잔동,경상사고,0,0,1,0,차대사람 - 보도통행중,기타,포장 - 건조,맑음,기타 - 기타,화물,남,50세,상해없음,보행자,남,57세,경상
1844,2021033100100358,2021년 3월 31일 16시,수요일,경기도 용인시 처인구 모현읍,경상사고,0,0,1,0,차대사람 - 기타,안전운전불이행,포장 - 건조,맑음,단일로 - 기타,화물,남,38세,상해없음,보행자,남,6세,경상
1845,2021033100100392,2021년 3월 31일 17시,수요일,경기도 평택시 평택동,경상사고,0,0,1,0,차대사람 - 차도통행중,안전운전불이행,포장 - 건조,맑음,단일로 - 기타,승용,남,60세,상해없음,보행자,여,56세,경상
1846,2021033100100394,2021년 3월 31일 17시,수요일,경기도 부천시 범박동,경상사고,0,0,1,0,차대사람 - 기타,보행자보호의무위반,포장 - 건조,맑음,교차로 - 교차로안,승용,여,51세,상해없음,보행자,여,24세,경상
1847,2021033100100397,2021년 3월 31일 17시,수요일,경기도 안산시 단원구 고잔동,부상신고사고,0,0,0,1,차대사람 - 횡단중,보행자보호의무위반,포장 - 건조,맑음,교차로 - 교차로횡단보도내,기타불명,기타불명,미분류,기타불명,보행자,여,38세,부상신고
1848,2021033100100402,2021년 3월 31일 17시,수요일,경기도 하남시 신장동,경상사고,0,0,1,0,차대사람 - 횡단중,안전운전불이행,포장 - 건조,맑음,단일로 - 기타,승용,여,49세,상해없음,보행자,여,30세,경상
1849,2021033100100403,2021년 3월 31일 17시,수요일,경기도 화성시 반송동,중상사고,0,1,0,0,차대사람 - 횡단중,보행자보호의무위반,포장 - 건조,맑음,단일로 - 기타,승용,여,39세,상해없음,보행자,여,14세,중상
1850,2021033100100433,2021년 3월 31일 17시,수요일,경기도 고양시 일산동구 백석동,중상사고,0,1,0,0,차대사람 - 기타,안전운전불이행,포장 - 건조,맑음,교차로 - 교차로안,승용,여,52세,상해없음,보행자,여,57세,중상
1851,2021033100100484,2021년 3월 31일 18시,수요일,경기도 남양주시 호평동,중상사고,0,1,0,0,차대사람 - 기타,안전운전불이행,포장 - 건조,맑음,기타 - 기타,승용,여,69세,기타불명,보행자,여,24세,중상
1852,2021033100100486,2021년 3월 31일 18시,수요일,경기도 남양주시 오남읍,경상사고,0,0,1,0,차대사람 - 횡단중,안전운전불이행,포장 - 건조,맑음,단일로 - 기타,승용,여,50세,기타불명,보행자,남,13세,경상
1853,2021033100100498,2021년 3월 31일 19시,수요일,경기도 광주시 역동,중상사고,0,2,0,0,차대사람 - 횡단중,보행자보호의무위반,포장 - 건조,맑음,교차로 - 교차로부근,승용,여,48세,상해없음,보행자,남,61세,중상
1854,2021033100100504,2021년 3월 31일 19시,수요일,경기도 부천시 원종동,중상사고,0,1,0,0,차대사람 - 횡단중,안전운전불이행,포장 - 건조,맑음,교차로 - 교차로횡단보도내,승용,남,69세,상해없음,보행자,남,57세,중상
1855,2021033100100522,2021년 3월 31일 19시,수요일,경기도 포천시 소흘읍,사망사고,1,0,0,0,차대사람 - 횡단중,안전운전불이행,포장 - 건조,맑음,단일로 - 기타,승용,남,46세,상해없음,보행자,남,40세,사망
1856,2021033100100524,2021년 3월 31일 19시,수요일,경기도 고양시 일산서구 일산동,중상사고,0,1,0,0,차대사람 - 차도통행중,안전운전불이행,포장 - 건조,맑음,기타 - 기타,승용,여,40세,상해없음,보행자,여,78세,중상
1857,2021033100100546,2021년 3월 31일 20시,수요일,경기도 의정부시 민락동,경상사고,0,0,1,0,차대사람 - 기타,안전운전불이행,포장 - 건조,맑음,교차로 - 교차로부근,승용,남,18세,상해없음,보행자,남,49세,경상
1858,2021033100100579,2021년 3월 31일 22시,수요일,경기도 평택시 비전동,중상사고,0,1,0,0,차대사람 - 횡단중,과속,포장 - 건조,맑음,단일로 - 기타,승용,남,58세,상해없음,보행자,남,36세,중상
1859,2021033100100580,2021년 3월 31일 22시,수요일,경기도 화성시 향남읍,경상사고,0,0,1,0,차대사람 - 기타,안전운전불이행,포장 - 건조,맑음,교차로 - 교차로부근,승용,남,23세,상해없음,보행자,남,50세,경상
1860,2021033100100601,2021년 3월 31일 23시,수요일,경기도 수원시 장안구 연무동,경상사고,0,0,1,0,차대사람 - 기타,안전운전불이행,포장 - 건조,맑음,단일로 - 기타,승용,남,20세,상해없음,보행자,남,26세,경상
1861,2021033100100604,2021년 3월 31일 23시,수요일,경기도 수원시 영통구 영통동,중상사고,0,1,0,0,차대사람 - 횡단중,중앙선침범,포장 - 기타,맑음,단일로 - 기타,승용,남,45세,상해없음,보행자,남,37세,중상
1862,2021033100100605,2021년 3월 31일 23시,수요일,경기도 수원시 권선구 고색동,부상신고사고,0,0,0,1,차대사람 - 기타,안전운전불이행,포장 - 건조,맑음,단일로 - 기타,승합,남,70세,상해없음,보행자,남,36세,부상신고
1863,2021040100100005,2021년 4월 1일 00시,목요일,경기도 안양시 동안구 비산동,경상사고,0,0,1,0,차대사람 - 차도통행중,안전운전불이행,포장 - 건조,맑음,단일로 - 기타,승용,남,48세,상해없음,보행자,남,55세,경상
1864,2021040100100006,2021년 4월 1일 00시,목요일,경기도 안양시 동안구 관양동,경상사고,0,0,1,0,차대사람 - 차도통행중,안전운전불이행,포장 - 건조,맑음,단일로 - 기타,승용,남,53세,상해없음,보행자,남,26세,경상
1865,2021040100100037,2021년 4월 1일 05시,목요일,경기도 안산시 상록구 이동,중상사고,0,1,0,0,차대사람 - 횡단중,안전운전불이행,포장 - 건조,맑음,교차로 - 교차로안,승용,남,61세,상해없음,보행자,남,83세,중상
1866,2021040100100050,2021년 4월 1일 06시,목요일,경기도 파주시 조리읍,중상사고,0,1,0,0,차대사람 - 횡단중,안전운전불이행,포장 - 건조,맑음,단일로 - 기타,승용,남,40세,상해없음,보행자,여,80세,중상
1867,2021040100100053,2021년 4월 1일 07시,목요일,경기도 부천시 송내동,경상사고,0,0,1,0,차대사람 - 기타,안전운전불이행,포장 - 건조,맑음,단일로 - 기타,승용,남,35세,상해없음,보행자,여,82세,경상
1868,2021040100100071,2021년 4월 1일 07시,목요일,경기도 양주시 덕정동,경상사고,0,0,1,0,차대사람 - 기타,안전운전불이행,포장 - 건조,맑음,단일로 - 기타,자전거,남,47세,상해없음,보행자,남,65세,경상
1869,2021040100100111,2021년 4월 1일 08시,목요일,경기도 남양주시 퇴계원읍,경상사고,0,0,1,0,차대사람 - 횡단중,안전운전불이행,포장 - 건조,맑음,교차로 - 교차로부근,화물,남,58세,상해없음,보행자,여,17세,경상
1870,2021040100100127,2021년 4월 1일 09시,목요일,경기도 안산시 단원구 원곡동,중상사고,0,1,0,0,차대사람 - 기타,안전운전불이행,포장 - 건조,맑음,단일로 - 기타,화물,남,62세,상해없음,보행자,남,36세,중상
1871,2021040100100130,2021년 4월 1일 09시,목요일,경기도 수원시 권선구 곡반정동,경상사고,0,0,1,0,차대사람 - 기타,안전운전불이행,포장 - 건조,맑음,단일로 - 기타,승용,여,39세,상해없음,보행자,남,26세,경상
1872,2021040100100210,2021년 4월 1일 11시,목요일,경기도 포천시 소흘읍,중상사고,0,1,0,0,차대사람 - 횡단중,안전운전불이행,포장 - 건조,맑음,교차로 - 교차로부근,승용,여,68세,기타불명,보행자,여,60세,중상
1873,2021040100100229,2021년 4월 1일 12시,목요일,경기도 화성시 청계동,중상사고,0,1,0,0,차대사람 - 횡단중,보행자보호의무위반,포장 - 건조,맑음,교차로 - 교차로횡단보도내,이륜,남,30세,상해없음,보행자,여,8세,중상
1874,2021040100100264,2021년 4월 1일 13시,목요일,경기도 부천시 괴안동,경상사고,0,0,1,0,차대사람 - 횡단중,기타,포장 - 건조,맑음,교차로 - 교차로부근,승용,남,60세,상해없음,보행자,여,9세,경상
1875,2021040100100265,2021년 4월 1일 13시,목요일,경기도 성남시 중원구 하대원동,중상사고,0,1,0,0,차대사람 - 기타,안전운전불이행,포장 - 건조,맑음,기타 - 기타,승합,남,56세,상해없음,보행자,여,77세,중상
1876,2021040100100287,2021년 4월 1일 13시,목요일,경기도 의정부시 금오동,경상사고,0,0,1,0,차대사람 - 횡단중,보행자보호의무위반,포장 - 건조,맑음,교차로 - 교차로안,승용,여,54세,상해없음,보행자,남,27세,경상
1877,2021040100100300,2021년 4월 1일 14시,목요일,경기도 오산시 오산동,경상사고,0,0,1,0,차대사람 - 기타,보행자보호의무위반,포장 - 건조,맑음,교차로 - 교차로횡단보도내,자전거,남,66세,상해없음,보행자,여,75세,경상
1878,2021040100100336,2021년 4월 1일 15시,목요일,경기도 부천시 괴안동,경상사고,0,0,1,0,차대사람 - 기타,보행자보호의무위반,포장 - 건조,맑음,교차로 - 교차로안,승합,남,52세,상해없음,보행자,남,4세,경상
1879,2021040100100337,2021년 4월 1일 15시,목요일,경기도 오산시 수청동,중상사고,0,1,0,0,차대사람 - 횡단중,보행자보호의무위반,포장 - 건조,맑음,교차로 - 교차로부근,승용,여,40세,상해없음,보행자,여,34세,중상
1880,2021040100100344,2021년 4월 1일 15시,목요일,경기도 화성시 안녕동,경상사고,0,0,1,0,차대사람 - 기타,안전운전불이행,포장 - 건조,맑음,단일로 - 기타,화물,남,53세,상해없음,보행자,여,75세,경상
1881,2021040100100422,2021년 4월 1일 17시,목요일,경기도 하남시 창우동,경상사고,0,0,1,0,차대사람 - 기타,신호위반,포장 - 건조,맑음,교차로 - 교차로횡단보도내,승용,여,74세,상해없음,보행자,남,10세,경상
1882,2021040100100465,2021년 4월 1일 18시,목요일,경기도 광주시 오포읍,중상사고,0,1,0,0,차대사람 - 기타,안전운전불이행,포장 - 건조,맑음,단일로 - 기타,승용,여,38세,상해없음,보행자,여,3세,중상
1883,2021040100100505,2021년 4월 1일 18시,목요일,경기도 양주시 덕계동,경상사고,0,0,1,0,차대사람 - 횡단중,신호위반,포장 - 건조,맑음,교차로 - 교차로부근,승용,여,41세,상해없음,보행자,여,17세,경상
1884,2021040100100520,2021년 4월 1일 19시,목요일,경기도 양평군 용문면,경상사고,0,0,1,0,차대사람 - 길가장자리구역통행중,안전운전불이행,포장 - 건조,맑음,단일로 - 기타,승용,남,60세,상해없음,보행자,여,58세,경상
1885,2021040100100555,2021년 4월 1일 20시,목요일,경기도 평택시 지산동,중상사고,0,1,0,0,차대사람 - 기타,보행자보호의무위반,포장 - 건조,맑음,단일로 - 기타,승합,여,53세,상해없음,보행자,남,50세,중상
1886,2021040100100577,2021년 4월 1일 20시,목요일,경기도 고양시 일산동구 백석동,중상사고,0,1,0,0,차대사람 - 횡단중,보행자보호의무위반,포장 - 건조,맑음,교차로 - 교차로안,승용,남,72세,상해없음,보행자,남,52세,중상
1887,2021040100100578,2021년 4월 1일 20시,목요일,경기도 구리시 인창동,부상신고사고,0,0,0,1,차대사람 - 횡단중,안전운전불이행,포장 - 건조,맑음,교차로 - 교차로안,승용,남,72세,상해없음,보행자,남,13세,부상신고
1888,2021040100100586,2021년 4월 1일 21시,목요일,경기도 광명시 하안동,경상사고,0,0,1,0,차대사람 - 기타,안전운전불이행,포장 - 건조,기타,단일로 - 기타,자전거,남,58세,기타불명,보행자,여,40세,경상
1889,2021040100100607,2021년 4월 1일 22시,목요일,경기도 평택시 안중읍,경상사고,0,0,1,0,차대사람 - 기타,안전운전불이행,포장 - 건조,맑음,기타 - 기타,기타불명,기타불명,미분류,기타불명,보행자,여,27세,경상
1890,2021040100100608,2021년 4월 1일 22시,목요일,경기도 안양시 동안구 관양동,경상사고,0,0,1,0,차대사람 - 길가장자리구역통행중,안전운전불이행,포장 - 건조,맑음,단일로 - 기타,승용,남,55세,상해없음,보행자,남,61세,경상
1891,2021040100100611,2021년 4월 1일 22시,목요일,경기도 부천시 소사본동,중상사고,0,1,0,0,차대사람 - 횡단중,보행자보호의무위반,포장 - 건조,맑음,교차로 - 교차로부근,승용,남,37세,상해없음,보행자,남,53세,중상
1892,2021040100100624,2021년 4월 1일 22시,목요일,경기도 파주시 야당동,경상사고,0,0,1,0,차대사람 - 길가장자리구역통행중,안전운전불이행,포장 - 건조,맑음,단일로 - 기타,승용,남,52세,상해없음,보행자,남,42세,경상
1893,2021040200100031,2021년 4월 2일 04시,금요일,경기도 구리시 교문동,중상사고,0,1,0,0,차대사람 - 기타,기타,포장 - 건조,맑음,단일로 - 기타,승용,남,58세,상해없음,보행자,여,64세,중상
1894,2021040200100083,2021년 4월 2일 08시,금요일,경기도 평택시 동삭동,부상신고사고,0,0,0,1,차대사람 - 기타,안전운전불이행,포장 - 건조,맑음,기타 - 기타,승용,여,37세,상해없음,보행자,남,3세,부상신고
1895,2021040200100125,2021년 4월 2일 09시,금요일,경기도 의왕시 삼동,중상사고,0,1,0,0,차대사람 - 기타,안전운전불이행,포장 - 건조,맑음,단일로 - 기타,승용,남,32세,상해없음,보행자,여,90세,중상
1896,2021040200100153,2021년 4월 2일 10시,금요일,경기도 부천시 원종동,중상사고,0,1,0,0,차대사람 - 기타,안전운전불이행,포장 - 건조,맑음,단일로 - 기타,화물,남,46세,상해없음,보행자,남,77세,중상
1897,2021040200100172,2021년 4월 2일 10시,금요일,경기도 고양시 덕양구 주교동,중상사고,0,1,0,0,차대사람 - 횡단중,보행자보호의무위반,포장 - 건조,맑음,기타 - 기타,승용,여,62세,상해없음,보행자,남,63세,중상
1898,2021040200100181,2021년 4월 2일 11시,금요일,경기도 안산시 상록구 이동,중상사고,0,1,0,0,차대사람 - 기타,안전운전불이행,포장 - 건조,맑음,기타 - 기타,화물,남,54세,상해없음,보행자,여,53세,중상
1899,2021040200100203,2021년 4월 2일 11시,금요일,경기도 고양시 일산동구 마두동,경상사고,0,0,1,0,차대사람 - 차도통행중,안전운전불이행,포장 - 건조,맑음,단일로 - 기타,승용,남,83세,상해없음,보행자,남,29세,경상
1900,2021040200100205,2021년 4월 2일 11시,금요일,경기도 동두천시 송내동,경상사고,0,0,1,0,차대사람 - 기타,안전운전불이행,포장 - 건조,맑음,교차로 - 교차로부근,승합,남,51세,기타불명,보행자,남,4세,경상
1901,2021040200100218,2021년 4월 2일 12시,금요일,경기도 부천시 송내동,중상사고,0,1,1,0,차대사람 - 기타,안전운전불이행,포장 - 건조,맑음,교차로 - 교차로안,승합,남,50세,상해없음,보행자,남,76세,중상
1902,2021040200100294,2021년 4월 2일 14시,금요일,경기도 광주시 태전동,경상사고,0,0,1,0,차대사람 - 기타,안전운전불이행,포장 - 건조,맑음,기타 - 기타,승합,남,23세,상해없음,보행자,남,7세,경상
1903,2021040200100315,2021년 4월 2일 14시,금요일,경기도 남양주시 진접읍,경상사고,0,0,1,0,차대사람 - 기타,안전운전불이행,포장 - 건조,맑음,단일로 - 기타,사륜오토바이(ATV),남,73세,상해없음,보행자,남,65세,경상
1904,2021040200100328,2021년 4월 2일 15시,금요일,경기도 부천시 심곡동,중상사고,0,1,0,0,차대사람 - 기타,기타,포장 - 건조,맑음,단일로 - 기타,개인형이동수단(PM),남,16세,상해없음,보행자,여,74세,중상
1905,2021040200100329,2021년 4월 2일 15시,금요일,경기도 광명시 철산동,중상사고,0,1,0,0,차대사람 - 횡단중,기타,포장 - 건조,맑음,교차로 - 교차로부근,승용,남,23세,상해없음,보행자,남,12세,중상
1906,2021040200100358,2021년 4월 2일 16시,금요일,경기도 평택시 이충동,중상사고,0,1,0,0,차대사람 - 기타,안전운전불이행,포장 - 건조,맑음,단일로 - 기타,승용,남,54세,상해없음,보행자,남,33세,중상
1907,2021040200100362,2021년 4월 2일 16시,금요일,경기도 성남시 중원구 은행동,경상사고,0,0,1,0,차대사람 - 기타,안전운전불이행,포장 - 건조,흐림,단일로 - 기타,승용,남,53세,상해없음,보행자,여,8세,경상
1908,2021040200100393,2021년 4월 2일 16시,금요일,경기도 파주시 상지석동,사망사고,1,0,0,0,차대사람 - 보도통행중,안전운전불이행,포장 - 건조,맑음,교차로 - 교차로안,승용,여,56세,상해없음,보행자,여,77세,사망
1909,2021040200100408,2021년 4월 2일 17시,금요일,경기도 성남시 중원구 은행동,경상사고,0,0,1,0,차대사람 - 횡단중,보행자보호의무위반,포장 - 건조,흐림,단일로 - 기타,승용,남,63세,상해없음,보행자,남,6세,경상
1910,2021040200100459,2021년 4월 2일 18시,금요일,경기도 안양시 만안구 안양동,경상사고,0,0,1,0,차대사람 - 보도통행중,기타,포장 - 건조,맑음,기타 - 기타,개인형이동수단(PM),남,24세,상해없음,보행자,여,67세,경상
1911,2021040200100460,2021년 4월 2일 18시,금요일,경기도 안양시 만안구 안양동,경상사고,0,0,1,0,차대사람 - 보도통행중,기타,포장 - 건조,맑음,기타 - 기타,승용,여,52세,상해없음,보행자,남,55세,경상
1912,2021040200100461,2021년 4월 2일 18시,금요일,경기도 부천시 고강동,중상사고,0,1,0,0,차대사람 - 기타,안전운전불이행,포장 - 건조,맑음,단일로 - 기타,승용,남,26세,상해없음,보행자,여,15세,중상
1913,2021040200100500,2021년 4월 2일 19시,금요일,경기도 성남시 수정구 태평동,경상사고,0,0,1,0,차대사람 - 차도통행중,안전운전불이행,포장 - 건조,맑음,교차로 - 교차로부근,승용,여,27세,상해없음,보행자,남,52세,경상
1914,2021040200100533,2021년 4월 2일 19시,금요일,경기도 고양시 덕양구 행신동,경상사고,0,0,1,0,차대사람 - 기타,보행자보호의무위반,포장 - 건조,맑음,교차로 - 교차로횡단보도내,승용,남,67세,상해없음,보행자,남,60세,경상
1915,2021040200100547,2021년 4월 2일 20시,금요일,경기도 광주시 초월읍,경상사고,0,0,1,0,차대사람 - 차도통행중,안전운전불이행,포장 - 건조,맑음,단일로 - 기타,승용,남,51세,상해없음,보행자,남,38세,경상
1916,2021040200100549,2021년 4월 2일 20시,금요일,경기도 시흥시 정왕동,경상사고,0,0,1,0,차대사람 - 길가장자리구역통행중,안전운전불이행,포장 - 건조,맑음,단일로 - 기타,승합,남,32세,상해없음,보행자,남,51세,경상
1917,2021040200100583,2021년 4월 2일 21시,금요일,경기도 수원시 영통구 하동,중상사고,0,1,0,0,차대사람 - 기타,신호위반,포장 - 건조,맑음,교차로 - 교차로횡단보도내,승용,남,49세,상해없음,보행자,남,37세,중상
1918,2021040300100007,2021년 4월 3일 00시,토요일,경기도 성남시 중원구 성남동,경상사고,0,0,1,0,차대사람 - 기타,안전운전불이행,포장 - 건조,맑음,단일로 - 기타,승용,남,28세,상해없음,보행자,남,40세,경상
1919,2021040300100009,2021년 4월 3일 00시,토요일,경기도 화성시 산척동,부상신고사고,0,0,0,1,차대사람 - 기타,안전운전불이행,포장 - 건조,맑음,교차로 - 교차로부근,승용,남,52세,상해없음,보행자,남,43세,부상신고
1920,2021040300100127,2021년 4월 3일 10시,토요일,경기도 구리시 수택동,경상사고,0,0,1,0,차대사람 - 횡단중,보행자보호의무위반,포장 - 젖음/습기,비,교차로 - 교차로횡단보도내,승용,여,49세,상해없음,보행자,남,26세,경상
1921,2021040300100128,2021년 4월 3일 10시,토요일,경기도 남양주시 오남읍,경상사고,0,0,1,0,차대사람 - 기타,안전운전불이행,포장 - 건조,맑음,단일로 - 기타,승용,남,62세,상해없음,보행자,여,71세,경상
1922,2021040300100143,2021년 4월 3일 11시,토요일,경기도 하남시 신장동,경상사고,0,0,1,0,차대사람 - 기타,안전운전불이행,포장 - 젖음/습기,비,교차로 - 교차로부근,승용,남,60세,상해없음,보행자,남,12세,경상
1923,2021040300100222,2021년 4월 3일 13시,토요일,경기도 성남시 수정구 수진동,중상사고,0,1,0,0,차대사람 - 보도통행중,보행자보호의무위반,포장 - 젖음/습기,비,교차로 - 교차로부근,승용,여,56세,상해없음,보행자,남,65세,중상
1924,2021040300100423,2021년 4월 3일 18시,토요일,경기도 고양시 일산동구 백석동,중상사고,0,1,0,0,차대사람 - 기타,안전운전불이행,포장 - 젖음/습기,비,교차로 - 교차로안,승용,남,27세,상해없음,보행자,남,70세,중상
1925,2021040300100440,2021년 4월 3일 19시,토요일,경기도 안산시 상록구 사동,중상사고,0,1,0,0,차대사람 - 기타,신호위반,포장 - 젖음/습기,비,교차로 - 교차로횡단보도내,승용,여,37세,상해없음,보행자,남,48세,중상
1926,2021040300100469,2021년 4월 3일 19시,토요일,경기도 의정부시 의정부동,경상사고,0,0,1,0,차대사람 - 차도통행중,중앙선침범,포장 - 젖음/습기,비,단일로 - 기타,승용,남,44세,상해없음,보행자,남,26세,경상
1927,2021040300100471,2021년 4월 3일 19시,토요일,경기도 남양주시 화도읍,중상사고,0,1,0,0,차대사람 - 횡단중,안전운전불이행,포장 - 젖음/습기,비,교차로 - 교차로안,이륜,남,56세,상해없음,보행자,남,68세,중상
1928,2021040300100472,2021년 4월 3일 19시,토요일,경기도 파주시 야당동,중상사고,0,1,0,0,차대사람 - 차도통행중,안전운전불이행,포장 - 젖음/습기,비,단일로 - 지하차도(도로)내,승용,남,52세,상해없음,보행자,여,76세,중상
1929,2021040300100479,2021년 4월 3일 20시,토요일,경기도 평택시 서정동,경상사고,0,0,1,0,차대사람 - 횡단중,안전운전불이행,포장 - 젖음/습기,비,교차로 - 교차로횡단보도내,이륜,남,27세,상해없음,보행자,남,68세,경상