,사고번호,사고일시,요일,시군구,사고내용,사망자수,중상자수,경상자수,부상신고자수,사고유형,법규위반,노면상태,기상상태,도로형태,가해운전자 차종,가해운전자 성별,가해운전자 연령,가해운전자 상해정도,피해운전자 차종,피해운전자 성별,피해운전자 연령,피해운전자 상해정도
1930,2021040300100480,2021년 4월 3일 20시,토요일,경기도 이천시 창전동,중상사고,0,1,0,0,차대사람 - 횡단중,안전운전불이행,포장 - 젖음/습기,비,교차로 - 교차로횡단보도내,승용,여,40세,상해없음,보행자,남,69세,중상
1931,2021040300100481,2021년 4월 3일 20시,토요일,경기도 부천시 소사본동,경상사고,0,0,1,0,차대사람 - 기타,안전운전불이행,포장 - 젖음/습기,맑음,교차로 - 교차로부근,승용,남,58세,상해없음,보행자,남,16세,경상
1932,2021040300100513,2021년 4월 3일 20시,토요일,경기도 의정부시 의정부동,중상사고,0,1,0,0,차대사람 - 기타,안전운전불이행,포장 - 건조,맑음,기타 - 기타,승합,남,46세,상해없음,보행자,여,55세,중상
1933,2021040300100523,2021년 4월 3일 21시,토요일,경기도 김포시 운양동,중상사고,0,1,0,0,차대사람 - 보도통행중,신호위반,포장 - 젖음/습기,비,단일로 - 기타,이륜,남,47세,상해없음,보행자,남,15세,중상
1934,2021040300100525,2021년 4월 3일 21시,토요일,경기도 안산시 단원구 원곡동,경상사고,0,0,1,0,차대사람 - 횡단중,신호위반,포장 - 젖음/습기,비,교차로 - 교차로안,원동기,남,40세,상해없음,보행자,남,55세,경상
1935,2021040300100531,2021년 4월 3일 21시,토요일,경기도 화성시 병점동,중상사고,0,1,0,0,차대사람 - 횡단중,보행자보호의무위반,포장 - 젖음/습기,비,교차로 - 교차로횡단보도내,이륜,남,17세,상해없음,보행자,남,57세,중상
1936,2021040300100571,2021년 4월 3일 22시,토요일,경기도 안양시 동안구 평촌동,중상사고,0,1,0,0,차대사람 - 횡단중,신호위반,포장 - 젖음/습기,비,교차로 - 교차로횡단보도내,원동기,남,46세,상해없음,보행자,남,22세,중상
1937,2021040300100574,2021년 4월 3일 22시,토요일,경기도 이천시 창전동,중상사고,0,1,0,0,차대사람 - 횡단중,안전운전불이행,포장 - 젖음/습기,비,단일로 - 기타,이륜,남,49세,상해없음,보행자,남,58세,중상
1938,2021040300100578,2021년 4월 3일 22시,토요일,경기도 성남시 중원구 은행동,경상사고,0,0,1,0,차대사람 - 차도통행중,안전운전불이행,포장 - 젖음/습기,비,단일로 - 기타,승용,남,61세,상해없음,보행자,남,51세,경상
1939,2021040300100579,2021년 4월 3일 22시,토요일,경기도 성남시 분당구 수내동,경상사고,0,0,1,0,차대사람 - 기타,안전운전불이행,포장 - 젖음/습기,흐림,기타 - 기타,승용,여,48세,상해없음,보행자,남,29세,경상
1940,2021040300100603,2021년 4월 3일 22시,토요일,경기도 구리시 교문동,중상사고,0,1,0,0,차대사람 - 차도통행중,안전운전불이행,포장 - 젖음/습기,비,교차로 - 교차로안,승용,남,50세,상해없음,보행자,남,61세,중상
1941,2021040300100614,2021년 4월 3일 23시,토요일,경기도 시흥시 거모동,경상사고,0,0,1,0,차대사람 - 횡단중,보행자보호의무위반,포장 - 건조,맑음,교차로 - 교차로횡단보도내,승용,여,41세,상해없음,보행자,남,52세,경상
1942,2021040300100631,2021년 4월 3일 23시,토요일,경기도 고양시 덕양구 화정동,경상사고,0,0,1,0,차대사람 - 차도통행중,안전운전불이행,포장 - 건조,맑음,단일로 - 기타,승용,남,33세,상해없음,보행자,남,24세,경상
1943,2021040400100004,2021년 4월 4일 00시,일요일,경기도 평택시 진위면,중상사고,0,1,0,0,차대사람 - 기타,안전운전불이행,포장 - 젖음/습기,비,단일로 - 기타,승용,남,68세,상해없음,보행자,남,41세,중상
1944,2021040400100082,2021년 4월 4일 09시,일요일,경기도 의정부시 의정부동,중상사고,0,1,0,0,차대사람 - 차도통행중,안전운전불이행,포장 - 건조,맑음,단일로 - 기타,승용,남,34세,상해없음,보행자,남,63세,중상
1945,2021040400100088,2021년 4월 4일 10시,일요일,경기도 성남시 중원구 상대원동,부상신고사고,0,0,0,1,차대사람 - 횡단중,신호위반,포장 - 건조,맑음,단일로 - 기타,자전거,남,69세,상해없음,보행자,여,62세,부상신고
1946,2021040400100121,2021년 4월 4일 12시,일요일,경기도 성남시 수정구 창곡동,중상사고,0,1,0,0,차대사람 - 기타,안전운전불이행,포장 - 건조,맑음,단일로 - 기타,자전거,남,68세,상해없음,보행자,남,63세,중상
1947,2021040400100123,2021년 4월 4일 12시,일요일,경기도 시흥시 은행동,경상사고,0,0,1,0,차대사람 - 기타,안전운전불이행,포장 - 건조,맑음,단일로 - 기타,승용,여,51세,상해없음,보행자,여,16세,경상
1948,2021040400100148,2021년 4월 4일 13시,일요일,경기도 수원시 권선구 세류동,중상사고,0,1,0,0,차대사람 - 차도통행중,안전운전불이행,포장 - 건조,맑음,기타 - 기타,승용,남,31세,상해없음,보행자,여,52세,중상
1949,2021040400100176,2021년 4월 4일 14시,일요일,경기도 용인시 기흥구 언남동,경상사고,0,0,1,0,차대사람 - 기타,안전운전불이행,포장 - 건조,맑음,기타 - 기타,승용,여,25세,상해없음,보행자,남,48세,경상
1950,2021040400100199,2021년 4월 4일 14시,일요일,경기도 고양시 일산서구 대화동,부상신고사고,0,0,0,1,차대사람 - 기타,기타,포장 - 건조,맑음,단일로 - 기타,자전거,기타불명,미분류,기타불명,보행자,남,39세,부상신고
1951,2021040400100215,2021년 4월 4일 15시,일요일,경기도 수원시 팔달구 화서동,경상사고,0,0,1,0,차대사람 - 기타,안전운전불이행,포장 - 건조,맑음,단일로 - 기타,승용,여,30세,상해없음,보행자,여,7세,경상
1952,2021040400100216,2021년 4월 4일 15시,일요일,경기도 성남시 수정구 태평동,중상사고,0,1,1,0,차대사람 - 기타,안전운전불이행,포장 - 건조,맑음,단일로 - 기타,자전거,남,48세,중상,보행자,여,32세,경상
1953,2021040400100225,2021년 4월 4일 15시,일요일,경기도 안양시 만안구 석수동,경상사고,0,0,1,0,차대사람 - 횡단중,안전운전불이행,포장 - 건조,맑음,교차로 - 교차로부근,승용,남,51세,상해없음,보행자,남,20세,경상
1954,2021040400100249,2021년 4월 4일 16시,일요일,경기도 부천시 소사본동,경상사고,0,0,1,0,차대사람 - 횡단중,신호위반,포장 - 건조,맑음,교차로 - 교차로안,이륜,남,24세,상해없음,보행자,남,47세,경상
1955,2021040400100375,2021년 4월 4일 21시,일요일,경기도 수원시 장안구 파장동,중상사고,0,1,0,0,차대사람 - 횡단중,안전운전불이행,포장 - 건조,맑음,단일로 - 기타,승용,남,31세,상해없음,보행자,남,61세,중상
1956,2021040500100008,2021년 4월 5일 00시,월요일,경기도 고양시 일산서구 주엽동,경상사고,0,0,1,0,차대사람 - 기타,기타,포장 - 건조,맑음,교차로 - 교차로안,승합,남,53세,상해없음,보행자,남,58세,경상
1957,2021040500100066,2021년 4월 5일 07시,월요일,경기도 하남시 감북동,경상사고,0,0,1,0,차대사람 - 기타,안전운전불이행,포장 - 건조,맑음,단일로 - 기타,화물,남,50세,상해없음,보행자,남,38세,경상
1958,2021040500100089,2021년 4월 5일 08시,월요일,경기도 평택시 안중읍,경상사고,0,0,1,0,차대사람 - 횡단중,보행자보호의무위반,포장 - 건조,맑음,교차로 - 교차로횡단보도내,승용,여,24세,상해없음,보행자,여,62세,경상
1959,2021040500100090,2021년 4월 5일 08시,월요일,경기도 부천시 소사본동,경상사고,0,0,1,0,차대사람 - 횡단중,보행자보호의무위반,포장 - 건조,맑음,교차로 - 교차로횡단보도내,승용,남,50세,상해없음,보행자,남,58세,경상
1960,2021040500100091,2021년 4월 5일 08시,월요일,경기도 부천시 역곡동,경상사고,0,0,1,0,차대사람 - 기타,신호위반,포장 - 건조,맑음,단일로 - 기타,이륜,남,67세,상해없음,보행자,여,45세,경상
1961,2021040500100142,2021년 4월 5일 09시,월요일,경기도 수원시 장안구 율전동,경상사고,0,0,1,0,차대사람 - 횡단중,보행자보호의무위반,포장 - 건조,맑음,교차로 - 교차로안,화물,남,36세,상해없음,보행자,여,68세,경상
1962,2021040500100143,2021년 4월 5일 09시,월요일,경기도 양평군 용문면,부상신고사고,0,0,0,1,차대사람 - 기타,보행자보호의무위반,포장 - 건조,맑음,교차로 - 교차로횡단보도내,승합,남,55세,상해없음,보행자,남,77세,부상신고
1963,2021040500100184,2021년 4월 5일 10시,월요일,경기도 오산시 갈곶동,중상사고,0,1,0,0,차대사람 - 기타,안전운전불이행,포장 - 건조,맑음,교차로 - 교차로안,승용,여,55세,상해없음,보행자,남,77세,중상
1964,2021040500100238,2021년 4월 5일 11시,월요일,경기도 고양시 덕양구 성사동,중상사고,0,1,0,0,차대사람 - 차도통행중,안전운전불이행,포장 - 건조,맑음,단일로 - 기타,화물,남,59세,상해없음,보행자,여,64세,중상
1965,2021040500100278,2021년 4월 5일 13시,월요일,경기도 하남시 망월동,경상사고,0,0,1,0,차대사람 - 보도통행중,보행자보호의무위반,포장 - 건조,맑음,교차로 - 교차로횡단보도내,개인형이동수단(PM),남,43세,상해없음,보행자,여,22세,경상
1966,2021040500100308,2021년 4월 5일 14시,월요일,경기도 이천시 중리동,경상사고,0,0,1,0,차대사람 - 기타,안전운전불이행,포장 - 건조,맑음,단일로 - 기타,승합,남,41세,상해없음,보행자,여,26세,경상
1967,2021040500100360,2021년 4월 5일 15시,월요일,경기도 평택시 진위면,중상사고,0,1,0,0,차대사람 - 기타,안전운전불이행,포장 - 건조,맑음,단일로 - 기타,승용,남,36세,상해없음,보행자,여,69세,중상
1968,2021040500100362,2021년 4월 5일 15시,월요일,경기도 부천시 괴안동,경상사고,0,0,1,0,차대사람 - 횡단중,안전운전불이행,포장 - 건조,맑음,교차로 - 교차로안,승용,남,74세,기타불명,보행자,여,13세,경상
1969,2021040500100364,2021년 4월 5일 15시,월요일,경기도 성남시 분당구 운중동,경상사고,0,0,1,0,차대사람 - 기타,안전운전불이행,포장 - 건조,맑음,미분류 - 미분류,승합,남,61세,상해없음,보행자,여,75세,경상
1970,2021040500100388,2021년 4월 5일 15시,월요일,경기도 의정부시 호원동,경상사고,0,0,1,0,차대사람 - 횡단중,보행자보호의무위반,포장 - 건조,맑음,단일로 - 기타,화물,남,41세,상해없음,보행자,남,7세,경상
1971,2021040500100408,2021년 4월 5일 16시,월요일,경기도 성남시 분당구 운중동,경상사고,0,0,1,0,차대사람 - 기타,안전운전불이행,포장 - 건조,맑음,단일로 - 기타,승용,남,59세,상해없음,보행자,여,75세,경상
1972,2021040500100437,2021년 4월 5일 16시,월요일,경기도 가평군 청평면,경상사고,0,0,1,0,차대사람 - 횡단중,보행자보호의무위반,포장 - 건조,맑음,교차로 - 교차로횡단보도내,화물,남,60세,상해없음,보행자,여,51세,경상
1973,2021040500100449,2021년 4월 5일 17시,월요일,경기도 수원시 장안구 율전동,중상사고,0,1,0,0,차대사람 - 기타,안전운전불이행,포장 - 건조,맑음,교차로 - 교차로부근,이륜,남,23세,상해없음,보행자,여,23세,중상
1974,2021040500100451,2021년 4월 5일 17시,월요일,경기도 안양시 동안구 관양동,경상사고,0,0,1,0,차대사람 - 기타,안전운전불이행,포장 - 건조,맑음,기타 - 기타,승용,여,25세,상해없음,보행자,여,27세,경상
1975,2021040500100503,2021년 4월 5일 18시,월요일,경기도 부천시 심곡동,경상사고,0,0,1,0,차대사람 - 기타,안전운전불이행,포장 - 건조,맑음,기타 - 기타,개인형이동수단(PM),여,13세,상해없음,보행자,남,49세,경상
1976,2021040500100505,2021년 4월 5일 18시,월요일,경기도 시흥시 신천동,중상사고,0,1,0,0,차대사람 - 기타,교차로운행방법위반,포장 - 건조,맑음,교차로 - 교차로안,화물,남,35세,상해없음,보행자,남,70세,중상
1977,2021040500100553,2021년 4월 5일 19시,월요일,경기도 안산시 상록구 본오동,부상신고사고,0,0,0,1,차대사람 - 횡단중,보행자보호의무위반,포장 - 건조,맑음,교차로 - 교차로횡단보도내,기타불명,기타불명,미분류,기타불명,보행자,여,9세,부상신고
1978,2021040500100556,2021년 4월 5일 19시,월요일,경기도 화성시 산척동,중상사고,0,1,0,0,차대사람 - 횡단중,신호위반,포장 - 건조,맑음,교차로 - 교차로횡단보도내,승용,남,45세,상해없음,보행자,남,9세,중상
1979,2021040500100589,2021년 4월 5일 20시,월요일,경기도 평택시 통복동,중상사고,0,1,0,0,차대사람 - 기타,안전운전불이행,포장 - 건조,맑음,단일로 - 기타,승용,남,30세,기타불명,보행자,여,48세,중상
1980,2021040500100590,2021년 4월 5일 20시,월요일,경기도 김포시 월곶면,중상사고,0,1,0,0,차대사람 - 횡단중,보행자보호의무위반,포장 - 건조,맑음,교차로 - 교차로횡단보도내,승용,남,41세,상해없음,보행자,남,65세,중상
1981,2021040500100647,2021년 4월 5일 22시,월요일,경기도 수원시 영통구 원천동,경상사고,0,0,1,0,차대사람 - 기타,기타,포장 - 건조,맑음,단일로 - 기타,개인형이동수단(PM),남,35세,상해없음,보행자,남,19세,경상
1982,2021040600100008,2021년 4월 6일 01시,화요일,경기도 평택시 오성면,경상사고,0,0,1,0,차대사람 - 기타,안전운전불이행,포장 - 건조,맑음,단일로 - 기타,승용,남,65세,상해없음,보행자,여,23세,경상
1983,2021040600100020,2021년 4월 6일 05시,화요일,경기도 군포시 산본동,경상사고,0,0,1,0,차대사람 - 횡단중,안전운전불이행,포장 - 건조,맑음,교차로 - 교차로부근,승용,남,58세,상해없음,보행자,여,27세,경상
1984,2021040600100045,2021년 4월 6일 07시,화요일,경기도 오산시 원동,중상사고,0,1,0,0,차대사람 - 횡단중,보행자보호의무위반,포장 - 건조,맑음,교차로 - 교차로안,승용,남,60세,상해없음,보행자,남,52세,중상
1985,2021040600100065,2021년 4월 6일 07시,화요일,경기도 의정부시 의정부동,중상사고,0,1,0,0,차대사람 - 횡단중,안전운전불이행,포장 - 건조,맑음,교차로 - 교차로부근,승용,남,67세,상해없음,보행자,여,66세,중상
1986,2021040600100067,2021년 4월 6일 07시,화요일,경기도 고양시 일산서구 탄현동,중상사고,0,1,0,0,차대사람 - 횡단중,안전운전불이행,포장 - 건조,맑음,단일로 - 기타,이륜,남,29세,상해없음,보행자,여,74세,중상
1987,2021040600100133,2021년 4월 6일 10시,화요일,경기도 수원시 팔달구 팔달로3가,경상사고,0,0,1,0,차대사람 - 횡단중,신호위반,포장 - 건조,맑음,단일로 - 기타,승용,남,57세,상해없음,보행자,여,22세,경상
1988,2021040600100157,2021년 4월 6일 10시,화요일,경기도 의정부시 민락동,경상사고,0,0,1,0,차대사람 - 길가장자리구역통행중,안전운전불이행,포장 - 건조,맑음,교차로 - 교차로안,승용,남,71세,상해없음,보행자,남,50세,경상
1989,2021040600100168,2021년 4월 6일 11시,화요일,경기도 부천시 중동,중상사고,0,1,0,0,차대사람 - 기타,기타,포장 - 건조,맑음,교차로 - 교차로안,자전거,여,61세,상해없음,보행자,여,73세,중상
1990,2021040600100224,2021년 4월 6일 12시,화요일,경기도 포천시 소흘읍,경상사고,0,0,1,0,차대사람 - 횡단중,안전운전불이행,포장 - 건조,맑음,단일로 - 기타,원동기,남,50세,상해없음,보행자,여,41세,경상
1991,2021040600100231,2021년 4월 6일 13시,화요일,경기도 부천시 심곡동,경상사고,0,0,1,0,차대사람 - 기타,보행자보호의무위반,포장 - 건조,맑음,교차로 - 교차로횡단보도내,승용,남,62세,상해없음,보행자,여,29세,경상
1992,2021040600100252,2021년 4월 6일 14시,화요일,경기도 성남시 수정구 수진동,경상사고,0,0,1,0,차대사람 - 횡단중,보행자보호의무위반,포장 - 건조,맑음,단일로 - 기타,승용,남,40세,상해없음,보행자,남,48세,경상
1993,2021040600100254,2021년 4월 6일 14시,화요일,경기도 김포시 북변동,경상사고,0,0,1,0,차대사람 - 기타,안전운전불이행,포장 - 건조,맑음,기타 - 기타,승용,여,32세,상해없음,보행자,남,42세,경상
1994,2021040600100256,2021년 4월 6일 14시,화요일,경기도 군포시 산본동,중상사고,0,1,0,0,차대사람 - 횡단중,신호위반,포장 - 건조,맑음,단일로 - 기타,승용,여,55세,상해없음,보행자,남,78세,중상
1995,2021040600100294,2021년 4월 6일 15시,화요일,경기도 성남시 수정구 수진동,경상사고,0,0,1,0,차대사람 - 횡단중,보행자보호의무위반,포장 - 건조,맑음,교차로 - 교차로부근,화물,여,50세,상해없음,보행자,여,69세,경상
1996,2021040600100298,2021년 4월 6일 15시,화요일,경기도 안산시 상록구 본오동,부상신고사고,0,0,0,1,차대사람 - 기타,안전운전불이행,포장 - 건조,맑음,교차로 - 교차로안,화물,남,55세,상해없음,보행자,남,62세,부상신고
1997,2021040600100300,2021년 4월 6일 15시,화요일,경기도 용인시 수지구 풍덕천동,중상사고,0,1,1,0,차대사람 - 횡단중,신호위반,포장 - 건조,맑음,교차로 - 교차로안,개인형이동수단(PM),남,26세,중상,보행자,여,44세,경상
1998,2021040600100330,2021년 4월 6일 16시,화요일,경기도 수원시 장안구 정자동,경상사고,0,0,1,0,차대사람 - 보도통행중,보행자보호의무위반,포장 - 건조,맑음,교차로 - 교차로횡단보도내,승용,여,56세,상해없음,보행자,남,54세,경상
1999,2021040600100331,2021년 4월 6일 16시,화요일,경기도 성남시 수정구 태평동,중상사고,0,1,1,0,차대사람 - 횡단중,안전운전불이행,포장 - 건조,맑음,교차로 - 교차로안,승합,남,56세,상해없음,보행자,여,74세,중상
2000,2021040600100377,2021년 4월 6일 17시,화요일,경기도 수원시 영통구 매탄동,경상사고,0,0,1,0,차대사람 - 기타,안전운전불이행,포장 - 건조,맑음,단일로 - 기타,승용,여,68세,상해없음,보행자,여,41세,경상
2001,2021040600100416,2021년 4월 6일 18시,화요일,경기도 화성시 산척동,경상사고,0,0,1,0,차대사람 - 보도통행중,기타,포장 - 건조,맑음,단일로 - 기타,자전거,남,15세,상해없음,보행자,여,29세,경상
2002,2021040600100443,2021년 4월 6일 18시,화요일,경기도 구리시 수택동,경상사고,0,0,1,0,차대사람 - 기타,안전운전불이행,포장 - 건조,맑음,단일로 - 기타,승용,남,63세,상해없음,보행자,여,14세,경상
2003,2021040600100468,2021년 4월 6일 19시,화요일,경기도 안산시 상록구 사동,중상사고,0,1,0,0,차대사람 - 차도통행중,안전운전불이행,포장 - 건조,맑음,단일로 - 기타,자전거,기타불명,미분류,기타불명,보행자,여,65세,중상
2004,2021040600100504,2021년 4월 6일 20시,화요일,경기도 화성시 안녕동,중상사고,0,1,0,1,차대사람 - 기타,보행자보호의무위반,포장 - 건조,맑음,교차로 - 교차로횡단보도내,이륜,남,49세,부상신고,보행자,남,52세,중상
2005,2021040700100012,2021년 4월 7일 02시,수요일,경기도 성남시 수정구 산성동,중상사고,0,1,0,0,차대사람 - 기타,안전운전불이행,포장 - 건조,맑음,기타 - 기타,승용,남,51세,상해없음,보행자,남,63세,중상
2006,2021040700100013,2021년 4월 7일 02시,수요일,경기도 광주시 오포읍,중상사고,0,1,0,0,차대사람 - 기타,기타,포장 - 건조,맑음,기타 - 기타,승용,여,66세,상해없음,보행자,남,64세,중상
2007,2021040700100016,2021년 4월 7일 03시,수요일,경기도 안성시 보개면,사망사고,1,0,0,0,차대사람 - 횡단중,안전운전불이행,포장 - 건조,맑음,단일로 - 기타,화물,남,54세,상해없음,보행자,남,36세,사망
2008,2021040700100039,2021년 4월 7일 06시,수요일,경기도 파주시 금촌동,중상사고,0,1,0,0,차대사람 - 길가장자리구역통행중,안전운전불이행,포장 - 건조,맑음,단일로 - 기타,승용,남,63세,상해없음,보행자,남,75세,중상
2009,2021040700100040,2021년 4월 7일 06시,수요일,경기도 양주시 덕계동,경상사고,0,0,1,0,차대사람 - 기타,안전운전불이행,포장 - 건조,맑음,단일로 - 기타,승용,남,59세,상해없음,보행자,남,61세,경상
2010,2021040700100047,2021년 4월 7일 07시,수요일,경기도 부천시 괴안동,경상사고,0,0,2,0,차대사람 - 횡단중,보행자보호의무위반,포장 - 건조,맑음,단일로 - 기타,승용,남,37세,상해없음,보행자,여,35세,경상
2011,2021040700100119,2021년 4월 7일 09시,수요일,경기도 평택시 팽성읍,경상사고,0,0,1,0,차대사람 - 기타,교차로운행방법위반,포장 - 건조,맑음,교차로 - 교차로안,건설기계,남,49세,상해없음,보행자,남,77세,경상
2012,2021040700100121,2021년 4월 7일 09시,수요일,경기도 성남시 중원구 상대원동,경상사고,0,0,1,0,차대사람 - 기타,안전운전불이행,포장 - 건조,맑음,기타 - 기타,화물,남,44세,상해없음,보행자,여,78세,경상
2013,2021040700100154,2021년 4월 7일 10시,수요일,경기도 시흥시 정왕동,중상사고,0,1,0,0,차대사람 - 차도통행중,안전운전불이행,포장 - 건조,맑음,단일로 - 기타,승용,남,68세,상해없음,보행자,여,60세,중상
2014,2021040700100185,2021년 4월 7일 11시,수요일,경기도 안산시 단원구 선부동,사망사고,1,0,0,0,차대사람 - 횡단중,교차로운행방법위반,포장 - 건조,맑음,교차로 - 교차로안,승용,남,43세,상해없음,보행자,남,85세,사망
2015,2021040700100186,2021년 4월 7일 11시,수요일,경기도 의왕시 내손동,중상사고,0,1,0,0,차대사람 - 횡단중,신호위반,포장 - 건조,맑음,교차로 - 교차로안,화물,남,55세,상해없음,보행자,여,72세,중상
2016,2021040700100202,2021년 4월 7일 11시,수요일,경기도 고양시 일산동구 정발산동,중상사고,0,1,0,0,차대사람 - 기타,안전운전불이행,포장 - 건조,맑음,단일로 - 기타,자전거,남,22세,상해없음,보행자,여,46세,중상
2017,2021040700100204,2021년 4월 7일 11시,수요일,경기도 고양시 일산서구 주엽동,경상사고,0,0,1,0,차대사람 - 횡단중,보행자보호의무위반,포장 - 건조,맑음,교차로 - 교차로횡단보도내,화물,남,59세,상해없음,보행자,남,40세,경상
2018,2021040700100265,2021년 4월 7일 13시,수요일,경기도 고양시 덕양구 행신동,중상사고,0,1,0,0,차대사람 - 횡단중,안전운전불이행,포장 - 건조,맑음,교차로 - 교차로부근,이륜,남,44세,상해없음,보행자,여,18세,중상
2019,2021040700100266,2021년 4월 7일 13시,수요일,경기도 양주시 백석읍,중상사고,0,1,0,0,차대사람 - 횡단중,보행자보호의무위반,포장 - 건조,맑음,교차로 - 교차로횡단보도내,승용,여,56세,상해없음,보행자,여,71세,중상
2020,2021040700100320,2021년 4월 7일 15시,수요일,경기도 안산시 상록구 수암동,중상사고,0,1,0,0,차대사람 - 기타,안전운전불이행,포장 - 건조,맑음,교차로 - 교차로안,화물,남,58세,상해없음,보행자,여,80세,중상
2021,2021040700100362,2021년 4월 7일 16시,수요일,경기도 광주시 남한산성면,경상사고,0,0,1,0,차대사람 - 횡단중,보행자보호의무위반,포장 - 건조,맑음,기타 - 기타,승용,여,67세,상해없음,보행자,남,10세,경상
2022,2021040700100364,2021년 4월 7일 16시,수요일,경기도 양평군 양평읍,경상사고,0,0,1,0,차대사람 - 보도통행중,안전운전불이행,포장 - 건조,맑음,단일로 - 기타,승용,여,49세,기타불명,보행자,여,13세,경상
2023,2021040700100366,2021년 4월 7일 16시,수요일,경기도 용인시 수지구 풍덕천동,경상사고,0,0,1,0,차대사람 - 보도통행중,기타,포장 - 건조,맑음,기타 - 기타,승용,여,44세,상해없음,보행자,남,22세,경상
2024,2021040700100394,2021년 4월 7일 16시,수요일,경기도 고양시 덕양구 대자동,중상사고,0,1,0,0,차대사람 - 길가장자리구역통행중,안전운전불이행,포장 - 건조,맑음,단일로 - 기타,승합,여,65세,상해없음,보행자,여,68세,중상
2025,2021040700100410,2021년 4월 7일 17시,수요일,경기도 부천시 중동,경상사고,0,0,1,0,차대사람 - 기타,안전운전불이행,포장 - 건조,맑음,기타 - 기타,개인형이동수단(PM),여,18세,상해없음,보행자,여,44세,경상
2026,2021040700100415,2021년 4월 7일 17시,수요일,경기도 안양시 만안구 안양동,경상사고,0,0,1,0,차대사람 - 횡단중,신호위반,포장 - 건조,맑음,교차로 - 교차로횡단보도내,이륜,남,32세,상해없음,보행자,여,7세,경상
2027,2021040700100512,2021년 4월 7일 19시,수요일,경기도 평택시 평택동,경상사고,0,0,1,0,차대사람 - 기타,안전운전불이행,포장 - 건조,맑음,교차로 - 교차로횡단보도내,승합,남,53세,상해없음,보행자,여,66세,경상
2028,2021040700100547,2021년 4월 7일 19시,수요일,경기도 고양시 덕양구 화정동,중상사고,0,1,0,0,차대사람 - 횡단중,신호위반,포장 - 기타,맑음,교차로 - 교차로안,승용,남,68세,상해없음,보행자,여,56세,중상
2029,2021040700100556,2021년 4월 7일 20시,수요일,경기도 평택시 서탄면,중상사고,0,1,0,0,차대사람 - 기타,안전운전불이행,포장 - 건조,맑음,단일로 - 기타,승용,남,27세,상해없음,보행자,남,63세,중상
2030,2021040700100570,2021년 4월 7일 20시,수요일,경기도 파주시 광탄면,중상사고,0,1,0,0,차대사람 - 길가장자리구역통행중,안전운전불이행,포장 - 건조,맑음,단일로 - 지하차도(도로)내,승용,남,49세,상해없음,보행자,남,58세,중상
2031,2021040700100581,2021년 4월 7일 21시,수요일,경기도 광주시 경안동,경상사고,0,0,1,0,차대사람 - 기타,안전운전불이행,포장 - 건조,맑음,단일로 - 기타,원동기,남,17세,상해없음,보행자,여,27세,경상
2032,2021040700100582,2021년 4월 7일 21시,수요일,경기도 여주시 교동,경상사고,0,0,1,0,차대사람 - 횡단중,보행자보호의무위반,포장 - 건조,맑음,단일로 - 기타,승용,남,38세,상해없음,보행자,남,52세,경상
2033,2021040700100584,2021년 4월 7일 21시,수요일,경기도 안산시 단원구 고잔동,경상사고,0,0,1,0,차대사람 - 기타,기타,포장 - 건조,맑음,기타 - 기타,승용,남,35세,상해없음,보행자,여,33세,경상
2034,2021040700100586,2021년 4월 7일 21시,수요일,경기도 화성시 봉담읍,경상사고,0,0,1,0,차대사람 - 보도통행중,안전운전불이행,포장 - 건조,맑음,단일로 - 기타,승합,남,57세,상해없음,보행자,여,40세,경상
2035,2021040700100618,2021년 4월 7일 22시,수요일,경기도 용인시 처인구 역북동,중상사고,0,1,1,0,차대사람 - 횡단중,안전운전불이행,포장 - 건조,맑음,교차로 - 교차로횡단보도내,승용,여,33세,상해없음,보행자,남,22세,중상
2036,2021040700100620,2021년 4월 7일 22시,수요일,경기도 성남시 중원구 성남동,경상사고,0,0,1,0,차대사람 - 기타,안전운전불이행,포장 - 건조,기타,단일로 - 기타,원동기,남,24세,상해없음,보행자,남,19세,경상
2037,2021040700100629,2021년 4월 7일 22시,수요일,경기도 고양시 일산동구 장항동,중상사고,0,1,0,0,차대사람 - 횡단중,안전운전불이행,포장 - 건조,맑음,단일로 - 기타,이륜,남,48세,상해없음,보행자,여,61세,중상
2038,2021040800100004,2021년 4월 8일 00시,목요일,경기도 성남시 중원구 금광동,경상사고,0,0,1,1,차대사람 - 보도통행중,신호위반,포장 - 건조,기타,교차로 - 교차로횡단보도내,승용,남,66세,상해없음,보행자,남,16세,경상
2039,2021040800100059,2021년 4월 8일 07시,목요일,경기도 안성시 석정동,중상사고,0,1,0,0,차대사람 - 기타,안전운전불이행,포장 - 건조,맑음,단일로 - 기타,승용,남,72세,상해없음,보행자,여,73세,중상
2040,2021040800100095,2021년 4월 8일 08시,목요일,경기도 시흥시 정왕동,중상사고,0,1,0,0,차대사람 - 횡단중,신호위반,포장 - 건조,맑음,단일로 - 기타,승용,여,37세,상해없음,보행자,여,36세,중상
2041,2021040800100155,2021년 4월 8일 09시,목요일,경기도 의정부시 금오동,경상사고,0,0,1,0,차대사람 - 기타,안전운전불이행,포장 - 건조,맑음,기타 - 기타,승합,남,72세,상해없음,보행자,남,65세,경상
2042,2021040800100166,2021년 4월 8일 10시,목요일,경기도 안성시 공도읍,경상사고,0,0,1,0,차대사람 - 기타,안전운전불이행,포장 - 건조,맑음,기타 - 기타,이륜,남,17세,상해없음,보행자,여,19세,경상
2043,2021040800100167,2021년 4월 8일 10시,목요일,경기도 김포시 고촌읍,경상사고,0,0,1,0,차대사람 - 기타,안전운전불이행,포장 - 건조,맑음,단일로 - 기타,승합,남,61세,상해없음,보행자,여,65세,경상