,사고번호,사고일시,요일,시군구,사고내용,사망자수,중상자수,경상자수,부상신고자수,사고유형,법규위반,노면상태,기상상태,도로형태,가해운전자 차종,가해운전자 성별,가해운전자 연령,가해운전자 상해정도,피해운전자 차종,피해운전자 성별,피해운전자 연령,피해운전자 상해정도
2157,2021041200100502,2021년 4월 12일 19시,월요일,경기도 구리시 인창동,경상사고,0,0,1,0,차대사람 - 기타,안전운전불이행,포장 - 젖음/습기,비,교차로 - 교차로부근,승용,남,45세,기타불명,보행자,남,52세,경상
2158,2021041200100517,2021년 4월 12일 20시,월요일,경기도 안산시 단원구 초지동,중상사고,0,1,0,0,차대사람 - 기타,신호위반,포장 - 젖음/습기,비,교차로 - 교차로부근,승용,남,62세,기타불명,보행자,남,63세,중상
2159,2021041200100520,2021년 4월 12일 20시,월요일,경기도 안양시 만안구 안양동,중상사고,0,1,0,0,차대사람 - 횡단중,신호위반,포장 - 젖음/습기,비,교차로 - 교차로횡단보도내,이륜,남,30세,상해없음,보행자,남,52세,중상
2160,2021041200100540,2021년 4월 12일 20시,월요일,경기도 파주시 금촌동,부상신고사고,0,0,0,1,차대사람 - 기타,안전운전불이행,포장 - 건조,맑음,단일로 - 기타,이륜,남,37세,상해없음,보행자,남,56세,부상신고
2161,2021041200100555,2021년 4월 12일 21시,월요일,경기도 부천시 심곡동,중상사고,0,1,0,0,차대사람 - 횡단중,보행자보호의무위반,포장 - 젖음/습기,비,단일로 - 기타,승용,남,57세,상해없음,보행자,여,36세,중상
2162,2021041200100557,2021년 4월 12일 21시,월요일,경기도 성남시 중원구 중앙동,경상사고,0,0,1,0,차대사람 - 기타,기타,포장 - 젖음/습기,비,단일로 - 기타,승용,남,44세,기타불명,보행자,남,64세,경상
2163,2021041200100558,2021년 4월 12일 21시,월요일,경기도 성남시 중원구 중앙동,경상사고,0,0,1,0,차대사람 - 기타,보행자보호의무위반,포장 - 젖음/습기,비,단일로 - 기타,이륜,남,43세,상해없음,보행자,여,45세,경상
2164,2021041200100584,2021년 4월 12일 21시,월요일,경기도 파주시 월롱면,경상사고,0,0,1,0,차대사람 - 기타,안전운전불이행,포장 - 젖음/습기,비,단일로 - 기타,승합,남,49세,상해없음,보행자,남,70세,경상
2165,2021041200100600,2021년 4월 12일 22시,월요일,경기도 광주시 송정동,중상사고,0,1,0,0,차대사람 - 횡단중,보행자보호의무위반,포장 - 젖음/습기,비,교차로 - 교차로횡단보도내,승용,여,25세,상해없음,보행자,남,41세,중상
2166,2021041200100603,2021년 4월 12일 22시,월요일,경기도 성남시 분당구 삼평동,중상사고,0,1,0,0,차대사람 - 횡단중,보행자보호의무위반,포장 - 젖음/습기,비,교차로 - 교차로부근,승용,남,44세,상해없음,보행자,남,19세,중상
2167,2021041200100604,2021년 4월 12일 22시,월요일,경기도 용인시 수지구 상현동,경상사고,0,0,1,0,차대사람 - 횡단중,신호위반,포장 - 젖음/습기,비,교차로 - 교차로횡단보도내,이륜,남,38세,상해없음,보행자,남,22세,경상
2168,2021041200100625,2021년 4월 12일 22시,월요일,경기도 고양시 일산동구 정발산동,경상사고,0,0,1,0,차대사람 - 기타,안전운전불이행,비포장 - 젖음/습기,맑음,단일로 - 기타,승용,남,58세,상해없음,보행자,남,32세,경상
2169,2021041200100637,2021년 4월 12일 23시,월요일,경기도 의왕시 오전동,경상사고,0,0,1,0,차대사람 - 횡단중,안전운전불이행,포장 - 젖음/습기,비,기타 - 기타,이륜,남,45세,상해없음,보행자,여,49세,경상
2170,2021041200100643,2021년 4월 12일 23시,월요일,경기도 남양주시 진접읍,중상사고,0,1,0,0,차대사람 - 횡단중,신호위반,포장 - 젖음/습기,비,단일로 - 기타,원동기,남,46세,상해없음,보행자,여,24세,중상
2171,2021041300100005,2021년 4월 13일 00시,화요일,경기도 안산시 단원구 선부동,사망사고,1,0,0,0,차대사람 - 기타,안전운전불이행,포장 - 젖음/습기,비,기타 - 기타,승용,남,39세,상해없음,보행자,여,55세,사망
2172,2021041300100036,2021년 4월 13일 05시,화요일,경기도 안산시 상록구 사동,중상사고,0,1,0,0,차대사람 - 횡단중,보행자보호의무위반,포장 - 건조,맑음,교차로 - 교차로횡단보도내,승용,여,47세,상해없음,보행자,여,71세,중상
2173,2021041300100082,2021년 4월 13일 07시,화요일,경기도 파주시 야당동,경상사고,0,0,1,0,차대사람 - 보도통행중,안전운전불이행,포장 - 건조,맑음,기타 - 기타,승용,여,23세,상해없음,보행자,남,15세,경상
2174,2021041300100096,2021년 4월 13일 08시,화요일,경기도 안산시 상록구 이동,중상사고,0,1,0,0,차대사람 - 횡단중,보행자보호의무위반,포장 - 건조,맑음,단일로 - 기타,승용,여,48세,상해없음,보행자,여,56세,중상
2175,2021041300100154,2021년 4월 13일 10시,화요일,경기도 안성시 동본동,경상사고,0,0,1,0,차대사람 - 기타,안전운전불이행,포장 - 건조,맑음,단일로 - 기타,승용,남,59세,상해없음,보행자,여,32세,경상
2176,2021041300100170,2021년 4월 13일 10시,화요일,경기도 동두천시 지행동,경상사고,0,0,1,0,차대사람 - 횡단중,안전운전불이행,포장 - 건조,맑음,단일로 - 기타,승용,남,37세,상해없음,보행자,남,69세,경상
2177,2021041300100211,2021년 4월 13일 12시,화요일,경기도 수원시 팔달구 인계동,경상사고,0,0,1,0,차대사람 - 횡단중,안전운전불이행,포장 - 건조,맑음,기타 - 기타,개인형이동수단(PM),여,21세,상해없음,보행자,남,59세,경상
2178,2021041300100237,2021년 4월 13일 13시,화요일,경기도 수원시 장안구 송죽동,중상사고,0,1,0,0,차대사람 - 횡단중,신호위반,포장 - 건조,맑음,교차로 - 교차로안,승용,남,26세,상해없음,보행자,여,10세,중상
2179,2021041300100239,2021년 4월 13일 13시,화요일,경기도 평택시 고덕면,경상사고,0,0,1,0,차대사람 - 횡단중,기타,포장 - 건조,맑음,교차로 - 교차로안,승용,남,44세,상해없음,보행자,남,22세,경상
2180,2021041300100243,2021년 4월 13일 13시,화요일,경기도 김포시 고촌읍,경상사고,0,0,1,0,차대사람 - 횡단중,신호위반,포장 - 건조,맑음,교차로 - 교차로안,이륜,남,49세,상해없음,보행자,여,8세,경상
2181,2021041300100247,2021년 4월 13일 13시,화요일,경기도 화성시 정남면,중상사고,0,1,0,0,차대사람 - 기타,안전운전불이행,포장 - 건조,맑음,단일로 - 기타,승용,남,59세,상해없음,보행자,남,28세,중상
2182,2021041300100304,2021년 4월 13일 14시,화요일,경기도 고양시 일산서구 탄현동,경상사고,0,0,1,0,차대사람 - 기타,보행자보호의무위반,포장 - 건조,맑음,교차로 - 교차로횡단보도내,승합,남,39세,상해없음,보행자,여,8세,경상
2183,2021041300100311,2021년 4월 13일 15시,화요일,경기도 용인시 처인구 고림동,중상사고,0,1,0,0,차대사람 - 기타,보행자보호의무위반,포장 - 건조,맑음,교차로 - 교차로횡단보도내,승용,남,31세,상해없음,보행자,여,7세,중상
2184,2021041300100353,2021년 4월 13일 16시,화요일,경기도 성남시 중원구 성남동,경상사고,0,0,1,0,차대사람 - 길가장자리구역통행중,안전운전불이행,포장 - 건조,맑음,기타 - 기타,승용,남,43세,상해없음,보행자,남,56세,경상
2185,2021041300100393,2021년 4월 13일 16시,화요일,경기도 고양시 일산동구 백석동,중상사고,0,1,0,0,차대사람 - 횡단중,보행자보호의무위반,포장 - 건조,맑음,교차로 - 교차로횡단보도내,승용,여,53세,상해없음,보행자,남,5세,중상
2186,2021041300100412,2021년 4월 13일 17시,화요일,경기도 수원시 영통구 매탄동,경상사고,0,0,1,0,차대사람 - 차도통행중,안전운전불이행,포장 - 건조,맑음,단일로 - 기타,승용,여,25세,상해없음,보행자,여,44세,경상
2187,2021041300100537,2021년 4월 13일 20시,화요일,경기도 용인시 기흥구 중동,경상사고,0,0,1,0,차대사람 - 기타,안전운전불이행,포장 - 건조,맑음,기타 - 기타,개인형이동수단(PM),여,19세,상해없음,보행자,남,36세,상해없음
2188,2021041300100561,2021년 4월 13일 21시,화요일,경기도 성남시 수정구 사송동,경상사고,0,0,1,0,차대사람 - 차도통행중,안전운전불이행,포장 - 건조,맑음,단일로 - 기타,자전거,남,48세,상해없음,보행자,남,71세,경상
2189,2021041300100566,2021년 4월 13일 21시,화요일,경기도 수원시 팔달구 인계동,경상사고,0,0,1,0,차대사람 - 차도통행중,안전운전불이행,포장 - 건조,맑음,기타 - 기타,승용,남,60세,상해없음,보행자,남,35세,경상
2190,2021041300100567,2021년 4월 13일 21시,화요일,경기도 수원시 영통구 이의동,경상사고,0,0,1,0,차대사람 - 횡단중,보행자보호의무위반,포장 - 건조,맑음,교차로 - 교차로횡단보도내,승용,남,67세,기타불명,보행자,남,27세,경상
2191,2021041300100617,2021년 4월 13일 23시,화요일,경기도 수원시 영통구 영통동,경상사고,0,0,1,0,차대사람 - 기타,보행자보호의무위반,포장 - 건조,맑음,기타 - 기타,승용,남,43세,상해없음,보행자,여,24세,경상
2192,2021041400100003,2021년 4월 14일 00시,수요일,경기도 부천시 중동,경상사고,0,0,1,0,차대사람 - 기타,안전운전불이행,포장 - 건조,흐림,기타 - 기타,승합,남,46세,상해없음,보행자,남,34세,경상
2193,2021041400100038,2021년 4월 14일 07시,수요일,경기도 김포시 고촌읍,중상사고,0,1,0,0,차대사람 - 횡단중,보행자보호의무위반,포장 - 건조,맑음,교차로 - 교차로횡단보도내,승용,남,45세,상해없음,보행자,여,24세,중상
2194,2021041400100058,2021년 4월 14일 07시,수요일,경기도 포천시 영북면,경상사고,0,0,1,0,차대사람 - 기타,안전운전불이행,포장 - 건조,맑음,단일로 - 기타,승용,남,73세,상해없음,보행자,남,29세,경상
2195,2021041400100066,2021년 4월 14일 08시,수요일,경기도 부천시 괴안동,경상사고,0,0,1,0,차대사람 - 차도통행중,안전운전불이행,포장 - 건조,맑음,단일로 - 기타,기타불명,기타불명,미분류,기타불명,보행자,여,23세,경상
2196,2021041400100070,2021년 4월 14일 08시,수요일,경기도 시흥시 정왕동,경상사고,0,0,1,0,차대사람 - 보도통행중,안전운전불이행,포장 - 건조,맑음,단일로 - 기타,개인형이동수단(PM),남,17세,상해없음,보행자,여,26세,경상
2197,2021041400100090,2021년 4월 14일 08시,수요일,경기도 고양시 덕양구 토당동,경상사고,0,0,2,0,차대사람 - 횡단중,보행자보호의무위반,포장 - 건조,맑음,교차로 - 교차로횡단보도내,승용,남,75세,경상,보행자,여,23세,경상
2198,2021041400100184,2021년 4월 14일 12시,수요일,경기도 김포시 양촌읍,중상사고,0,1,0,0,차대사람 - 보도통행중,기타,포장 - 건조,맑음,기타 - 기타,승용,남,50세,상해없음,보행자,여,72세,중상
2199,2021041400100185,2021년 4월 14일 12시,수요일,경기도 군포시 당정동,중상사고,0,1,0,0,차대사람 - 횡단중,보행자보호의무위반,포장 - 건조,맑음,교차로 - 교차로안,승용,남,25세,상해없음,보행자,여,70세,중상
2200,2021041400100222,2021년 4월 14일 13시,수요일,경기도 김포시 통진읍,경상사고,0,0,1,0,차대사람 - 횡단중,신호위반,포장 - 건조,맑음,교차로 - 교차로안,원동기,남,56세,상해없음,보행자,여,79세,경상
2201,2021041400100245,2021년 4월 14일 13시,수요일,경기도 연천군 전곡읍,중상사고,0,1,0,0,차대사람 - 기타,안전운전불이행,포장 - 건조,맑음,기타 - 기타,승합,남,61세,상해없음,보행자,여,67세,중상
2202,2021041400100257,2021년 4월 14일 14시,수요일,경기도 수원시 권선구 평동,중상사고,0,1,0,0,차대사람 - 기타,보행자보호의무위반,포장 - 건조,맑음,교차로 - 교차로횡단보도내,승용,남,54세,상해없음,보행자,남,59세,중상
2203,2021041400100279,2021년 4월 14일 14시,수요일,경기도 의정부시 용현동,경상사고,0,0,1,0,차대사람 - 횡단중,안전운전불이행,포장 - 건조,맑음,교차로 - 교차로부근,승용,남,55세,상해없음,보행자,남,71세,경상
2204,2021041400100326,2021년 4월 14일 16시,수요일,경기도 평택시 서정동,경상사고,0,0,1,0,차대사람 - 기타,신호위반,포장 - 건조,맑음,교차로 - 교차로안,승용,남,62세,상해없음,보행자,여,17세,경상
2205,2021041400100331,2021년 4월 14일 16시,수요일,경기도 수원시 영통구 매탄동,경상사고,0,0,2,0,차대사람 - 횡단중,보행자보호의무위반,포장 - 건조,맑음,교차로 - 교차로횡단보도내,승용,남,33세,상해없음,보행자,여,58세,경상
2206,2021041400100334,2021년 4월 14일 16시,수요일,경기도 수원시 권선구 구운동,경상사고,0,0,1,0,차대사람 - 기타,안전운전불이행,포장 - 건조,맑음,교차로 - 교차로안,이륜,여,38세,상해없음,보행자,여,61세,경상
2207,2021041400100335,2021년 4월 14일 16시,수요일,경기도 화성시 팔탄면,사망사고,1,0,0,0,차대사람 - 기타,안전운전불이행,포장 - 건조,맑음,단일로 - 기타,승용,남,43세,상해없음,보행자,여,86세,사망
2208,2021041400100345,2021년 4월 14일 16시,수요일,경기도 고양시 일산동구 마두동,경상사고,0,0,2,0,차대사람 - 횡단중,안전운전불이행,포장 - 건조,맑음,단일로 - 기타,이륜,남,39세,경상,보행자,여,31세,경상
2209,2021041400100355,2021년 4월 14일 17시,수요일,경기도 수원시 장안구 영화동,부상신고사고,0,0,0,1,차대사람 - 횡단중,안전운전불이행,포장 - 건조,맑음,교차로 - 교차로안,승용,남,28세,상해없음,보행자,남,91세,부상신고
2210,2021041400100359,2021년 4월 14일 17시,수요일,경기도 이천시 마장면,경상사고,0,0,1,0,차대사람 - 횡단중,보행자보호의무위반,포장 - 건조,맑음,교차로 - 교차로안,승용,남,61세,상해없음,보행자,남,8세,경상
2211,2021041400100407,2021년 4월 14일 18시,수요일,경기도 평택시 지산동,경상사고,0,0,1,0,차대사람 - 기타,안전운전불이행,포장 - 건조,맑음,단일로 - 기타,승용,남,62세,상해없음,보행자,여,5세,경상
2212,2021041400100439,2021년 4월 14일 18시,수요일,경기도 고양시 덕양구 삼송동,중상사고,0,1,0,0,차대사람 - 기타,보행자보호의무위반,포장 - 건조,맑음,교차로 - 교차로안,이륜,남,31세,상해없음,보행자,여,42세,중상
2213,2021041400100459,2021년 4월 14일 19시,수요일,경기도 화성시 석우동,경상사고,0,0,1,0,차대사람 - 기타,보행자보호의무위반,포장 - 건조,맑음,단일로 - 기타,화물,남,51세,상해없음,보행자,남,44세,경상
2214,2021041400100474,2021년 4월 14일 19시,수요일,경기도 고양시 덕양구 지축동,부상신고사고,0,0,0,1,차대사람 - 기타,안전운전불이행,포장 - 건조,맑음,기타 - 기타,이륜,남,40세,상해없음,보행자,남,34세,부상신고
2215,2021041400100487,2021년 4월 14일 20시,수요일,경기도 수원시 장안구 연무동,경상사고,0,0,1,0,차대사람 - 횡단중,보행자보호의무위반,포장 - 건조,맑음,교차로 - 교차로횡단보도내,승용,남,61세,상해없음,보행자,남,50세,경상
2216,2021041400100488,2021년 4월 14일 20시,수요일,경기도 성남시 수정구 수진동,경상사고,0,0,1,0,차대사람 - 기타,안전운전불이행,포장 - 건조,맑음,단일로 - 기타,화물,남,60세,상해없음,보행자,남,54세,경상
2217,2021041400100501,2021년 4월 14일 20시,수요일,경기도 남양주시 별내동,경상사고,0,0,1,0,차대사람 - 기타,신호위반,포장 - 건조,맑음,교차로 - 교차로안,자전거,남,55세,상해없음,보행자,여,4세,경상
2218,2021041400100557,2021년 4월 14일 22시,수요일,경기도 구리시 토평동,사망사고,1,0,0,0,차대사람 - 길가장자리구역통행중,안전운전불이행,포장 - 건조,맑음,단일로 - 기타,승합,남,56세,상해없음,보행자,여,54세,사망
2219,2021041500100044,2021년 4월 15일 07시,목요일,경기도 수원시 팔달구 지동,경상사고,0,0,1,0,차대사람 - 기타,안전운전불이행,포장 - 건조,맑음,기타 - 기타,승합,남,41세,상해없음,보행자,남,47세,경상
2220,2021041500100078,2021년 4월 15일 08시,목요일,경기도 화성시 송산면,경상사고,0,0,1,0,차대사람 - 횡단중,안전운전불이행,포장 - 건조,맑음,교차로 - 교차로안,승용,여,54세,상해없음,보행자,남,9세,경상
2221,2021041500100102,2021년 4월 15일 08시,목요일,경기도 포천시 선단동,경상사고,0,0,1,0,차대사람 - 횡단중,안전운전불이행,포장 - 건조,맑음,교차로 - 교차로안,승용,여,45세,상해없음,보행자,여,17세,경상
2222,2021041500100107,2021년 4월 15일 09시,목요일,경기도 수원시 장안구 파장동,경상사고,0,0,1,0,차대사람 - 길가장자리구역통행중,안전운전불이행,포장 - 건조,맑음,단일로 - 기타,승용,남,47세,상해없음,보행자,남,62세,경상
2223,2021041500100187,2021년 4월 15일 11시,목요일,경기도 파주시 월롱면,경상사고,0,0,1,0,차대사람 - 기타,안전운전불이행,포장 - 건조,맑음,단일로 - 기타,승용,남,78세,상해없음,보행자,남,20세,경상
2224,2021041500100227,2021년 4월 15일 12시,목요일,경기도 남양주시 퇴계원읍,중상사고,0,2,0,0,차대사람 - 기타,기타,포장 - 건조,맑음,교차로 - 교차로부근,승용,여,64세,상해없음,보행자,남,70세,중상
2225,2021041500100239,2021년 4월 15일 13시,목요일,경기도 수원시 장안구 율전동,경상사고,0,0,1,0,차대사람 - 차도통행중,안전운전불이행,포장 - 건조,맑음,교차로 - 교차로부근,승용,남,63세,상해없음,보행자,여,72세,경상
2226,2021041500100274,2021년 4월 15일 14시,목요일,경기도 안산시 상록구 사동,경상사고,0,0,1,0,차대사람 - 횡단중,신호위반,포장 - 건조,맑음,교차로 - 교차로횡단보도내,승용,여,29세,상해없음,보행자,여,48세,경상
2227,2021041500100302,2021년 4월 15일 15시,목요일,경기도 광주시 오포읍,경상사고,0,0,1,0,차대사람 - 차도통행중,안전운전불이행,포장 - 건조,맑음,단일로 - 기타,승용,남,53세,상해없음,보행자,남,1세,경상
2228,2021041500100308,2021년 4월 15일 15시,목요일,경기도 화성시 송산면,경상사고,0,0,1,0,차대사람 - 횡단중,중앙선침범,포장 - 건조,맑음,단일로 - 기타,화물,남,54세,상해없음,보행자,여,5세,경상
2229,2021041500100384,2021년 4월 15일 17시,목요일,경기도 광명시 광명동,경상사고,0,0,1,0,차대사람 - 길가장자리구역통행중,안전운전불이행,포장 - 건조,맑음,단일로 - 기타,승용,남,50세,상해없음,보행자,여,19세,경상
2230,2021041500100419,2021년 4월 15일 17시,목요일,경기도 고양시 덕양구 내유동,중상사고,0,1,0,0,차대사람 - 기타,안전운전불이행,포장 - 건조,맑음,교차로 - 교차로안,승용,남,33세,상해없음,보행자,여,57세,중상
2231,2021041500100435,2021년 4월 15일 18시,목요일,경기도 평택시 신장동,경상사고,0,0,1,0,차대사람 - 횡단중,보행자보호의무위반,포장 - 건조,맑음,교차로 - 교차로횡단보도내,승용,남,40세,상해없음,보행자,여,5세,경상
2232,2021041500100437,2021년 4월 15일 18시,목요일,경기도 안성시 인지동,중상사고,0,1,0,0,차대사람 - 기타,안전운전불이행,포장 - 건조,맑음,교차로 - 교차로부근,승용,남,42세,상해없음,보행자,남,59세,중상
2233,2021041500100439,2021년 4월 15일 18시,목요일,경기도 광주시 초월읍,중상사고,0,1,0,0,차대사람 - 기타,안전운전불이행,포장 - 건조,맑음,기타 - 기타,승용,남,67세,상해없음,보행자,남,49세,중상
2234,2021041500100440,2021년 4월 15일 18시,목요일,경기도 부천시 심곡본동,경상사고,0,0,1,0,차대사람 - 기타,안전운전불이행,포장 - 건조,맑음,단일로 - 기타,원동기,남,15세,상해없음,보행자,여,57세,경상
2235,2021041500100446,2021년 4월 15일 18시,목요일,경기도 화성시 진안동,경상사고,0,0,1,0,차대사람 - 횡단중,안전운전불이행,포장 - 건조,맑음,단일로 - 기타,승용,남,61세,상해없음,보행자,남,41세,경상
2236,2021041500100526,2021년 4월 15일 20시,목요일,경기도 성남시 수정구 태평동,경상사고,0,0,1,0,차대사람 - 횡단중,신호위반,포장 - 건조,맑음,교차로 - 교차로횡단보도내,자전거,남,61세,상해없음,보행자,남,68세,경상
2237,2021041500100529,2021년 4월 15일 20시,목요일,경기도 이천시 부발읍,중상사고,0,1,0,0,차대사람 - 횡단중,보행자보호의무위반,포장 - 건조,맑음,단일로 - 기타,승용,남,39세,기타불명,보행자,남,41세,중상
2238,2021041500100532,2021년 4월 15일 20시,목요일,경기도 부천시 역곡동,경상사고,0,0,1,0,차대사람 - 기타,안전운전불이행,포장 - 건조,맑음,단일로 - 기타,화물,남,39세,상해없음,보행자,남,23세,경상
2239,2021041500100599,2021년 4월 15일 22시,목요일,경기도 오산시 오산동,경상사고,0,0,1,0,차대사람 - 횡단중,안전운전불이행,포장 - 건조,맑음,단일로 - 기타,승용,남,33세,상해없음,보행자,남,29세,경상
2240,2021041600100083,2021년 4월 16일 08시,금요일,경기도 광주시 오포읍,경상사고,0,0,1,0,차대사람 - 기타,안전운전불이행,포장 - 건조,맑음,기타 - 기타,승용,여,37세,상해없음,보행자,여,51세,경상
2241,2021041600100086,2021년 4월 16일 08시,금요일,경기도 부천시 원미동,중상사고,0,1,0,0,차대사람 - 횡단중,안전운전불이행,포장 - 건조,흐림,교차로 - 교차로부근,승용,남,54세,상해없음,보행자,남,13세,중상
2242,2021041600100141,2021년 4월 16일 10시,금요일,경기도 부천시 송내동,부상신고사고,0,0,0,1,차대사람 - 기타,안전운전불이행,포장 - 건조,맑음,교차로 - 교차로안,승용,남,37세,상해없음,보행자,여,79세,부상신고
2243,2021041600100143,2021년 4월 16일 10시,금요일,경기도 화성시 남양읍,경상사고,0,0,1,0,차대사람 - 길가장자리구역통행중,안전운전불이행,포장 - 건조,맑음,단일로 - 기타,화물,남,35세,상해없음,보행자,남,56세,경상
2244,2021041600100194,2021년 4월 16일 12시,금요일,경기도 김포시 고촌읍,중상사고,0,1,0,0,차대사람 - 차도통행중,안전운전불이행,포장 - 건조,맑음,단일로 - 기타,승용,남,61세,상해없음,보행자,여,65세,중상
2245,2021041600100228,2021년 4월 16일 13시,금요일,경기도 안산시 단원구 초지동,경상사고,0,0,1,0,차대사람 - 기타,안전운전불이행,포장 - 건조,맑음,단일로 - 기타,승용,남,39세,상해없음,보행자,남,36세,경상
2246,2021041600100247,2021년 4월 16일 14시,금요일,경기도 김포시 감정동,중상사고,0,1,0,0,차대사람 - 횡단중,안전운전불이행,포장 - 건조,맑음,단일로 - 기타,승용,여,31세,상해없음,보행자,남,6세,중상
2247,2021041600100277,2021년 4월 16일 15시,금요일,경기도 수원시 팔달구 지동,부상신고사고,0,0,0,1,차대사람 - 기타,안전운전불이행,포장 - 건조,맑음,단일로 - 기타,승합,남,74세,상해없음,보행자,남,57세,부상신고
2248,2021041600100301,2021년 4월 16일 15시,금요일,경기도 의정부시 민락동,중상사고,0,1,0,0,차대사람 - 횡단중,보행자보호의무위반,포장 - 건조,맑음,교차로 - 교차로횡단보도내,승용,여,65세,상해없음,보행자,여,46세,중상
2249,2021041600100302,2021년 4월 16일 15시,금요일,경기도 남양주시 퇴계원읍,중상사고,0,1,0,0,차대사람 - 기타,안전운전불이행,포장 - 건조,맑음,교차로 - 교차로부근,승용,여,53세,상해없음,보행자,남,60세,중상
2250,2021041600100318,2021년 4월 16일 16시,금요일,경기도 광주시 경안동,중상사고,0,1,0,0,차대사람 - 기타,안전운전불이행,포장 - 건조,맑음,단일로 - 기타,개인형이동수단(PM),여,21세,상해없음,보행자,여,49세,중상
2251,2021041600100356,2021년 4월 16일 17시,금요일,경기도 성남시 수정구 태평동,경상사고,0,0,1,0,차대사람 - 기타,안전운전불이행,포장 - 건조,맑음,단일로 - 기타,승용,여,54세,상해없음,보행자,남,47세,경상
2252,2021041600100357,2021년 4월 16일 17시,금요일,경기도 광주시 역동,경상사고,0,0,1,0,차대사람 - 기타,안전운전불이행,포장 - 건조,맑음,기타 - 기타,승용,남,42세,상해없음,보행자,남,36세,경상
2253,2021041600100402,2021년 4월 16일 18시,금요일,경기도 오산시 오산동,경상사고,0,0,1,0,차대사람 - 기타,기타,포장 - 건조,맑음,단일로 - 기타,승합,남,51세,상해없음,보행자,남,40세,경상
2254,2021041600100439,2021년 4월 16일 19시,금요일,경기도 평택시 이충동,부상신고사고,0,0,0,1,차대사람 - 보도통행중,기타,포장 - 건조,맑음,기타 - 기타,이륜,남,51세,상해없음,보행자,남,56세,부상신고
2255,2021041600100508,2021년 4월 16일 21시,금요일,경기도 성남시 수정구 창곡동,중상사고,0,1,0,0,차대사람 - 기타,기타,포장 - 건조,맑음,교차로 - 교차로부근,승용,여,60세,상해없음,보행자,남,33세,중상
2256,2021041600100511,2021년 4월 16일 21시,금요일,경기도 평택시 가재동,경상사고,0,0,1,0,차대사람 - 기타,안전운전불이행,포장 - 건조,맑음,단일로 - 기타,기타불명,기타불명,미분류,기타불명,보행자,여,17세,경상
2257,2021041600100513,2021년 4월 16일 21시,금요일,경기도 안양시 동안구 관양동,경상사고,0,0,1,0,차대사람 - 횡단중,보행자보호의무위반,포장 - 건조,맑음,교차로 - 교차로횡단보도내,승용,남,67세,상해없음,보행자,남,54세,경상
2258,2021041600100515,2021년 4월 16일 21시,금요일,경기도 김포시 구래동,경상사고,0,0,4,0,차대사람 - 횡단중,보행자보호의무위반,포장 - 건조,맑음,교차로 - 교차로횡단보도내,승용,여,45세,상해없음,보행자,남,26세,경상
2259,2021041600100517,2021년 4월 16일 21시,금요일,경기도 부천시 중동,경상사고,0,0,1,0,차대사람 - 보도통행중,기타,포장 - 건조,맑음,기타 - 기타,개인형이동수단(PM),남,29세,상해없음,보행자,여,58세,경상
2260,2021041600100534,2021년 4월 16일 21시,금요일,경기도 남양주시 다산동,중상사고,0,1,0,0,차대사람 - 횡단중,안전운전불이행,포장 - 건조,맑음,단일로 - 기타,승용,남,46세,상해없음,보행자,여,65세,중상
2261,2021041600100558,2021년 4월 16일 22시,금요일,경기도 부천시 고강동,경상사고,0,0,1,0,차대사람 - 횡단중,안전운전불이행,포장 - 건조,맑음,교차로 - 교차로횡단보도내,승용,남,51세,기타불명,보행자,남,22세,경상
2262,2021041600100584,2021년 4월 16일 23시,금요일,경기도 부천시 소사본동,경상사고,0,0,1,0,차대사람 - 길가장자리구역통행중,안전운전불이행,포장 - 건조,맑음,단일로 - 기타,승용,남,47세,상해없음,보행자,남,56세,경상
2263,2021041600100586,2021년 4월 16일 23시,금요일,경기도 안양시 만안구 박달동,중상사고,0,1,0,0,차대사람 - 기타,안전운전불이행,포장 - 건조,맑음,교차로 - 교차로안,승용,여,50세,상해없음,보행자,여,59세,중상
2264,2021041700100081,2021년 4월 17일 08시,토요일,경기도 성남시 수정구 양지동,중상사고,0,1,0,0,차대사람 - 기타,안전운전불이행,포장 - 건조,맑음,교차로 - 교차로안,승용,여,24세,상해없음,보행자,여,73세,중상
2265,2021041700100103,2021년 4월 17일 09시,토요일,경기도 군포시 산본동,경상사고,0,0,1,0,차대사람 - 기타,안전운전불이행,포장 - 건조,흐림,교차로 - 교차로부근,승용,여,40세,상해없음,보행자,여,81세,경상
2266,2021041700100124,2021년 4월 17일 09시,토요일,경기도 남양주시 조안면,경상사고,0,0,1,0,차대사람 - 횡단중,안전운전불이행,포장 - 건조,맑음,단일로 - 기타,자전거,남,38세,상해없음,보행자,여,76세,경상
2267,2021041700100129,2021년 4월 17일 10시,토요일,경기도 안산시 단원구 고잔동,경상사고,0,0,1,0,차대사람 - 기타,안전운전불이행,포장 - 건조,맑음,교차로 - 교차로안,승용,여,44세,상해없음,보행자,남,18세,경상
2268,2021041700100130,2021년 4월 17일 10시,토요일,경기도 시흥시 신천동,중상사고,0,1,0,0,차대사람 - 횡단중,보행자보호의무위반,포장 - 건조,맑음,교차로 - 교차로횡단보도내,승용,여,24세,상해없음,보행자,여,14세,중상
2269,2021041700100149,2021년 4월 17일 10시,토요일,경기도 고양시 덕양구 화정동,경상사고,0,0,1,0,차대사람 - 기타,보행자보호의무위반,포장 - 건조,맑음,교차로 - 교차로안,승용,남,66세,상해없음,보행자,여,29세,경상