,사고번호,사고일시,요일,시군구,사고내용,사망자수,중상자수,경상자수,부상신고자수,사고유형,법규위반,노면상태,기상상태,도로형태,가해운전자 차종,가해운전자 성별,가해운전자 연령,가해운전자 상해정도,피해운전자 차종,피해운전자 성별,피해운전자 연령,피해운전자 상해정도
2608,2021050300100124,2021년 5월 3일 09시,월요일,경기도 성남시 분당구 서현동,경상사고,0,0,1,0,차대사람 - 기타,안전운전불이행,포장 - 건조,맑음,교차로 - 교차로횡단보도내,승용,남,60세,상해없음,보행자,남,85세,경상
2609,2021050300100158,2021년 5월 3일 10시,월요일,경기도 수원시 장안구 영화동,중상사고,0,1,0,0,차대사람 - 보도통행중,안전운전불이행,포장 - 건조,맑음,기타 - 기타,자전거,남,69세,상해없음,보행자,여,54세,중상
2610,2021050300100186,2021년 5월 3일 10시,월요일,경기도 의정부시 민락동,경상사고,0,0,1,0,차대사람 - 기타,기타,포장 - 건조,맑음,단일로 - 기타,승합,남,52세,기타불명,보행자,여,80세,경상
2611,2021050300100187,2021년 5월 3일 10시,월요일,경기도 고양시 일산동구 성석동,중상사고,0,1,0,0,차대사람 - 기타,안전운전불이행,포장 - 건조,맑음,단일로 - 기타,화물,남,56세,상해없음,보행자,남,79세,중상
2612,2021050300100204,2021년 5월 3일 11시,월요일,경기도 시흥시 정왕동,경상사고,0,0,1,0,차대사람 - 기타,안전운전불이행,포장 - 건조,맑음,기타 - 기타,승용,남,55세,상해없음,보행자,남,62세,경상
2613,2021050300100281,2021년 5월 3일 13시,월요일,경기도 안산시 단원구 선부동,경상사고,0,0,1,0,차대사람 - 기타,안전운전불이행,포장 - 건조,맑음,기타 - 기타,승용,남,52세,상해없음,보행자,여,64세,경상
2614,2021050300100285,2021년 5월 3일 13시,월요일,경기도 용인시 수지구 죽전동,경상사고,0,0,1,0,차대사람 - 기타,안전운전불이행,포장 - 건조,맑음,단일로 - 기타,승용,여,29세,상해없음,보행자,여,18세,경상
2615,2021050300100316,2021년 5월 3일 13시,월요일,경기도 가평군 설악면,경상사고,0,0,1,0,차대사람 - 기타,과속,포장 - 건조,맑음,단일로 - 기타,화물,남,65세,상해없음,보행자,남,9세,경상
2616,2021050300100330,2021년 5월 3일 14시,월요일,경기도 안산시 단원구 선부동,경상사고,0,0,1,0,차대사람 - 차도통행중,안전운전불이행,포장 - 건조,맑음,교차로 - 교차로부근,승용,여,62세,상해없음,보행자,여,81세,경상
2617,2021050300100449,2021년 5월 3일 17시,월요일,경기도 부천시 중동,중상사고,0,1,0,0,차대사람 - 횡단중,보행자보호의무위반,포장 - 건조,맑음,교차로 - 교차로횡단보도내,이륜,남,42세,상해없음,보행자,여,33세,중상
2618,2021050300100455,2021년 5월 3일 17시,월요일,경기도 화성시 송산면,경상사고,0,0,1,0,차대사람 - 기타,안전운전불이행,포장 - 건조,맑음,기타 - 기타,화물,남,24세,상해없음,보행자,남,83세,경상
2619,2021050300100487,2021년 5월 3일 17시,월요일,경기도 파주시 금촌동,경상사고,0,0,1,0,차대사람 - 횡단중,안전운전불이행,포장 - 건조,맑음,단일로 - 기타,승용,여,51세,상해없음,보행자,남,83세,경상
2620,2021050300100506,2021년 5월 3일 18시,월요일,경기도 용인시 수지구 동천동,중상사고,0,1,0,0,차대사람 - 횡단중,보행자보호의무위반,포장 - 건조,맑음,교차로 - 교차로횡단보도내,승용,여,49세,상해없음,보행자,여,34세,중상
2621,2021050300100539,2021년 5월 3일 19시,월요일,경기도 광주시 경안동,경상사고,0,0,1,0,차대사람 - 횡단중,보행자보호의무위반,포장 - 건조,맑음,기타 - 기타,승용,여,30세,상해없음,보행자,남,23세,경상
2622,2021050300100543,2021년 5월 3일 19시,월요일,경기도 부천시 상동,경상사고,0,0,1,0,차대사람 - 기타,기타,포장 - 건조,맑음,기타 - 기타,승용,여,51세,상해없음,보행자,남,42세,경상
2623,2021050300100573,2021년 5월 3일 20시,월요일,경기도 수원시 팔달구 고등동,경상사고,0,0,1,0,차대사람 - 기타,안전운전불이행,포장 - 건조,맑음,단일로 - 기타,승합,남,54세,상해없음,보행자,남,51세,경상
2624,2021050300100588,2021년 5월 3일 20시,월요일,경기도 고양시 일산서구 대화동,중상사고,0,1,1,0,차대사람 - 횡단중,안전운전불이행,포장 - 건조,맑음,단일로 - 기타,이륜,남,27세,상해없음,보행자,여,51세,중상
2625,2021050300100596,2021년 5월 3일 21시,월요일,경기도 부천시 중동,경상사고,0,0,1,0,차대사람 - 기타,안전운전불이행,포장 - 건조,맑음,단일로 - 기타,승용,남,39세,상해없음,보행자,남,59세,경상
2626,2021050300100615,2021년 5월 3일 21시,월요일,경기도 남양주시 화도읍,경상사고,0,0,1,0,차대사람 - 횡단중,보행자보호의무위반,포장 - 건조,맑음,교차로 - 교차로횡단보도내,승용,남,47세,상해없음,보행자,여,34세,경상
2627,2021050300100616,2021년 5월 3일 21시,월요일,경기도 양주시 옥정동,경상사고,0,0,2,0,차대사람 - 횡단중,보행자보호의무위반,포장 - 건조,맑음,교차로 - 교차로횡단보도내,승용,남,44세,상해없음,보행자,남,55세,경상
2628,2021050300100649,2021년 5월 3일 23시,월요일,경기도 부천시 상동,중상사고,0,1,0,0,차대사람 - 횡단중,안전운전불이행,포장 - 건조,흐림,기타 - 기타,이륜,남,29세,상해없음,보행자,남,31세,중상
2629,2021050400100003,2021년 5월 4일 00시,화요일,경기도 수원시 팔달구 인계동,사망사고,1,0,0,0,차대사람 - 기타,과속,포장 - 건조,맑음,단일로 - 기타,승용,남,38세,상해없음,보행자,남,53세,사망
2630,2021050400100033,2021년 5월 4일 06시,화요일,경기도 안산시 단원구 고잔동,중상사고,0,1,0,0,차대사람 - 횡단중,안전운전불이행,포장 - 건조,맑음,기타 - 기타,화물,남,59세,상해없음,보행자,여,62세,중상
2631,2021050400100072,2021년 5월 4일 08시,화요일,경기도 부천시 상동,경상사고,0,0,1,0,차대사람 - 기타,안전운전불이행,포장 - 젖음/습기,비,기타 - 기타,기타불명,기타불명,미분류,기타불명,보행자,여,20세,경상
2632,2021050400100118,2021년 5월 4일 09시,화요일,경기도 의정부시 호원동,경상사고,0,0,1,0,차대사람 - 횡단중,신호위반,포장 - 젖음/습기,비,단일로 - 기타,화물,남,47세,상해없음,보행자,여,20세,경상
2633,2021050400100239,2021년 5월 4일 13시,화요일,경기도 동두천시 생연동,중상사고,0,1,0,0,차대사람 - 차도통행중,안전운전불이행,포장 - 건조,맑음,교차로 - 교차로안,승용,여,53세,상해없음,보행자,여,75세,중상
2634,2021050400100251,2021년 5월 4일 14시,화요일,경기도 부천시 소사동,경상사고,0,0,1,0,차대사람 - 기타,안전운전불이행,포장 - 젖음/습기,비,기타 - 기타,이륜,남,37세,상해없음,보행자,남,39세,경상
2635,2021050400100253,2021년 5월 4일 14시,화요일,경기도 용인시 기흥구 보정동,부상신고사고,0,0,0,1,차대사람 - 기타,교차로운행방법위반,포장 - 젖음/습기,비,교차로 - 교차로안,승용,여,79세,상해없음,보행자,여,76세,부상신고
2636,2021050400100290,2021년 5월 4일 15시,화요일,경기도 성남시 중원구 금광동,경상사고,0,0,1,0,차대사람 - 보도통행중,보행자보호의무위반,포장 - 젖음/습기,비,교차로 - 교차로안,승용,여,61세,상해없음,보행자,남,53세,경상
2637,2021050400100318,2021년 5월 4일 15시,화요일,경기도 고양시 덕양구 화전동,경상사고,0,0,1,0,차대사람 - 차도통행중,안전운전불이행,포장 - 젖음/습기,비,교차로 - 교차로부근,승용,여,40세,상해없음,보행자,여,36세,경상
2638,2021050400100335,2021년 5월 4일 16시,화요일,경기도 용인시 처인구 김량장동,중상사고,0,1,0,0,차대사람 - 기타,안전운전불이행,포장 - 젖음/습기,비,교차로 - 교차로안,승용,여,47세,상해없음,보행자,여,66세,중상
2639,2021050400100477,2021년 5월 4일 19시,화요일,경기도 김포시 사우동,경상사고,0,0,1,0,차대사람 - 횡단중,보행자보호의무위반,포장 - 젖음/습기,비,단일로 - 기타,이륜,남,38세,상해없음,보행자,여,28세,경상
2640,2021050400100482,2021년 5월 4일 19시,화요일,경기도 안산시 상록구 건건동,중상사고,0,1,0,0,차대사람 - 횡단중,안전운전불이행,포장 - 젖음/습기,비,교차로 - 교차로안,승용,남,39세,상해없음,보행자,남,58세,중상
2641,2021050400100484,2021년 5월 4일 19시,화요일,경기도 부천시 고강동,중상사고,0,1,0,0,차대사람 - 기타,안전운전불이행,포장 - 젖음/습기,비,교차로 - 교차로안,승용,여,55세,상해없음,보행자,여,57세,중상
2642,2021050400100485,2021년 5월 4일 19시,화요일,경기도 용인시 수지구 죽전동,사망사고,1,0,0,0,차대사람 - 횡단중,안전운전불이행,포장 - 젖음/습기,맑음,단일로 - 기타,승용,여,45세,상해없음,보행자,여,76세,사망
2643,2021050400100519,2021년 5월 4일 19시,화요일,경기도 고양시 일산동구 정발산동,경상사고,0,0,1,0,차대사람 - 횡단중,보행자보호의무위반,포장 - 젖음/습기,비,교차로 - 교차로횡단보도내,승용,남,55세,상해없음,보행자,남,80세,경상
2644,2021050400100533,2021년 5월 4일 20시,화요일,경기도 광주시 태전동,중상사고,0,1,1,0,차대사람 - 기타,신호위반,포장 - 젖음/습기,비,교차로 - 교차로횡단보도내,이륜,남,38세,상해없음,보행자,남,58세,경상
2645,2021050400100575,2021년 5월 4일 20시,화요일,경기도 파주시 동패동,경상사고,0,0,2,0,차대사람 - 보도통행중,기타,포장 - 젖음/습기,비,기타 - 기타,이륜,남,17세,상해없음,보행자,남,18세,경상
2646,2021050400100598,2021년 5월 4일 21시,화요일,경기도 이천시 창전동,중상사고,0,1,0,1,차대사람 - 횡단중,안전운전불이행,포장 - 젖음/습기,비,교차로 - 교차로안,이륜,남,16세,부상신고,보행자,여,59세,중상
2647,2021050400100600,2021년 5월 4일 21시,화요일,경기도 오산시 부산동,중상사고,0,1,0,0,차대사람 - 횡단중,중앙선침범,포장 - 젖음/습기,비,교차로 - 교차로부근,승용,여,34세,상해없음,보행자,여,50세,중상
2648,2021050400100601,2021년 5월 4일 21시,화요일,경기도 부천시 심곡동,중상사고,0,1,0,0,차대사람 - 횡단중,신호위반,포장 - 젖음/습기,비,단일로 - 기타,원동기,남,22세,상해없음,보행자,남,61세,중상
2649,2021050400100602,2021년 5월 4일 21시,화요일,경기도 안산시 단원구 초지동,경상사고,0,0,1,0,차대사람 - 기타,보행자보호의무위반,포장 - 건조,맑음,교차로 - 교차로횡단보도내,승용,여,48세,상해없음,보행자,남,37세,경상
2650,2021050400100603,2021년 5월 4일 21시,화요일,경기도 시흥시 정왕동,경상사고,0,0,1,0,차대사람 - 횡단중,신호위반,포장 - 젖음/습기,비,교차로 - 교차로부근,승용,남,49세,상해없음,보행자,남,27세,경상
2651,2021050400100604,2021년 5월 4일 21시,화요일,경기도 안산시 상록구 월피동,중상사고,0,1,0,0,차대사람 - 횡단중,신호위반,포장 - 젖음/습기,비,교차로 - 교차로횡단보도내,승용,남,60세,상해없음,보행자,남,58세,중상
2652,2021050400100644,2021년 5월 4일 22시,화요일,경기도 평택시 평택동,경상사고,0,0,1,0,차대사람 - 차도통행중,안전운전불이행,포장 - 젖음/습기,비,교차로 - 교차로안,승용,남,45세,상해없음,보행자,여,62세,경상
2653,2021050400100647,2021년 5월 4일 22시,화요일,경기도 부천시 범박동,경상사고,0,0,1,0,차대사람 - 횡단중,보행자보호의무위반,포장 - 젖음/습기,비,교차로 - 교차로횡단보도내,승용,남,63세,상해없음,보행자,남,51세,경상
2654,2021050400100679,2021년 5월 4일 22시,화요일,경기도 의정부시 호원동,부상신고사고,0,0,0,1,차대사람 - 횡단중,안전운전불이행,포장 - 젖음/습기,비,단일로 - 기타,승합,남,38세,상해없음,보행자,남,60세,부상신고
2655,2021050400100695,2021년 5월 4일 23시,화요일,경기도 성남시 수정구 태평동,경상사고,0,0,1,0,차대사람 - 횡단중,신호위반,포장 - 젖음/습기,비,교차로 - 교차로안,이륜,남,34세,상해없음,보행자,남,36세,경상
2656,2021050500100210,2021년 5월 5일 12시,수요일,경기도 포천시 이동면,경상사고,0,0,1,0,차대사람 - 길가장자리구역통행중,안전운전불이행,포장 - 건조,맑음,단일로 - 기타,승용,여,38세,상해없음,보행자,남,8세,경상
2657,2021050500100248,2021년 5월 5일 13시,수요일,경기도 연천군 연천읍,경상사고,0,0,1,0,차대사람 - 차도통행중,안전운전불이행,포장 - 건조,맑음,교차로 - 교차로횡단보도내,화물,남,45세,상해없음,보행자,남,41세,경상
2658,2021050500100249,2021년 5월 5일 13시,수요일,경기도 남양주시 퇴계원읍,중상사고,0,1,0,0,차대사람 - 기타,신호위반,포장 - 건조,맑음,교차로 - 교차로안,승용,여,28세,상해없음,보행자,여,12세,중상
2659,2021050500100308,2021년 5월 5일 15시,수요일,경기도 여주시 상동,중상사고,0,1,0,0,차대사람 - 보도통행중,기타,포장 - 건조,맑음,단일로 - 기타,자전거,남,60세,상해없음,보행자,여,50세,중상
2660,2021050500100312,2021년 5월 5일 15시,수요일,경기도 안산시 단원구 초지동,중상사고,0,1,0,0,차대사람 - 기타,안전운전불이행,포장 - 건조,맑음,단일로 - 기타,자전거,남,18세,상해없음,보행자,여,68세,중상
2661,2021050500100313,2021년 5월 5일 15시,수요일,경기도 안산시 단원구 선부동,경상사고,0,0,1,0,차대사람 - 차도통행중,안전운전불이행,포장 - 건조,맑음,교차로 - 교차로부근,승용,남,36세,상해없음,보행자,여,48세,경상
2662,2021050500100314,2021년 5월 5일 15시,수요일,경기도 군포시 당정동,중상사고,0,1,0,0,차대사람 - 횡단중,안전운전불이행,포장 - 건조,맑음,교차로 - 교차로안,승합,남,45세,상해없음,보행자,여,66세,중상
2663,2021050500100344,2021년 5월 5일 16시,수요일,경기도 안성시 양성면,부상신고사고,0,0,0,1,차대사람 - 기타,기타,포장 - 건조,맑음,기타 - 기타,승용,여,59세,상해없음,보행자,남,37세,부상신고
2664,2021050500100345,2021년 5월 5일 16시,수요일,경기도 안양시 동안구 호계동,사망사고,1,0,0,0,차대사람 - 기타,안전운전불이행,포장 - 건조,맑음,기타 - 기타,건설기계,남,54세,상해없음,보행자,여,21세,사망
2665,2021050500100438,2021년 5월 5일 18시,수요일,경기도 광명시 소하동,경상사고,0,0,1,0,차대사람 - 기타,안전운전불이행,포장 - 건조,맑음,교차로 - 교차로안,승용,남,36세,상해없음,보행자,남,47세,경상
2666,2021050500100443,2021년 5월 5일 18시,수요일,경기도 화성시 서신면,중상사고,0,1,0,0,차대사람 - 기타,안전운전불이행,포장 - 건조,맑음,단일로 - 기타,승용,남,54세,상해없음,보행자,남,80세,중상
2667,2021050500100488,2021년 5월 5일 19시,수요일,경기도 남양주시 진접읍,중상사고,0,1,0,0,차대사람 - 기타,안전운전불이행,포장 - 건조,맑음,단일로 - 기타,개인형이동수단(PM),남,14세,상해없음,보행자,여,64세,중상
2668,2021050500100504,2021년 5월 5일 20시,수요일,경기도 안산시 단원구 선부동,경상사고,0,0,1,0,차대사람 - 기타,안전운전불이행,포장 - 건조,맑음,기타 - 기타,승용,여,35세,상해없음,보행자,남,65세,경상
2669,2021050500100505,2021년 5월 5일 20시,수요일,경기도 화성시 향남읍,경상사고,0,0,1,0,차대사람 - 횡단중,보행자보호의무위반,포장 - 건조,맑음,교차로 - 교차로안,승용,여,52세,상해없음,보행자,남,35세,경상
2670,2021050500100544,2021년 5월 5일 21시,수요일,경기도 고양시 일산서구 일산동,경상사고,0,0,1,0,차대사람 - 기타,안전운전불이행,포장 - 건조,맑음,교차로 - 교차로안,승용,여,49세,상해없음,보행자,남,48세,경상
2671,2021050500100568,2021년 5월 5일 22시,수요일,경기도 고양시 일산동구 장항동,중상사고,0,1,0,0,차대사람 - 보도통행중,기타,포장 - 건조,맑음,단일로 - 기타,개인형이동수단(PM),남,18세,상해없음,보행자,여,24세,중상
2672,2021050600100009,2021년 5월 6일 01시,목요일,경기도 용인시 기흥구 동백동,중상사고,0,1,0,0,차대사람 - 횡단중,보행자보호의무위반,포장 - 건조,맑음,단일로 - 기타,승용,남,69세,상해없음,보행자,남,9세,중상
2673,2021050600100017,2021년 5월 6일 03시,목요일,경기도 안산시 상록구 본오동,사망사고,1,0,0,0,차대사람 - 기타,안전운전불이행,포장 - 건조,맑음,단일로 - 기타,화물,남,54세,상해없음,보행자,남,79세,사망
2674,2021050600100062,2021년 5월 6일 07시,목요일,경기도 고양시 덕양구 행신동,경상사고,0,0,1,0,차대사람 - 횡단중,안전운전불이행,포장 - 건조,맑음,교차로 - 교차로횡단보도내,승용,남,59세,상해없음,보행자,여,54세,경상
2675,2021050600100071,2021년 5월 6일 08시,목요일,경기도 안산시 상록구 건건동,경상사고,0,0,1,0,차대사람 - 기타,안전운전불이행,포장 - 건조,맑음,단일로 - 기타,승용,남,62세,상해없음,보행자,여,22세,경상
2676,2021050600100143,2021년 5월 6일 10시,목요일,경기도 부천시 중동,경상사고,0,0,1,0,차대사람 - 기타,기타,포장 - 건조,맑음,단일로 - 기타,승용,여,34세,상해없음,보행자,남,77세,경상
2677,2021050600100145,2021년 5월 6일 10시,목요일,경기도 시흥시 은행동,경상사고,0,0,3,0,차대사람 - 횡단중,신호위반,포장 - 건조,맑음,단일로 - 기타,승용,여,54세,상해없음,보행자,남,8세,경상
2678,2021050600100163,2021년 5월 6일 10시,목요일,경기도 구리시 인창동,경상사고,0,0,1,0,차대사람 - 차도통행중,안전운전불이행,포장 - 건조,맑음,교차로 - 교차로부근,승용,남,53세,상해없음,보행자,여,65세,경상
2679,2021050600100178,2021년 5월 6일 11시,목요일,경기도 부천시 역곡동,중상사고,0,1,0,0,차대사람 - 차도통행중,안전운전불이행,포장 - 건조,맑음,기타 - 기타,개인형이동수단(PM),남,20세,상해없음,보행자,여,63세,중상
2680,2021050600100180,2021년 5월 6일 11시,목요일,경기도 부천시 작동,부상신고사고,0,0,0,1,차대사람 - 차도통행중,안전운전불이행,포장 - 건조,맑음,기타 - 기타,승용,남,29세,상해없음,보행자,남,65세,부상신고
2681,2021050600100236,2021년 5월 6일 13시,목요일,경기도 광주시 송정동,경상사고,0,0,1,0,차대사람 - 기타,안전운전불이행,포장 - 건조,맑음,교차로 - 교차로안,승합,남,57세,상해없음,보행자,남,33세,경상
2682,2021050600100240,2021년 5월 6일 13시,목요일,경기도 부천시 고강동,부상신고사고,0,0,0,1,차대사람 - 차도통행중,안전운전불이행,포장 - 건조,맑음,단일로 - 기타,화물,남,48세,상해없음,보행자,여,68세,부상신고
2683,2021050600100266,2021년 5월 6일 14시,목요일,경기도 수원시 팔달구 인계동,경상사고,0,0,1,0,차대사람 - 횡단중,보행자보호의무위반,포장 - 건조,맑음,교차로 - 교차로안,화물,남,61세,상해없음,보행자,남,24세,경상
2684,2021050600100298,2021년 5월 6일 15시,목요일,경기도 수원시 팔달구 구천동,중상사고,0,1,0,0,차대사람 - 횡단중,중앙선침범,포장 - 건조,맑음,단일로 - 기타,화물,남,47세,상해없음,보행자,남,59세,중상
2685,2021050600100303,2021년 5월 6일 15시,목요일,경기도 시흥시 계수동,중상사고,0,1,0,0,차대사람 - 기타,안전운전불이행,포장 - 건조,맑음,교차로 - 교차로부근,자전거,남,12세,상해없음,보행자,여,74세,중상
2686,2021050600100328,2021년 5월 6일 15시,목요일,경기도 의정부시 의정부동,중상사고,0,1,0,0,차대사람 - 차도통행중,안전운전불이행,포장 - 건조,맑음,단일로 - 기타,이륜,남,23세,상해없음,보행자,여,26세,중상
2687,2021050600100330,2021년 5월 6일 15시,목요일,경기도 고양시 일산서구 대화동,중상사고,0,1,0,0,차대사람 - 기타,보행자보호의무위반,포장 - 건조,맑음,교차로 - 교차로횡단보도내,승용,남,43세,상해없음,보행자,남,88세,중상
2688,2021050600100364,2021년 5월 6일 17시,목요일,경기도 시흥시 신천동,경상사고,0,0,1,0,차대사람 - 기타,안전운전불이행,포장 - 건조,맑음,단일로 - 기타,승합,남,57세,상해없음,보행자,남,81세,경상
2689,2021050600100366,2021년 5월 6일 17시,목요일,경기도 안산시 상록구 일동,경상사고,0,0,1,0,차대사람 - 횡단중,안전운전불이행,포장 - 건조,맑음,단일로 - 기타,화물,남,55세,상해없음,보행자,남,56세,경상
2690,2021050600100367,2021년 5월 6일 17시,목요일,경기도 하남시 덕풍동,중상사고,0,1,0,0,차대사람 - 횡단중,보행자보호의무위반,포장 - 건조,맑음,교차로 - 교차로횡단보도내,승합,남,56세,상해없음,보행자,남,67세,중상
2691,2021050600100411,2021년 5월 6일 18시,목요일,경기도 시흥시 거모동,중상사고,0,1,0,0,차대사람 - 횡단중,안전운전불이행,포장 - 건조,맑음,교차로 - 교차로부근,승용,여,66세,상해없음,보행자,남,65세,중상
2692,2021050600100488,2021년 5월 6일 20시,목요일,경기도 화성시 봉담읍,중상사고,0,1,0,0,차대사람 - 횡단중,보행자보호의무위반,포장 - 건조,맑음,교차로 - 교차로횡단보도내,이륜,남,16세,상해없음,보행자,남,37세,중상
2693,2021050600100512,2021년 5월 6일 21시,목요일,경기도 여주시 하동,부상신고사고,0,0,0,1,차대사람 - 기타,안전운전불이행,포장 - 건조,맑음,교차로 - 교차로안,승용,남,37세,상해없음,보행자,남,40세,부상신고
2694,2021050600100515,2021년 5월 6일 21시,목요일,경기도 안산시 단원구 원시동,경상사고,0,0,1,0,차대사람 - 보도통행중,기타,포장 - 건조,맑음,단일로 - 기타,승용,남,38세,상해없음,보행자,남,18세,경상
2695,2021050600100543,2021년 5월 6일 22시,목요일,경기도 광주시 오포읍,경상사고,0,0,1,0,차대사람 - 기타,안전운전불이행,포장 - 건조,맑음,기타 - 기타,승용,남,61세,상해없음,보행자,남,45세,경상
2696,2021050600100560,2021년 5월 6일 22시,목요일,경기도 의정부시 의정부동,경상사고,0,0,1,0,차대사람 - 기타,안전운전불이행,포장 - 건조,맑음,단일로 - 기타,승용,남,65세,상해없음,보행자,남,44세,경상
2697,2021050700100017,2021년 5월 7일 02시,금요일,경기도 군포시 산본동,경상사고,0,0,1,0,차대사람 - 기타,안전운전불이행,포장 - 건조,맑음,교차로 - 교차로안,승용,남,27세,상해없음,보행자,남,58세,경상
2698,2021050700100052,2021년 5월 7일 07시,금요일,경기도 시흥시 하중동,중상사고,0,1,0,0,차대사람 - 기타,안전운전불이행,포장 - 건조,맑음,기타 - 기타,화물,남,58세,상해없음,보행자,남,56세,중상
2699,2021050700100070,2021년 5월 7일 08시,금요일,경기도 오산시 갈곶동,중상사고,0,1,0,0,차대사람 - 횡단중,안전운전불이행,포장 - 건조,흐림,단일로 - 기타,승용,남,44세,상해없음,보행자,여,77세,중상
2700,2021050700100095,2021년 5월 7일 08시,금요일,경기도 의정부시 용현동,경상사고,0,0,1,0,차대사람 - 횡단중,보행자보호의무위반,포장 - 건조,맑음,교차로 - 교차로횡단보도내,승용,남,49세,상해없음,보행자,남,10세,경상
2701,2021050700100131,2021년 5월 7일 09시,금요일,경기도 고양시 일산서구 대화동,경상사고,0,0,1,0,차대사람 - 횡단중,보행자보호의무위반,포장 - 젖음/습기,비,단일로 - 기타,승용,남,76세,상해없음,보행자,여,41세,경상
2702,2021050700100167,2021년 5월 7일 11시,금요일,경기도 여주시 홍문동,경상사고,0,0,1,0,차대사람 - 기타,안전운전불이행,포장 - 젖음/습기,비,단일로 - 기타,승합,남,58세,상해없음,보행자,여,55세,경상
2703,2021050700100203,2021년 5월 7일 12시,금요일,경기도 용인시 수지구 풍덕천동,경상사고,0,0,1,0,차대사람 - 기타,안전운전불이행,포장 - 건조,맑음,교차로 - 교차로안,기타불명,기타불명,미분류,기타불명,보행자,남,50세,경상
2704,2021050700100290,2021년 5월 7일 14시,금요일,경기도 화성시 금곡동,경상사고,0,0,1,0,차대사람 - 횡단중,안전운전불이행,포장 - 건조,맑음,단일로 - 기타,승용,남,29세,상해없음,보행자,남,55세,경상
2705,2021050700100291,2021년 5월 7일 14시,금요일,경기도 화성시 반송동,경상사고,0,0,1,0,차대사람 - 횡단중,기타,포장 - 건조,맑음,교차로 - 교차로횡단보도내,자전거,기타불명,미분류,기타불명,보행자,여,6세,경상
2706,2021050700100317,2021년 5월 7일 15시,금요일,경기도 안산시 단원구 선부동,경상사고,0,0,1,0,차대사람 - 기타,안전운전불이행,포장 - 건조,맑음,기타 - 기타,승용,여,61세,상해없음,보행자,여,41세,경상
2707,2021050700100319,2021년 5월 7일 15시,금요일,경기도 화성시 우정읍,중상사고,0,1,0,0,차대사람 - 차도통행중,안전운전불이행,포장 - 건조,맑음,교차로 - 교차로부근,승용,남,76세,상해없음,보행자,여,78세,중상
2708,2021050700100390,2021년 5월 7일 17시,금요일,경기도 오산시 오산동,경상사고,0,0,1,0,차대사람 - 기타,안전운전불이행,포장 - 건조,맑음,교차로 - 교차로안,승합,남,33세,상해없음,보행자,남,15세,경상
2709,2021050700100474,2021년 5월 7일 18시,금요일,경기도 파주시 동패동,경상사고,0,0,1,0,차대사람 - 기타,기타,포장 - 건조,맑음,단일로 - 기타,기타불명,여,19세,상해없음,보행자,남,26세,경상
2710,2021050700100496,2021년 5월 7일 19시,금요일,경기도 안산시 단원구 원곡동,경상사고,0,0,1,0,차대사람 - 차도통행중,안전운전불이행,포장 - 건조,맑음,단일로 - 기타,승합,남,49세,상해없음,보행자,남,50세,경상
2711,2021050700100497,2021년 5월 7일 19시,금요일,경기도 안산시 단원구 고잔동,경상사고,0,0,1,0,차대사람 - 차도통행중,안전운전불이행,포장 - 건조,맑음,단일로 - 기타,화물,남,58세,상해없음,보행자,여,32세,경상
2712,2021050700100528,2021년 5월 7일 20시,금요일,경기도 평택시 평택동,중상사고,0,1,0,0,차대사람 - 기타,안전운전불이행,포장 - 건조,맑음,단일로 - 기타,승용,남,19세,상해없음,보행자,여,82세,중상
2713,2021050700100562,2021년 5월 7일 21시,금요일,경기도 성남시 중원구 성남동,부상신고사고,0,0,0,1,차대사람 - 길가장자리구역통행중,안전운전불이행,포장 - 건조,맑음,단일로 - 기타,승용,남,31세,기타불명,보행자,여,20세,부상신고
2714,2021050800100101,2021년 5월 8일 09시,토요일,경기도 용인시 수지구 신봉동,중상사고,0,1,0,0,차대사람 - 기타,보행자보호의무위반,포장 - 건조,맑음,단일로 - 기타,승용,여,45세,상해없음,보행자,남,87세,중상
2715,2021050800100121,2021년 5월 8일 10시,토요일,경기도 평택시 서정동,중상사고,0,1,0,0,차대사람 - 보도통행중,안전운전불이행,포장 - 건조,맑음,기타 - 기타,화물,남,54세,상해없음,보행자,여,49세,중상
2716,2021050800100166,2021년 5월 8일 11시,토요일,경기도 화성시 정남면,중상사고,0,1,0,0,차대사람 - 횡단중,보행자보호의무위반,포장 - 건조,맑음,교차로 - 교차로횡단보도내,화물,남,77세,상해없음,보행자,여,78세,중상
2717,2021050800100187,2021년 5월 8일 11시,토요일,경기도 고양시 덕양구 관산동,중상사고,0,1,0,0,차대사람 - 횡단중,안전운전불이행,포장 - 건조,맑음,기타 - 기타,화물,남,56세,상해없음,보행자,여,58세,중상
2718,2021050800100201,2021년 5월 8일 12시,토요일,경기도 평택시 합정동,경상사고,0,0,1,0,차대사람 - 기타,안전운전불이행,포장 - 건조,맑음,교차로 - 교차로안,개인형이동수단(PM),여,21세,상해없음,보행자,여,61세,경상
2719,2021050800100202,2021년 5월 8일 12시,토요일,경기도 광주시 곤지암읍,경상사고,0,0,1,0,차대사람 - 기타,안전운전불이행,포장 - 건조,맑음,단일로 - 기타,승용,여,34세,상해없음,보행자,여,60세,경상
2720,2021050800100212,2021년 5월 8일 12시,토요일,경기도 시흥시 거모동,중상사고,0,1,0,0,차대사람 - 기타,안전운전불이행,포장 - 건조,맑음,주차장 - 주차장,화물,남,60세,상해없음,보행자,남,83세,중상
2721,2021050800100215,2021년 5월 8일 12시,토요일,경기도 화성시 서신면,경상사고,0,0,1,0,차대사람 - 기타,안전운전불이행,포장 - 건조,맑음,단일로 - 기타,승합,남,39세,상해없음,보행자,여,68세,경상