,사고번호,사고일시,요일,시군구,사고내용,사망자수,중상자수,경상자수,부상신고자수,사고유형,법규위반,노면상태,기상상태,도로형태,가해운전자 차종,가해운전자 성별,가해운전자 연령,가해운전자 상해정도,피해운전자 차종,피해운전자 성별,피해운전자 연령,피해운전자 상해정도
2722,2021050800100243,2021년 5월 8일 12시,토요일,경기도 파주시 금촌동,경상사고,0,0,1,0,차대사람 - 횡단중,신호위반,포장 - 건조,맑음,단일로 - 지하차도(도로)내,승용,남,28세,상해없음,보행자,남,25세,경상
2723,2021050800100345,2021년 5월 8일 15시,토요일,경기도 평택시 신대동,중상사고,0,2,0,0,차대사람 - 기타,안전운전불이행,포장 - 건조,맑음,단일로 - 기타,자전거,남,61세,중상,보행자,여,60세,중상
2724,2021050800100346,2021년 5월 8일 15시,토요일,경기도 평택시 군문동,경상사고,0,0,1,0,차대사람 - 횡단중,보행자보호의무위반,포장 - 건조,맑음,교차로 - 교차로횡단보도내,승용,여,73세,상해없음,보행자,여,70세,경상
2725,2021050800100349,2021년 5월 8일 15시,토요일,경기도 광주시 오포읍,경상사고,0,0,1,0,차대사람 - 기타,안전운전불이행,포장 - 건조,맑음,기타 - 기타,승합,남,55세,상해없음,보행자,여,46세,경상
2726,2021050800100388,2021년 5월 8일 16시,토요일,경기도 수원시 팔달구 팔달로2가,경상사고,0,0,1,0,차대사람 - 기타,기타,포장 - 건조,맑음,기타 - 기타,승합,남,62세,상해없음,보행자,남,72세,경상
2727,2021050800100392,2021년 5월 8일 16시,토요일,경기도 김포시 사우동,경상사고,0,0,1,0,차대사람 - 차도통행중,신호위반,포장 - 건조,맑음,교차로 - 교차로부근,승용,여,54세,상해없음,보행자,남,52세,경상
2728,2021050800100435,2021년 5월 8일 17시,토요일,경기도 군포시 당동,경상사고,0,0,1,0,차대사람 - 기타,안전운전불이행,포장 - 건조,맑음,단일로 - 기타,이륜,남,35세,상해없음,보행자,남,50세,경상
2729,2021050800100468,2021년 5월 8일 17시,토요일,경기도 의정부시 금오동,중상사고,0,1,0,0,차대사람 - 횡단중,안전운전불이행,포장 - 건조,맑음,교차로 - 교차로안,승용,남,32세,상해없음,보행자,남,83세,중상
2730,2021050800100526,2021년 5월 8일 19시,토요일,경기도 화성시 봉담읍,경상사고,0,0,1,0,차대사람 - 기타,보행자보호의무위반,포장 - 건조,맑음,단일로 - 기타,이륜,남,54세,상해없음,보행자,여,9세,경상
2731,2021050800100564,2021년 5월 8일 20시,토요일,경기도 양주시 옥정동,경상사고,0,0,1,0,차대사람 - 기타,안전운전불이행,포장 - 건조,맑음,교차로 - 교차로안,승용,남,21세,상해없음,보행자,남,28세,경상
2732,2021050800100590,2021년 5월 8일 21시,토요일,경기도 고양시 덕양구 토당동,중상사고,0,1,0,0,차대사람 - 횡단중,안전운전불이행,포장 - 건조,맑음,단일로 - 기타,이륜,남,25세,상해없음,보행자,남,5세,중상
2733,2021050800100591,2021년 5월 8일 21시,토요일,경기도 남양주시 오남읍,경상사고,0,0,1,0,차대사람 - 횡단중,신호위반,포장 - 건조,맑음,교차로 - 교차로횡단보도내,승용,남,54세,상해없음,보행자,남,53세,경상
2734,2021050900100054,2021년 5월 9일 08시,일요일,경기도 군포시 산본동,중상사고,0,1,0,0,차대사람 - 횡단중,보행자보호의무위반,포장 - 건조,맑음,교차로 - 교차로횡단보도내,승용,남,59세,상해없음,보행자,남,59세,중상
2735,2021050900100113,2021년 5월 9일 10시,일요일,경기도 남양주시 화도읍,부상신고사고,0,0,0,1,차대사람 - 횡단중,안전운전불이행,포장 - 건조,맑음,교차로 - 교차로부근,승용,여,65세,상해없음,보행자,남,58세,부상신고
2736,2021050900100122,2021년 5월 9일 11시,일요일,경기도 수원시 장안구 파장동,중상사고,0,1,0,0,차대사람 - 횡단중,안전운전불이행,포장 - 건조,맑음,교차로 - 교차로안,승용,남,27세,기타불명,보행자,여,73세,중상
2737,2021050900100128,2021년 5월 9일 11시,일요일,경기도 용인시 기흥구 청덕동,경상사고,0,0,1,0,차대사람 - 기타,안전운전불이행,포장 - 건조,맑음,단일로 - 기타,승합,남,76세,상해없음,보행자,여,71세,경상
2738,2021050900100158,2021년 5월 9일 12시,일요일,경기도 화성시 반송동,경상사고,0,0,1,0,차대사람 - 횡단중,신호위반,포장 - 건조,맑음,교차로 - 교차로안,승용,남,50세,상해없음,보행자,여,53세,경상
2739,2021050900100188,2021년 5월 9일 13시,일요일,경기도 성남시 수정구 둔전동,중상사고,0,1,0,0,차대사람 - 기타,안전운전불이행,포장 - 건조,맑음,단일로 - 기타,승용,남,28세,상해없음,보행자,남,73세,중상
2740,2021050900100195,2021년 5월 9일 13시,일요일,경기도 부천시 심곡본동,경상사고,0,0,1,0,차대사람 - 길가장자리구역통행중,안전운전불이행,포장 - 건조,맑음,단일로 - 기타,승용,남,54세,기타불명,보행자,여,12세,경상
2741,2021050900100218,2021년 5월 9일 13시,일요일,경기도 고양시 일산동구 정발산동,경상사고,0,0,1,0,차대사람 - 보도통행중,안전운전불이행,포장 - 건조,맑음,단일로 - 기타,자전거,남,22세,상해없음,보행자,여,55세,경상
2742,2021050900100231,2021년 5월 9일 14시,일요일,경기도 용인시 처인구 모현읍,경상사고,0,0,1,0,차대사람 - 기타,기타,포장 - 건조,맑음,교차로 - 교차로안,승용,여,48세,상해없음,보행자,여,8세,경상
2743,2021050900100267,2021년 5월 9일 15시,일요일,경기도 김포시 걸포동,경상사고,0,0,1,0,차대사람 - 횡단중,보행자보호의무위반,포장 - 건조,맑음,단일로 - 기타,승용,여,65세,상해없음,보행자,남,7세,경상
2744,2021050900100295,2021년 5월 9일 16시,일요일,경기도 여주시 세종대왕면,중상사고,0,1,0,0,차대사람 - 길가장자리구역통행중,안전운전불이행,포장 - 건조,맑음,교차로 - 교차로안,화물,남,60세,상해없음,보행자,남,84세,중상
2745,2021050900100371,2021년 5월 9일 17시,일요일,경기도 의정부시 장암동,사망사고,1,0,0,0,차대사람 - 기타,안전운전불이행,포장 - 건조,맑음,교차로 - 교차로안,승용,남,25세,상해없음,보행자,남,51세,사망
2746,2021050900100381,2021년 5월 9일 18시,일요일,경기도 수원시 장안구 영화동,경상사고,0,0,1,0,차대사람 - 기타,안전운전불이행,포장 - 건조,맑음,기타 - 기타,승용,남,30세,상해없음,보행자,남,55세,경상
2747,2021050900100403,2021년 5월 9일 18시,일요일,경기도 의정부시 의정부동,경상사고,0,0,1,0,차대사람 - 보도통행중,안전운전불이행,포장 - 건조,맑음,교차로 - 교차로부근,승용,남,54세,상해없음,보행자,남,33세,경상
2748,2021050900100415,2021년 5월 9일 19시,일요일,경기도 평택시 서정동,경상사고,0,0,1,0,차대사람 - 기타,안전운전불이행,포장 - 건조,맑음,단일로 - 기타,승용,여,24세,상해없음,보행자,남,28세,경상
2749,2021050900100420,2021년 5월 9일 19시,일요일,경기도 부천시 원종동,경상사고,0,0,1,0,차대사람 - 횡단중,안전운전불이행,포장 - 건조,맑음,단일로 - 기타,이륜,남,50세,상해없음,보행자,남,55세,경상
2750,2021050900100448,2021년 5월 9일 20시,일요일,경기도 부천시 심곡본동,경상사고,0,0,1,0,차대사람 - 기타,안전운전불이행,포장 - 건조,맑음,단일로 - 기타,승용,남,57세,상해없음,보행자,남,57세,경상
2751,2021050900100474,2021년 5월 9일 21시,일요일,경기도 부천시 괴안동,경상사고,0,0,1,0,차대사람 - 기타,기타,포장 - 건조,맑음,교차로 - 교차로부근,승합,남,62세,기타불명,보행자,여,57세,경상
2752,2021050900100487,2021년 5월 9일 22시,일요일,경기도 의왕시 삼동,경상사고,0,0,1,0,차대사람 - 보도통행중,안전운전불이행,포장 - 건조,맑음,단일로 - 기타,개인형이동수단(PM),남,29세,상해없음,보행자,남,21세,경상
2753,2021051000100003,2021년 5월 10일 00시,월요일,경기도 수원시 팔달구 인계동,중상사고,0,2,0,0,차대사람 - 보도통행중,신호위반,포장 - 건조,맑음,교차로 - 교차로안,이륜,남,26세,상해없음,보행자,여,57세,중상
2754,2021051000100008,2021년 5월 10일 03시,월요일,경기도 이천시 부발읍,중상사고,0,1,0,0,차대사람 - 횡단중,안전운전불이행,포장 - 건조,맑음,단일로 - 기타,승용,남,19세,상해없음,보행자,여,60세,중상
2755,2021051000100015,2021년 5월 10일 05시,월요일,경기도 부천시 심곡본동,중상사고,0,1,0,0,차대사람 - 횡단중,안전운전불이행,포장 - 젖음/습기,비,단일로 - 기타,승용,남,65세,상해없음,보행자,여,77세,중상
2756,2021051000100038,2021년 5월 10일 07시,월요일,경기도 부천시 소사동,경상사고,0,0,1,0,차대사람 - 횡단중,보행자보호의무위반,포장 - 건조,맑음,교차로 - 교차로안,승용,남,49세,상해없음,보행자,남,52세,경상
2757,2021051000100058,2021년 5월 10일 07시,월요일,경기도 고양시 일산서구 일산동,경상사고,0,0,1,0,차대사람 - 횡단중,보행자보호의무위반,포장 - 건조,맑음,교차로 - 교차로횡단보도내,승용,여,47세,상해없음,보행자,여,74세,경상
2758,2021051000100060,2021년 5월 10일 07시,월요일,경기도 고양시 일산서구 일산동,경상사고,0,0,1,0,차대사람 - 횡단중,보행자보호의무위반,포장 - 건조,맑음,교차로 - 교차로횡단보도내,자전거,남,79세,상해없음,보행자,남,51세,경상
2759,2021051000100069,2021년 5월 10일 08시,월요일,경기도 여주시 오학동,중상사고,0,1,0,0,차대사람 - 횡단중,신호위반,포장 - 건조,맑음,교차로 - 교차로부근,승용,여,37세,상해없음,보행자,여,9세,중상
2760,2021051000100142,2021년 5월 10일 10시,월요일,경기도 포천시 신읍동,경상사고,0,0,1,0,차대사람 - 기타,안전운전불이행,포장 - 건조,맑음,단일로 - 기타,화물,여,46세,상해없음,보행자,남,31세,경상
2761,2021051000100181,2021년 5월 10일 12시,월요일,경기도 안양시 동안구 비산동,경상사고,0,0,1,0,차대사람 - 횡단중,안전운전불이행,포장 - 젖음/습기,비,교차로 - 교차로안,승용,여,57세,상해없음,보행자,여,62세,경상
2762,2021051000100183,2021년 5월 10일 12시,월요일,경기도 안산시 단원구 와동,경상사고,0,0,1,0,차대사람 - 횡단중,안전운전불이행,포장 - 젖음/습기,비,교차로 - 교차로안,화물,남,40세,상해없음,보행자,남,75세,경상
2763,2021051000100247,2021년 5월 10일 14시,월요일,경기도 양평군 용문면,중상사고,0,1,0,0,차대사람 - 횡단중,안전운전불이행,포장 - 건조,맑음,단일로 - 기타,승용,남,70세,상해없음,보행자,남,50세,중상
2764,2021051000100280,2021년 5월 10일 14시,월요일,경기도 고양시 덕양구 주교동,경상사고,0,0,1,0,차대사람 - 기타,안전운전불이행,포장 - 건조,맑음,단일로 - 기타,승용,남,61세,기타불명,보행자,여,22세,경상
2765,2021051000100281,2021년 5월 10일 14시,월요일,경기도 구리시 인창동,경상사고,0,0,1,0,차대사람 - 기타,안전운전불이행,포장 - 건조,맑음,단일로 - 기타,승용,여,42세,기타불명,보행자,여,40세,경상
2766,2021051000100282,2021년 5월 10일 14시,월요일,경기도 고양시 일산서구 덕이동,경상사고,0,0,1,0,차대사람 - 횡단중,안전운전불이행,포장 - 건조,맑음,단일로 - 기타,승용,여,58세,상해없음,보행자,남,42세,경상
2767,2021051000100283,2021년 5월 10일 14시,월요일,경기도 고양시 일산서구 대화동,경상사고,0,0,1,0,차대사람 - 기타,안전운전불이행,포장 - 건조,맑음,단일로 - 기타,승용,남,57세,상해없음,보행자,여,38세,경상
2768,2021051000100325,2021년 5월 10일 15시,월요일,경기도 남양주시 금곡동,경상사고,0,0,1,0,차대사람 - 차도통행중,안전운전불이행,포장 - 건조,맑음,단일로 - 기타,승합,남,66세,상해없음,보행자,남,84세,경상
2769,2021051000100340,2021년 5월 10일 16시,월요일,경기도 하남시 풍산동,경상사고,0,0,1,0,차대사람 - 횡단중,신호위반,포장 - 건조,맑음,교차로 - 교차로횡단보도내,원동기,남,41세,상해없음,보행자,여,17세,경상
2770,2021051000100437,2021년 5월 10일 19시,월요일,경기도 안성시 숭인동,경상사고,0,0,1,0,차대사람 - 차도통행중,안전운전불이행,포장 - 건조,맑음,기타 - 기타,이륜,남,56세,상해없음,보행자,여,56세,경상
2771,2021051000100465,2021년 5월 10일 19시,월요일,경기도 양주시 광사동,부상신고사고,0,0,0,1,차대사람 - 기타,안전운전불이행,포장 - 건조,맑음,교차로 - 교차로부근,기타불명,기타불명,미분류,기타불명,보행자,남,42세,부상신고
2772,2021051000100512,2021년 5월 10일 21시,월요일,경기도 광명시 소하동,경상사고,0,0,1,0,차대사람 - 기타,기타,포장 - 건조,맑음,단일로 - 기타,승합,남,42세,상해없음,보행자,여,61세,경상
2773,2021051000100537,2021년 5월 10일 22시,월요일,경기도 용인시 기흥구 보라동,중상사고,0,1,0,0,차대사람 - 기타,보행자보호의무위반,포장 - 건조,맑음,교차로 - 교차로횡단보도내,승용,남,54세,상해없음,보행자,남,55세,중상
2774,2021051000100558,2021년 5월 10일 22시,월요일,경기도 포천시 소흘읍,경상사고,0,0,1,0,차대사람 - 기타,안전운전불이행,포장 - 건조,맑음,단일로 - 기타,승용,남,46세,상해없음,보행자,남,53세,경상
2775,2021051000100565,2021년 5월 10일 23시,월요일,경기도 수원시 권선구 권선동,중상사고,0,1,0,0,차대사람 - 횡단중,신호위반,포장 - 건조,맑음,교차로 - 교차로안,승용,남,29세,상해없음,보행자,남,54세,중상
2776,2021051000100566,2021년 5월 10일 23시,월요일,경기도 군포시 당동,경상사고,0,0,1,1,차대사람 - 보도통행중,안전운전불이행,포장 - 건조,맑음,기타 - 기타,개인형이동수단(PM),남,20세,부상신고,보행자,남,60세,경상
2777,2021051100100007,2021년 5월 11일 00시,화요일,경기도 용인시 수지구 동천동,경상사고,0,0,1,0,차대사람 - 횡단중,안전운전불이행,포장 - 건조,맑음,교차로 - 교차로횡단보도내,승용,남,45세,상해없음,보행자,남,42세,경상
2778,2021051100100029,2021년 5월 11일 03시,화요일,경기도 의정부시 의정부동,경상사고,0,0,1,0,차대사람 - 기타,안전운전불이행,포장 - 건조,맑음,단일로 - 기타,승용,남,35세,상해없음,보행자,남,27세,경상
2779,2021051100100100,2021년 5월 11일 08시,화요일,경기도 부천시 역곡동,경상사고,0,0,1,0,차대사람 - 횡단중,신호위반,포장 - 건조,맑음,교차로 - 교차로횡단보도내,승용,남,43세,상해없음,보행자,여,52세,경상
2780,2021051100100101,2021년 5월 11일 08시,화요일,경기도 부천시 역곡동,중상사고,0,1,0,0,차대사람 - 차도통행중,안전운전불이행,포장 - 건조,맑음,교차로 - 교차로안,승용,남,42세,상해없음,보행자,여,68세,중상
2781,2021051100100109,2021년 5월 11일 08시,화요일,경기도 수원시 권선구 세류동,경상사고,0,0,1,0,차대사람 - 기타,안전운전불이행,포장 - 건조,맑음,교차로 - 교차로안,승용,여,55세,상해없음,보행자,남,7세,경상
2782,2021051100100111,2021년 5월 11일 08시,화요일,경기도 화성시 반월동,중상사고,0,1,0,0,차대사람 - 횡단중,보행자보호의무위반,포장 - 건조,맑음,단일로 - 기타,승용,여,53세,상해없음,보행자,여,16세,중상
2783,2021051100100149,2021년 5월 11일 09시,화요일,경기도 김포시 통진읍,경상사고,0,0,1,0,차대사람 - 횡단중,보행자보호의무위반,포장 - 건조,맑음,교차로 - 교차로안,화물,남,48세,상해없음,보행자,남,56세,경상
2784,2021051100100205,2021년 5월 11일 10시,화요일,경기도 의정부시 용현동,경상사고,0,0,1,0,차대사람 - 횡단중,보행자보호의무위반,포장 - 건조,맑음,교차로 - 교차로안,화물,남,36세,상해없음,보행자,남,82세,경상
2785,2021051100100218,2021년 5월 11일 11시,화요일,경기도 시흥시 능곡동,경상사고,0,0,1,0,차대사람 - 횡단중,보행자보호의무위반,포장 - 건조,맑음,단일로 - 기타,승용,남,47세,상해없음,보행자,남,25세,경상
2786,2021051100100238,2021년 5월 11일 11시,화요일,경기도 고양시 일산동구 풍동,경상사고,0,0,1,0,차대사람 - 횡단중,교차로운행방법위반,포장 - 건조,맑음,교차로 - 교차로안,승용,남,84세,상해없음,보행자,남,78세,경상
2787,2021051100100248,2021년 5월 11일 12시,화요일,경기도 성남시 수정구 태평동,경상사고,0,0,1,0,차대사람 - 기타,안전운전불이행,포장 - 건조,맑음,주차장 - 주차장,승용,남,31세,상해없음,보행자,여,69세,경상
2788,2021051100100286,2021년 5월 11일 13시,화요일,경기도 용인시 처인구 마평동,경상사고,0,0,1,0,차대사람 - 차도통행중,안전운전불이행,포장 - 건조,맑음,단일로 - 기타,승용,여,50세,상해없음,보행자,남,29세,경상
2789,2021051100100291,2021년 5월 11일 13시,화요일,경기도 성남시 분당구 분당동,경상사고,0,0,1,0,차대사람 - 횡단중,신호위반,포장 - 건조,맑음,교차로 - 교차로횡단보도내,원동기,남,30세,상해없음,보행자,여,11세,경상
2790,2021051100100296,2021년 5월 11일 13시,화요일,경기도 화성시 안녕동,경상사고,0,0,1,0,차대사람 - 기타,안전운전불이행,포장 - 건조,맑음,단일로 - 기타,승합,여,66세,상해없음,보행자,여,57세,경상
2791,2021051100100326,2021년 5월 11일 14시,화요일,경기도 수원시 장안구 정자동,경상사고,0,0,1,0,차대사람 - 보도통행중,신호위반,포장 - 건조,맑음,교차로 - 교차로부근,승용,남,19세,상해없음,보행자,여,43세,경상
2792,2021051100100335,2021년 5월 11일 14시,화요일,경기도 화성시 송동,중상사고,0,1,0,0,차대사람 - 횡단중,안전운전불이행,포장 - 건조,맑음,교차로 - 교차로횡단보도내,승용,남,29세,상해없음,보행자,여,69세,중상
2793,2021051100100371,2021년 5월 11일 15시,화요일,경기도 안산시 상록구 일동,중상사고,0,1,0,0,차대사람 - 길가장자리구역통행중,안전운전불이행,포장 - 건조,맑음,단일로 - 기타,승합,여,42세,상해없음,보행자,남,6세,중상
2794,2021051100100415,2021년 5월 11일 16시,화요일,경기도 김포시 대곶면,경상사고,0,0,1,0,차대사람 - 기타,안전운전불이행,포장 - 건조,맑음,기타 - 기타,승합,남,59세,상해없음,보행자,여,63세,경상
2795,2021051100100441,2021년 5월 11일 16시,화요일,경기도 고양시 일산서구 주엽동,부상신고사고,0,0,0,2,차대사람 - 보도통행중,기타,포장 - 건조,맑음,단일로 - 기타,승용,여,52세,상해없음,보행자,여,60세,부상신고
2796,2021051100100480,2021년 5월 11일 17시,화요일,경기도 고양시 일산동구 풍동,경상사고,0,0,1,0,차대사람 - 기타,안전운전불이행,포장 - 건조,맑음,단일로 - 기타,화물,남,50세,상해없음,보행자,남,22세,경상
2797,2021051100100481,2021년 5월 11일 17시,화요일,경기도 파주시 교하동,경상사고,0,0,1,0,차대사람 - 기타,안전운전불이행,포장 - 건조,맑음,단일로 - 기타,승용,여,68세,상해없음,보행자,남,38세,경상
2798,2021051100100494,2021년 5월 11일 18시,화요일,경기도 여주시 세종대왕면,경상사고,0,0,1,0,차대사람 - 기타,안전운전불이행,포장 - 건조,맑음,단일로 - 기타,승용,남,60세,상해없음,보행자,남,39세,경상
2799,2021051100100496,2021년 5월 11일 18시,화요일,경기도 부천시 상동,경상사고,0,0,1,0,차대사람 - 보도통행중,안전운전불이행,포장 - 건조,맑음,단일로 - 기타,기타불명,기타불명,미분류,기타불명,보행자,여,26세,경상
2800,2021051100100497,2021년 5월 11일 18시,화요일,경기도 시흥시 신천동,경상사고,0,0,1,0,차대사람 - 기타,안전운전불이행,포장 - 건조,맑음,교차로 - 교차로안,승용,남,51세,상해없음,보행자,여,78세,경상
2801,2021051100100499,2021년 5월 11일 18시,화요일,경기도 부천시 오정동,경상사고,0,0,1,0,차대사람 - 차도통행중,신호위반,포장 - 건조,맑음,단일로 - 기타,이륜,남,26세,상해없음,보행자,남,8세,경상
2802,2021051100100525,2021년 5월 11일 18시,화요일,경기도 고양시 일산동구 중산동,부상신고사고,0,0,0,1,차대사람 - 기타,안전운전불이행,포장 - 건조,맑음,단일로 - 기타,승합,남,61세,상해없음,보행자,여,62세,부상신고
2803,2021051100100527,2021년 5월 11일 18시,화요일,경기도 남양주시 도농동,경상사고,0,0,1,0,차대사람 - 기타,안전운전불이행,포장 - 건조,맑음,단일로 - 기타,승합,남,70세,상해없음,보행자,여,13세,경상
2804,2021051100100576,2021년 5월 11일 20시,화요일,경기도 시흥시 정왕동,중상사고,0,1,0,0,차대사람 - 기타,안전운전불이행,포장 - 건조,맑음,단일로 - 기타,승합,남,29세,상해없음,보행자,남,31세,중상
2805,2021051100100647,2021년 5월 11일 23시,화요일,경기도 이천시 대월면,경상사고,0,0,1,0,차대사람 - 횡단중,보행자보호의무위반,포장 - 건조,맑음,교차로 - 교차로안,승용,남,37세,상해없음,보행자,남,35세,경상
2806,2021051100100649,2021년 5월 11일 23시,화요일,경기도 여주시 세종대왕면,사망사고,1,0,0,0,차대사람 - 차도통행중,안전운전불이행,포장 - 건조,맑음,단일로 - 기타,승용,남,50세,상해없음,보행자,남,82세,사망
2807,2021051200100031,2021년 5월 12일 06시,수요일,경기도 오산시 금암동,부상신고사고,0,0,0,1,차대사람 - 횡단중,교차로운행방법위반,포장 - 건조,맑음,교차로 - 교차로안,승용,남,48세,상해없음,보행자,여,56세,부상신고
2808,2021051200100071,2021년 5월 12일 08시,수요일,경기도 성남시 수정구 창곡동,경상사고,0,0,1,0,차대사람 - 기타,안전운전불이행,포장 - 건조,맑음,기타 - 기타,개인형이동수단(PM),여,16세,상해없음,보행자,여,16세,경상
2809,2021051200100100,2021년 5월 12일 08시,수요일,경기도 의정부시 의정부동,중상사고,0,1,0,0,차대사람 - 길가장자리구역통행중,안전운전불이행,포장 - 건조,맑음,교차로 - 교차로안,자전거,남,50세,상해없음,보행자,여,56세,중상
2810,2021051200100135,2021년 5월 12일 09시,수요일,경기도 동두천시 생연동,경상사고,0,0,1,0,차대사람 - 기타,안전운전불이행,포장 - 건조,맑음,단일로 - 기타,승합,남,60세,기타불명,보행자,남,64세,경상
2811,2021051200100144,2021년 5월 12일 10시,수요일,경기도 부천시 괴안동,경상사고,0,0,1,0,차대사람 - 기타,안전운전불이행,포장 - 건조,맑음,교차로 - 교차로부근,이륜,남,22세,상해없음,보행자,여,37세,경상
2812,2021051200100206,2021년 5월 12일 12시,수요일,경기도 여주시 점동면,중상사고,0,1,0,0,차대사람 - 차도통행중,안전운전불이행,포장 - 건조,맑음,단일로 - 기타,승용,여,38세,상해없음,보행자,남,33세,중상
2813,2021051200100211,2021년 5월 12일 12시,수요일,경기도 성남시 중원구 상대원동,경상사고,0,0,1,0,차대사람 - 횡단중,신호위반,포장 - 건조,맑음,단일로 - 기타,승용,남,85세,상해없음,보행자,남,28세,경상
2814,2021051200100232,2021년 5월 12일 12시,수요일,경기도 남양주시 진건읍,경상사고,0,0,1,0,차대사람 - 기타,안전운전불이행,포장 - 건조,맑음,단일로 - 기타,개인형이동수단(PM),남,36세,상해없음,보행자,남,42세,경상
2815,2021051200100282,2021년 5월 12일 14시,수요일,경기도 광명시 일직동,중상사고,0,1,0,0,차대사람 - 횡단중,신호위반,포장 - 건조,맑음,교차로 - 교차로횡단보도내,승용,남,48세,상해없음,보행자,여,12세,중상
2816,2021051200100283,2021년 5월 12일 14시,수요일,경기도 안산시 단원구 선부동,중상사고,0,1,0,0,차대사람 - 횡단중,안전운전불이행,포장 - 건조,맑음,단일로 - 기타,승용,여,63세,상해없음,보행자,여,60세,중상
2817,2021051200100312,2021년 5월 12일 15시,수요일,경기도 성남시 수정구 신흥동,경상사고,0,0,1,0,차대사람 - 횡단중,안전운전불이행,포장 - 건조,맑음,교차로 - 교차로횡단보도내,이륜,남,50세,상해없음,보행자,여,74세,경상
2818,2021051200100317,2021년 5월 12일 15시,수요일,경기도 수원시 권선구 호매실동,중상사고,0,1,0,0,차대사람 - 횡단중,보행자보호의무위반,포장 - 건조,맑음,교차로 - 교차로횡단보도내,승용,남,35세,상해없음,보행자,남,8세,중상
2819,2021051200100319,2021년 5월 12일 15시,수요일,경기도 안양시 만안구 안양동,경상사고,0,0,1,0,차대사람 - 기타,안전운전불이행,포장 - 건조,맑음,기타 - 기타,승용,남,22세,상해없음,보행자,여,22세,경상
2820,2021051200100342,2021년 5월 12일 15시,수요일,경기도 구리시 교문동,중상사고,0,1,0,0,차대사람 - 기타,안전운전불이행,포장 - 건조,맑음,주차장 - 주차장,승용,남,74세,상해없음,보행자,남,55세,중상
2821,2021051200100356,2021년 5월 12일 16시,수요일,경기도 평택시 지산동,중상사고,0,1,0,0,차대사람 - 횡단중,보행자보호의무위반,포장 - 건조,맑음,교차로 - 교차로횡단보도내,승용,남,44세,상해없음,보행자,남,56세,중상
2822,2021051200100392,2021년 5월 12일 16시,수요일,경기도 의정부시 호원동,사망사고,1,0,0,0,차대사람 - 횡단중,신호위반,포장 - 건조,맑음,교차로 - 교차로부근,승합,남,54세,상해없음,보행자,여,82세,사망
2823,2021051200100393,2021년 5월 12일 16시,수요일,경기도 파주시 파주읍,경상사고,0,0,1,0,차대사람 - 횡단중,보행자보호의무위반,포장 - 건조,맑음,단일로 - 기타,승용,여,47세,상해없음,보행자,여,65세,경상
2824,2021051200100415,2021년 5월 12일 17시,수요일,경기도 광주시 경안동,경상사고,0,0,1,0,차대사람 - 기타,안전운전불이행,포장 - 건조,기타,단일로 - 기타,승합,남,59세,상해없음,보행자,여,57세,경상
2825,2021051200100417,2021년 5월 12일 17시,수요일,경기도 부천시 괴안동,경상사고,0,0,1,0,차대사람 - 횡단중,보행자보호의무위반,포장 - 건조,맑음,교차로 - 교차로횡단보도내,화물,남,35세,상해없음,보행자,남,44세,경상
2826,2021051200100445,2021년 5월 12일 17시,수요일,경기도 의정부시 용현동,중상사고,0,1,0,0,차대사람 - 보도통행중,기타,포장 - 건조,맑음,단일로 - 기타,개인형이동수단(PM),남,18세,기타불명,보행자,여,61세,중상
2827,2021051200100468,2021년 5월 12일 18시,수요일,경기도 부천시 심곡동,경상사고,0,0,1,0,차대사람 - 길가장자리구역통행중,안전운전불이행,포장 - 건조,맑음,단일로 - 기타,승용,여,49세,상해없음,보행자,여,57세,경상
2828,2021051200100472,2021년 5월 12일 18시,수요일,경기도 안산시 상록구 일동,경상사고,0,0,1,0,차대사람 - 차도통행중,안전운전불이행,포장 - 건조,맑음,단일로 - 기타,승용,남,32세,상해없음,보행자,남,27세,경상
2829,2021051200100543,2021년 5월 12일 20시,수요일,경기도 광주시 곤지암읍,경상사고,0,0,1,0,차대사람 - 보도통행중,안전운전불이행,포장 - 건조,맑음,기타 - 기타,승용,남,70세,상해없음,보행자,여,17세,경상
2830,2021051200100545,2021년 5월 12일 20시,수요일,경기도 부천시 소사본동,중상사고,0,1,0,0,차대사람 - 기타,안전운전불이행,포장 - 건조,맑음,단일로 - 기타,개인형이동수단(PM),여,13세,기타불명,보행자,여,54세,중상
2831,2021051200100565,2021년 5월 12일 21시,수요일,경기도 광주시 경안동,중상사고,0,2,0,0,차대사람 - 횡단중,보행자보호의무위반,포장 - 건조,맑음,교차로 - 교차로횡단보도내,화물,남,51세,상해없음,보행자,여,53세,중상
2832,2021051200100588,2021년 5월 12일 22시,수요일,경기도 수원시 팔달구 화서동,경상사고,0,0,1,0,차대사람 - 횡단중,안전운전불이행,포장 - 건조,맑음,기타 - 기타,승용,남,22세,상해없음,보행자,여,21세,경상
2833,2021051200100603,2021년 5월 12일 22시,수요일,경기도 고양시 덕양구 삼송동,부상신고사고,0,0,0,1,차대사람 - 기타,안전운전불이행,포장 - 건조,맑음,교차로 - 교차로부근,자전거,남,11세,상해없음,보행자,남,45세,부상신고