,사고번호,사고일시,요일,시군구,사고내용,사망자수,중상자수,경상자수,부상신고자수,사고유형,법규위반,노면상태,기상상태,도로형태,가해운전자 차종,가해운전자 성별,가해운전자 연령,가해운전자 상해정도,피해운전자 차종,피해운전자 성별,피해운전자 연령,피해운전자 상해정도
3285,2021060100100321,2021년 6월 1일 14시,화요일,경기도 동두천시 지행동,경상사고,0,0,1,0,차대사람 - 차도통행중,안전운전불이행,포장 - 건조,맑음,단일로 - 기타,화물,여,68세,상해없음,보행자,남,22세,경상
3286,2021060100100333,2021년 6월 1일 15시,화요일,경기도 부천시 원미동,중상사고,0,1,0,0,차대사람 - 보도통행중,보행자보호의무위반,포장 - 건조,맑음,교차로 - 교차로안,승용,여,63세,상해없음,보행자,남,69세,중상
3287,2021060100100335,2021년 6월 1일 15시,화요일,경기도 성남시 중원구 성남동,중상사고,0,1,0,0,차대사람 - 길가장자리구역통행중,교차로운행방법위반,포장 - 건조,맑음,교차로 - 교차로안,승용,남,39세,상해없음,보행자,남,59세,중상
3288,2021060100100361,2021년 6월 1일 15시,화요일,경기도 파주시 와동동,경상사고,0,0,1,0,차대사람 - 기타,안전운전불이행,포장 - 건조,맑음,주차장 - 주차장,승용,여,61세,상해없음,보행자,남,51세,경상
3289,2021060100100364,2021년 6월 1일 15시,화요일,경기도 남양주시 별내동,경상사고,0,0,2,0,차대사람 - 기타,안전운전불이행,포장 - 건조,흐림,단일로 - 기타,화물,남,59세,상해없음,보행자,남,57세,경상
3290,2021060100100372,2021년 6월 1일 16시,화요일,경기도 성남시 수정구 고등동,경상사고,0,0,1,0,차대사람 - 횡단중,신호위반,포장 - 건조,맑음,단일로 - 기타,승용,여,68세,상해없음,보행자,여,30세,경상
3291,2021060100100379,2021년 6월 1일 16시,화요일,경기도 시흥시 거모동,경상사고,0,0,1,0,차대사람 - 기타,안전운전불이행,포장 - 건조,맑음,단일로 - 기타,승용,남,62세,상해없음,보행자,남,53세,경상
3292,2021060100100416,2021년 6월 1일 17시,화요일,경기도 평택시 동삭동,부상신고사고,0,0,0,1,차대사람 - 기타,보행자보호의무위반,포장 - 건조,맑음,교차로 - 교차로횡단보도내,승용,여,56세,상해없음,보행자,여,3세,부상신고
3293,2021060100100420,2021년 6월 1일 17시,화요일,경기도 안산시 상록구 사동,중상사고,0,1,0,0,차대사람 - 기타,기타,포장 - 건조,맑음,단일로 - 기타,승용,여,38세,상해없음,보행자,남,7세,중상
3294,2021060100100421,2021년 6월 1일 17시,화요일,경기도 수원시 팔달구 매산로2가,경상사고,0,0,1,0,차대사람 - 기타,안전운전불이행,포장 - 건조,맑음,단일로 - 기타,승용,남,19세,상해없음,보행자,남,39세,경상
3295,2021060100100422,2021년 6월 1일 17시,화요일,경기도 용인시 수지구 상현동,중상사고,0,1,0,0,차대사람 - 횡단중,안전운전불이행,포장 - 건조,맑음,단일로 - 기타,승용,여,36세,기타불명,보행자,남,60세,중상
3296,2021060100100469,2021년 6월 1일 18시,화요일,경기도 안성시 공도읍,중상사고,0,1,0,0,차대사람 - 횡단중,안전운전불이행,포장 - 건조,맑음,교차로 - 교차로부근,승용,남,46세,상해없음,보행자,여,70세,중상
3297,2021060100100497,2021년 6월 1일 18시,화요일,경기도 고양시 일산서구 대화동,중상사고,0,1,0,0,차대사람 - 차도통행중,안전운전불이행,포장 - 건조,맑음,단일로 - 기타,승용,남,61세,상해없음,보행자,여,60세,중상
3298,2021060100100509,2021년 6월 1일 19시,화요일,경기도 광명시 하안동,경상사고,0,0,1,0,차대사람 - 기타,보행자보호의무위반,포장 - 건조,맑음,단일로 - 기타,승용,남,54세,기타불명,보행자,남,28세,경상
3299,2021060100100513,2021년 6월 1일 19시,화요일,경기도 군포시 부곡동,중상사고,0,1,0,0,차대사람 - 기타,안전운전불이행,포장 - 건조,맑음,단일로 - 기타,화물,남,57세,상해없음,보행자,여,56세,중상
3300,2021060100100515,2021년 6월 1일 19시,화요일,경기도 용인시 수지구 상현동,중상사고,0,1,0,0,차대사람 - 기타,안전운전불이행,포장 - 건조,맑음,단일로 - 기타,이륜,남,26세,상해없음,보행자,남,41세,중상
3301,2021060100100533,2021년 6월 1일 19시,화요일,경기도 동두천시 지행동,부상신고사고,0,0,0,1,차대사람 - 기타,안전운전불이행,포장 - 건조,맑음,교차로 - 교차로횡단보도내,기타불명,기타불명,미분류,기타불명,보행자,남,62세,부상신고
3302,2021060100100542,2021년 6월 1일 20시,화요일,경기도 안산시 상록구 월피동,중상사고,0,1,0,0,차대사람 - 횡단중,보행자보호의무위반,포장 - 건조,맑음,교차로 - 교차로횡단보도내,승용,여,63세,상해없음,보행자,남,58세,중상
3303,2021060100100563,2021년 6월 1일 20시,화요일,경기도 의정부시 의정부동,경상사고,0,0,1,0,차대사람 - 길가장자리구역통행중,안전운전불이행,포장 - 건조,맑음,단일로 - 기타,이륜,남,27세,기타불명,보행자,남,58세,경상
3304,2021060100100569,2021년 6월 1일 21시,화요일,경기도 군포시 당동,경상사고,0,0,1,0,차대사람 - 기타,안전운전불이행,포장 - 건조,맑음,단일로 - 기타,승용,여,53세,상해없음,보행자,남,61세,경상
3305,2021060100100599,2021년 6월 1일 22시,화요일,경기도 성남시 분당구 이매동,경상사고,0,0,1,0,차대사람 - 횡단중,보행자보호의무위반,포장 - 건조,맑음,교차로 - 교차로횡단보도내,승용,남,46세,상해없음,보행자,여,37세,경상
3306,2021060100100600,2021년 6월 1일 22시,화요일,경기도 시흥시 정왕동,경상사고,0,0,1,0,차대사람 - 기타,안전운전불이행,포장 - 건조,맑음,단일로 - 기타,이륜,남,30세,상해없음,보행자,여,6세,경상
3307,2021060200100023,2021년 6월 2일 04시,수요일,경기도 부천시 춘의동,경상사고,0,0,1,0,차대사람 - 차도통행중,안전운전불이행,포장 - 건조,맑음,교차로 - 교차로부근,화물,남,54세,상해없음,보행자,남,56세,경상
3308,2021060200100116,2021년 6월 2일 09시,수요일,경기도 하남시 덕풍동,경상사고,0,0,1,0,차대사람 - 기타,안전운전불이행,포장 - 건조,맑음,단일로 - 기타,화물,남,72세,상해없음,보행자,남,34세,경상
3309,2021060200100139,2021년 6월 2일 09시,수요일,경기도 양주시 덕정동,경상사고,0,0,1,0,차대사람 - 보도통행중,기타,포장 - 건조,맑음,기타 - 기타,승용,남,56세,상해없음,보행자,남,28세,경상
3310,2021060200100147,2021년 6월 2일 10시,수요일,경기도 안성시 공도읍,부상신고사고,0,0,0,1,차대사람 - 횡단중,안전운전불이행,포장 - 건조,맑음,단일로 - 기타,승용,여,38세,상해없음,보행자,여,60세,부상신고
3311,2021060200100148,2021년 6월 2일 10시,수요일,경기도 이천시 관고동,중상사고,0,1,0,0,차대사람 - 횡단중,보행자보호의무위반,포장 - 건조,맑음,단일로 - 기타,승합,남,55세,상해없음,보행자,여,68세,중상
3312,2021060200100151,2021년 6월 2일 10시,수요일,경기도 성남시 분당구 삼평동,경상사고,0,0,1,0,차대사람 - 기타,안전운전불이행,포장 - 건조,맑음,기타 - 기타,승용,여,40세,상해없음,보행자,남,65세,경상
3313,2021060200100180,2021년 6월 2일 11시,수요일,경기도 성남시 중원구 중앙동,경상사고,0,0,1,0,차대사람 - 기타,안전운전불이행,포장 - 건조,맑음,단일로 - 기타,승용,남,61세,상해없음,보행자,남,28세,경상
3314,2021060200100218,2021년 6월 2일 12시,수요일,경기도 안성시 대덕면,경상사고,0,0,1,0,차대사람 - 기타,안전운전불이행,포장 - 건조,맑음,단일로 - 기타,화물,남,50세,상해없음,보행자,남,59세,경상
3315,2021060200100243,2021년 6월 2일 12시,수요일,경기도 양주시 덕계동,경상사고,0,0,1,0,차대사람 - 기타,안전운전불이행,포장 - 건조,맑음,단일로 - 기타,승용,여,76세,상해없음,보행자,남,47세,경상
3316,2021060200100255,2021년 6월 2일 13시,수요일,경기도 용인시 처인구 포곡읍,경상사고,0,0,1,0,차대사람 - 차도통행중,안전운전불이행,포장 - 건조,맑음,단일로 - 기타,이륜,여,37세,상해없음,보행자,남,8세,경상
3317,2021060200100289,2021년 6월 2일 14시,수요일,경기도 화성시 능동,경상사고,0,0,1,0,차대사람 - 기타,안전운전불이행,포장 - 건조,맑음,교차로 - 교차로부근,승용,여,45세,상해없음,보행자,남,10세,경상
3318,2021060200100314,2021년 6월 2일 14시,수요일,경기도 가평군 가평읍,중상사고,0,1,0,0,차대사람 - 횡단중,기타,포장 - 건조,맑음,단일로 - 기타,승용,여,49세,상해없음,보행자,여,11세,중상
3319,2021060200100322,2021년 6월 2일 15시,수요일,경기도 수원시 장안구 조원동,중상사고,0,1,0,0,차대사람 - 횡단중,안전운전불이행,포장 - 건조,맑음,단일로 - 기타,승용,여,38세,상해없음,보행자,여,9세,중상
3320,2021060200100356,2021년 6월 2일 16시,수요일,경기도 김포시 구래동,경상사고,0,0,1,0,차대사람 - 길가장자리구역통행중,안전운전불이행,포장 - 건조,맑음,단일로 - 기타,승용,남,38세,상해없음,보행자,남,8세,경상
3321,2021060200100357,2021년 6월 2일 16시,수요일,경기도 안산시 단원구 고잔동,경상사고,0,0,1,0,차대사람 - 기타,안전운전불이행,포장 - 건조,맑음,단일로 - 기타,자전거,여,36세,상해없음,보행자,여,13세,경상
3322,2021060200100393,2021년 6월 2일 17시,수요일,경기도 평택시 죽백동,부상신고사고,0,0,0,1,차대사람 - 기타,안전운전불이행,포장 - 건조,맑음,기타 - 기타,자전거,남,5세,상해없음,보행자,남,3세,부상신고
3323,2021060200100406,2021년 6월 2일 17시,수요일,경기도 화성시 진안동,경상사고,0,0,1,0,차대사람 - 기타,안전운전불이행,포장 - 건조,맑음,단일로 - 기타,승용,남,68세,상해없음,보행자,여,85세,경상
3324,2021060200100441,2021년 6월 2일 17시,수요일,경기도 파주시 금촌동,중상사고,0,1,0,0,차대사람 - 횡단중,보행자보호의무위반,포장 - 건조,맑음,단일로 - 기타,승용,남,25세,상해없음,보행자,여,75세,중상
3325,2021060200100460,2021년 6월 2일 18시,수요일,경기도 광주시 역동,경상사고,0,0,1,0,차대사람 - 기타,안전운전불이행,포장 - 건조,맑음,단일로 - 기타,승용,남,62세,상해없음,보행자,남,23세,경상
3326,2021060200100495,2021년 6월 2일 18시,수요일,경기도 고양시 일산동구 장항동,경상사고,0,0,1,0,차대사람 - 횡단중,보행자보호의무위반,포장 - 건조,맑음,교차로 - 교차로안,승용,여,47세,상해없음,보행자,여,54세,경상
3327,2021060200100536,2021년 6월 2일 20시,수요일,경기도 이천시 창전동,경상사고,0,0,2,0,차대사람 - 횡단중,안전운전불이행,포장 - 건조,맑음,단일로 - 기타,이륜,남,26세,경상,보행자,남,14세,경상
3328,2021060200100538,2021년 6월 2일 20시,수요일,경기도 양평군 양서면,사망사고,1,0,0,0,차대사람 - 횡단중,과속,포장 - 건조,맑음,교차로 - 교차로안,승용,남,63세,상해없음,보행자,남,46세,사망
3329,2021060200100540,2021년 6월 2일 20시,수요일,경기도 성남시 분당구 수내동,경상사고,0,0,1,0,차대사람 - 기타,안전운전불이행,포장 - 건조,맑음,기타 - 기타,기타불명,기타불명,미분류,기타불명,보행자,남,28세,경상
3330,2021060200100561,2021년 6월 2일 21시,수요일,경기도 수원시 장안구 송죽동,경상사고,0,0,1,0,차대사람 - 기타,안전운전불이행,포장 - 건조,맑음,기타 - 기타,이륜,남,50세,경상,보행자,여,39세,기타불명
3331,2021060200100563,2021년 6월 2일 21시,수요일,경기도 부천시 상동,중상사고,0,1,0,0,차대사람 - 보도통행중,신호위반,포장 - 건조,맑음,단일로 - 기타,이륜,남,25세,상해없음,보행자,여,50세,중상
3332,2021060200100564,2021년 6월 2일 21시,수요일,경기도 안산시 상록구 성포동,경상사고,0,0,1,0,차대사람 - 차도통행중,안전운전불이행,포장 - 건조,맑음,단일로 - 기타,승용,남,64세,상해없음,보행자,남,55세,경상
3333,2021060200100595,2021년 6월 2일 22시,수요일,경기도 수원시 권선구 세류동,중상사고,0,1,1,0,차대사람 - 횡단중,안전운전불이행,포장 - 건조,맑음,교차로 - 교차로횡단보도내,승합,남,45세,상해없음,보행자,남,59세,중상
3334,2021060200100596,2021년 6월 2일 22시,수요일,경기도 수원시 권선구 고색동,경상사고,0,0,1,0,차대사람 - 횡단중,신호위반,포장 - 건조,맑음,교차로 - 교차로횡단보도내,승용,여,58세,상해없음,보행자,여,61세,경상
3335,2021060200100622,2021년 6월 2일 23시,수요일,경기도 용인시 수지구 풍덕천동,경상사고,0,0,1,0,차대사람 - 횡단중,보행자보호의무위반,포장 - 건조,맑음,단일로 - 기타,기타불명,기타불명,미분류,기타불명,보행자,여,19세,경상
3336,2021060300100080,2021년 6월 3일 07시,목요일,경기도 고양시 덕양구 행신동,중상사고,0,1,0,0,차대사람 - 기타,안전운전불이행,포장 - 건조,맑음,교차로 - 교차로안,이륜,남,72세,상해없음,보행자,여,15세,중상
3337,2021060300100093,2021년 6월 3일 08시,목요일,경기도 수원시 영통구 하동,경상사고,0,0,1,0,차대사람 - 횡단중,보행자보호의무위반,포장 - 건조,맑음,교차로 - 교차로부근,승용,여,36세,상해없음,보행자,남,10세,경상
3338,2021060300100122,2021년 6월 3일 09시,목요일,경기도 용인시 처인구 양지면,중상사고,0,1,0,0,차대사람 - 기타,보행자보호의무위반,포장 - 건조,맑음,기타 - 기타,승용,남,52세,상해없음,보행자,여,22세,중상
3339,2021060300100139,2021년 6월 3일 09시,목요일,경기도 구리시 수택동,경상사고,0,0,1,0,차대사람 - 기타,안전운전불이행,포장 - 건조,맑음,교차로 - 교차로부근,승용,여,55세,상해없음,보행자,여,73세,경상
3340,2021060300100153,2021년 6월 3일 10시,목요일,경기도 광명시 철산동,경상사고,0,0,1,0,차대사람 - 횡단중,보행자보호의무위반,포장 - 건조,맑음,교차로 - 교차로횡단보도내,개인형이동수단(PM),여,26세,상해없음,보행자,여,62세,경상
3341,2021060300100191,2021년 6월 3일 11시,목요일,경기도 의정부시 금오동,경상사고,0,0,1,0,차대사람 - 횡단중,보행자보호의무위반,포장 - 건조,맑음,교차로 - 교차로횡단보도내,승용,남,72세,상해없음,보행자,남,64세,경상
3342,2021060300100207,2021년 6월 3일 12시,목요일,경기도 하남시 감북동,사망사고,1,0,0,0,차대사람 - 횡단중,안전운전불이행,포장 - 건조,흐림,단일로 - 기타,화물,남,26세,상해없음,보행자,남,63세,사망
3343,2021060300100322,2021년 6월 3일 16시,목요일,경기도 부천시 괴안동,경상사고,0,0,1,0,차대사람 - 기타,보행자보호의무위반,포장 - 젖음/습기,비,교차로 - 교차로횡단보도내,화물,남,75세,상해없음,보행자,여,59세,경상
3344,2021060300100325,2021년 6월 3일 16시,목요일,경기도 하남시 천현동,중상사고,0,1,0,0,차대사람 - 횡단중,보행자보호의무위반,포장 - 젖음/습기,비,교차로 - 교차로횡단보도내,화물,남,58세,상해없음,보행자,여,58세,중상
3345,2021060300100344,2021년 6월 3일 16시,목요일,경기도 고양시 일산서구 주엽동,중상사고,0,1,0,0,차대사람 - 횡단중,안전운전불이행,포장 - 젖음/습기,비,기타 - 기타,승용,남,49세,상해없음,보행자,여,74세,중상
3346,2021060300100402,2021년 6월 3일 18시,목요일,경기도 수원시 권선구 고색동,경상사고,0,0,1,0,차대사람 - 기타,안전운전불이행,포장 - 젖음/습기,비,단일로 - 기타,승용,여,46세,상해없음,보행자,남,42세,경상
3347,2021060300100449,2021년 6월 3일 19시,목요일,경기도 수원시 장안구 정자동,경상사고,0,0,1,0,차대사람 - 기타,기타,포장 - 젖음/습기,비,기타 - 기타,승용,여,52세,상해없음,보행자,여,28세,경상
3348,2021060300100490,2021년 6월 3일 20시,목요일,경기도 안산시 단원구 원시동,중상사고,0,1,0,0,차대사람 - 기타,안전운전불이행,포장 - 젖음/습기,비,단일로 - 기타,승용,남,39세,상해없음,보행자,남,48세,중상
3349,2021060300100497,2021년 6월 3일 20시,목요일,경기도 수원시 권선구 구운동,경상사고,0,0,1,0,차대사람 - 기타,기타,포장 - 젖음/습기,비,단일로 - 기타,승합,남,57세,상해없음,보행자,여,60세,경상
3350,2021060300100498,2021년 6월 3일 20시,목요일,경기도 하남시 덕풍동,중상사고,0,1,0,0,차대사람 - 보도통행중,안전운전불이행,포장 - 젖음/습기,비,단일로 - 기타,이륜,남,31세,상해없음,보행자,여,63세,중상
3351,2021060300100525,2021년 6월 3일 20시,목요일,경기도 고양시 일산동구 백석동,경상사고,0,0,1,0,차대사람 - 횡단중,신호위반,포장 - 젖음/습기,비,교차로 - 교차로부근,이륜,남,18세,상해없음,보행자,남,44세,경상
3352,2021060300100527,2021년 6월 3일 20시,목요일,경기도 파주시 금촌동,중상사고,0,1,0,0,차대사람 - 횡단중,보행자보호의무위반,포장 - 젖음/습기,비,교차로 - 교차로횡단보도내,승합,남,57세,상해없음,보행자,남,67세,중상
3353,2021060300100528,2021년 6월 3일 20시,목요일,경기도 고양시 일산서구 일산동,경상사고,0,0,1,0,차대사람 - 기타,안전운전불이행,포장 - 젖음/습기,비,주차장 - 주차장,승용,여,49세,상해없음,보행자,남,56세,경상
3354,2021060300100537,2021년 6월 3일 21시,목요일,경기도 수원시 장안구 영화동,중상사고,0,1,0,0,차대사람 - 횡단중,안전운전불이행,비포장 - 젖음/습기,비,단일로 - 기타,화물,남,53세,기타불명,보행자,남,77세,중상
3355,2021060300100542,2021년 6월 3일 21시,목요일,경기도 안산시 단원구 선부동,중상사고,0,1,1,0,차대사람 - 횡단중,신호위반,포장 - 젖음/습기,비,단일로 - 기타,이륜,남,17세,상해없음,보행자,여,48세,중상
3356,2021060300100575,2021년 6월 3일 21시,목요일,경기도 파주시 월롱면,중상사고,0,1,0,0,차대사람 - 횡단중,보행자보호의무위반,포장 - 젖음/습기,비,교차로 - 교차로부근,승용,남,34세,상해없음,보행자,남,31세,중상
3357,2021060300100592,2021년 6월 3일 22시,목요일,경기도 수원시 영통구 매탄동,중상사고,0,1,0,0,차대사람 - 횡단중,신호위반,포장 - 젖음/습기,비,교차로 - 교차로부근,이륜,남,20세,상해없음,보행자,여,50세,중상
3358,2021060300100599,2021년 6월 3일 22시,목요일,경기도 화성시 반송동,경상사고,0,0,1,0,차대사람 - 횡단중,안전운전불이행,포장 - 젖음/습기,비,교차로 - 교차로부근,승용,남,23세,상해없음,보행자,남,38세,경상
3359,2021060400100025,2021년 6월 4일 02시,금요일,경기도 수원시 장안구 영화동,중상사고,0,1,1,0,차대사람 - 기타,안전운전불이행,포장 - 건조,맑음,단일로 - 기타,승용,남,63세,상해없음,보행자,남,32세,경상
3360,2021060400100061,2021년 6월 4일 07시,금요일,경기도 용인시 수지구 동천동,중상사고,0,1,0,0,차대사람 - 기타,신호위반,포장 - 건조,맑음,교차로 - 교차로안,승합,남,71세,상해없음,보행자,여,31세,중상
3361,2021060400100075,2021년 6월 4일 07시,금요일,경기도 포천시 소흘읍,경상사고,0,0,1,0,차대사람 - 기타,안전운전불이행,포장 - 건조,맑음,주차장 - 주차장,승용,여,72세,상해없음,보행자,여,10세,경상
3362,2021060400100090,2021년 6월 4일 08시,금요일,경기도 성남시 수정구 단대동,경상사고,0,0,1,0,차대사람 - 기타,안전운전불이행,포장 - 건조,맑음,단일로 - 기타,승용,남,63세,상해없음,보행자,여,18세,경상
3363,2021060400100116,2021년 6월 4일 08시,금요일,경기도 파주시 목동동,중상사고,0,1,0,0,차대사람 - 횡단중,안전운전불이행,포장 - 건조,맑음,단일로 - 기타,승용,남,48세,상해없음,보행자,남,13세,중상
3364,2021060400100124,2021년 6월 4일 09시,금요일,경기도 김포시 북변동,경상사고,0,0,1,0,차대사람 - 횡단중,보행자보호의무위반,포장 - 건조,맑음,교차로 - 교차로안,승합,남,60세,상해없음,보행자,남,78세,경상
3365,2021060400100130,2021년 6월 4일 09시,금요일,경기도 부천시 여월동,경상사고,0,0,1,0,차대사람 - 차도통행중,안전운전불이행,포장 - 건조,맑음,단일로 - 기타,승용,여,20세,상해없음,보행자,여,56세,경상
3366,2021060400100158,2021년 6월 4일 10시,금요일,경기도 여주시 홍문동,중상사고,0,1,0,0,차대사람 - 차도통행중,안전운전불이행,포장 - 건조,맑음,단일로 - 기타,승용,여,56세,상해없음,보행자,여,61세,중상
3367,2021060400100178,2021년 6월 4일 10시,금요일,경기도 남양주시 진접읍,경상사고,0,0,1,0,차대사람 - 기타,안전운전불이행,포장 - 건조,맑음,기타 - 기타,자전거,남,23세,상해없음,보행자,여,73세,경상
3368,2021060400100195,2021년 6월 4일 11시,금요일,경기도 수원시 영통구 이의동,경상사고,0,0,1,0,차대사람 - 기타,기타,포장 - 건조,맑음,기타 - 기타,화물,남,42세,상해없음,보행자,여,26세,경상
3369,2021060400100217,2021년 6월 4일 12시,금요일,경기도 평택시 장당동,중상사고,0,1,0,0,차대사람 - 기타,안전운전불이행,포장 - 건조,맑음,단일로 - 기타,이륜,남,26세,상해없음,보행자,여,58세,중상
3370,2021060400100222,2021년 6월 4일 12시,금요일,경기도 부천시 내동,경상사고,0,0,1,0,차대사람 - 길가장자리구역통행중,안전운전불이행,포장 - 젖음/습기,맑음,단일로 - 기타,승용,남,79세,상해없음,보행자,여,55세,경상
3371,2021060400100254,2021년 6월 4일 13시,금요일,경기도 평택시 지산동,중상사고,0,1,0,0,차대사람 - 기타,안전운전불이행,포장 - 건조,맑음,교차로 - 교차로부근,화물,남,67세,상해없음,보행자,여,58세,중상
3372,2021060400100297,2021년 6월 4일 14시,금요일,경기도 수원시 권선구 세류동,중상사고,0,1,0,0,차대사람 - 횡단중,안전운전불이행,포장 - 건조,맑음,단일로 - 기타,승용,여,49세,상해없음,보행자,여,10세,중상
3373,2021060400100348,2021년 6월 4일 15시,금요일,경기도 안산시 단원구 고잔동,중상사고,0,1,0,0,차대사람 - 기타,안전운전불이행,포장 - 건조,맑음,기타 - 기타,승용,남,38세,상해없음,보행자,여,61세,중상
3374,2021060400100390,2021년 6월 4일 16시,금요일,경기도 오산시 청학동,중상사고,0,1,0,0,차대사람 - 기타,안전운전불이행,포장 - 건조,맑음,단일로 - 기타,승용,여,48세,상해없음,보행자,여,81세,중상
3375,2021060400100392,2021년 6월 4일 16시,금요일,경기도 부천시 중동,경상사고,0,0,1,0,차대사람 - 보도통행중,기타,포장 - 건조,맑음,기타 - 기타,개인형이동수단(PM),여,17세,기타불명,보행자,여,62세,경상
3376,2021060400100396,2021년 6월 4일 16시,금요일,경기도 안산시 상록구 일동,중상사고,0,1,0,0,차대사람 - 차도통행중,안전운전불이행,포장 - 건조,맑음,기타 - 기타,화물,남,61세,상해없음,보행자,여,48세,중상
3377,2021060400100442,2021년 6월 4일 17시,금요일,경기도 수원시 팔달구 화서동,경상사고,0,0,1,0,차대사람 - 기타,안전운전불이행,포장 - 건조,맑음,단일로 - 기타,승용,남,51세,상해없음,보행자,남,67세,경상
3378,2021060400100447,2021년 6월 4일 17시,금요일,경기도 용인시 기흥구 동백동,경상사고,0,0,2,0,차대사람 - 기타,안전운전불이행,포장 - 건조,맑음,단일로 - 기타,자전거,남,16세,경상,보행자,남,1세,경상
3379,2021060400100556,2021년 6월 4일 19시,금요일,경기도 광명시 광명동,경상사고,0,0,1,0,차대사람 - 기타,안전운전불이행,포장 - 건조,맑음,단일로 - 기타,승용,여,29세,상해없음,보행자,남,75세,경상
3380,2021060400100564,2021년 6월 4일 19시,금요일,경기도 의왕시 고천동,경상사고,0,0,1,0,차대사람 - 횡단중,안전운전불이행,포장 - 건조,맑음,단일로 - 기타,승용,남,36세,상해없음,보행자,남,86세,경상
3381,2021060400100592,2021년 6월 4일 20시,금요일,경기도 안산시 상록구 본오동,중상사고,0,1,0,0,차대사람 - 차도통행중,보행자보호의무위반,포장 - 건조,맑음,교차로 - 교차로안,승용,남,54세,상해없음,보행자,남,9세,중상
3382,2021060400100654,2021년 6월 4일 22시,금요일,경기도 평택시 평택동,경상사고,0,0,1,0,차대사람 - 기타,안전운전불이행,포장 - 건조,맑음,교차로 - 교차로안,승용,여,29세,상해없음,보행자,여,24세,경상
3383,2021060400100693,2021년 6월 4일 23시,금요일,경기도 고양시 덕양구 행주외동,사망사고,1,0,0,0,차대사람 - 기타,안전운전불이행,포장 - 건조,맑음,단일로 - 기타,승용,남,33세,상해없음,보행자,여,64세,사망
3384,2021060500100045,2021년 6월 5일 04시,토요일,경기도 성남시 수정구 태평동,경상사고,0,0,1,0,차대사람 - 기타,안전운전불이행,포장 - 건조,맑음,단일로 - 기타,승용,남,25세,상해없음,보행자,여,70세,경상
3385,2021060500100049,2021년 6월 5일 05시,토요일,경기도 평택시 안중읍,중상사고,0,2,1,0,차대사람 - 기타,안전운전불이행,포장 - 건조,맑음,교차로 - 교차로부근,승용,남,40세,상해없음,보행자,남,67세,중상
3386,2021060500100059,2021년 6월 5일 06시,토요일,경기도 의정부시 용현동,경상사고,0,0,1,0,차대사람 - 차도통행중,불법유턴,포장 - 건조,맑음,단일로 - 기타,화물,남,51세,상해없음,보행자,여,56세,경상
3387,2021060500100129,2021년 6월 5일 10시,토요일,경기도 안산시 단원구 초지동,중상사고,0,2,0,0,차대사람 - 기타,보행자보호의무위반,포장 - 건조,맑음,교차로 - 교차로안,승용,여,50세,상해없음,보행자,여,60세,중상
3388,2021060500100154,2021년 6월 5일 10시,토요일,경기도 구리시 수택동,경상사고,0,0,1,0,차대사람 - 기타,안전운전불이행,포장 - 건조,맑음,단일로 - 기타,승용,여,64세,상해없음,보행자,남,67세,경상
3389,2021060500100177,2021년 6월 5일 11시,토요일,경기도 부천시 원미동,경상사고,0,0,1,0,차대사람 - 기타,안전운전불이행,포장 - 건조,맑음,기타 - 기타,화물,남,60세,상해없음,보행자,남,67세,경상
3390,2021060500100274,2021년 6월 5일 13시,토요일,경기도 평택시 동삭동,중상사고,0,1,0,0,차대사람 - 보도통행중,기타,포장 - 건조,맑음,기타 - 기타,원동기,여,21세,상해없음,보행자,남,56세,중상
3391,2021060500100276,2021년 6월 5일 13시,토요일,경기도 광주시 퇴촌면,중상사고,0,1,0,0,차대사람 - 기타,기타,포장 - 건조,맑음,기타 - 기타,화물,남,63세,상해없음,보행자,여,70세,중상
3392,2021060500100285,2021년 6월 5일 13시,토요일,경기도 부천시 원종동,중상사고,0,1,0,0,차대사람 - 기타,보행자보호의무위반,포장 - 건조,맑음,단일로 - 기타,승용,여,37세,상해없음,보행자,여,69세,중상
3393,2021060500100309,2021년 6월 5일 13시,토요일,경기도 파주시 조리읍,경상사고,0,0,1,0,차대사람 - 횡단중,교차로운행방법위반,포장 - 건조,맑음,교차로 - 교차로안,승합,남,64세,상해없음,보행자,남,60세,경상
3394,2021060500100374,2021년 6월 5일 15시,토요일,경기도 광주시 쌍령동,중상사고,0,1,0,0,차대사람 - 기타,안전운전불이행,포장 - 건조,맑음,주차장 - 주차장,화물,남,27세,상해없음,보행자,여,64세,중상
3395,2021060500100375,2021년 6월 5일 15시,토요일,경기도 용인시 처인구 고림동,경상사고,0,0,1,0,차대사람 - 기타,안전운전불이행,포장 - 건조,맑음,기타 - 기타,승용,여,44세,상해없음,보행자,남,8세,경상
3396,2021060500100410,2021년 6월 5일 16시,토요일,경기도 여주시 대신면,경상사고,0,0,1,0,차대사람 - 차도통행중,안전운전불이행,포장 - 건조,맑음,기타 - 기타,자전거,남,69세,상해없음,보행자,여,54세,경상
3397,2021060500100486,2021년 6월 5일 18시,토요일,경기도 평택시 포승읍,부상신고사고,0,0,0,1,차대사람 - 횡단중,신호위반,포장 - 건조,맑음,교차로 - 교차로횡단보도내,승용,남,54세,상해없음,보행자,남,10세,부상신고
3398,2021060500100513,2021년 6월 5일 19시,토요일,경기도 평택시 서정동,경상사고,0,0,1,0,차대사람 - 기타,신호위반,포장 - 건조,맑음,교차로 - 교차로횡단보도내,이륜,남,18세,상해없음,보행자,남,15세,경상