,사고번호,사고일시,요일,시군구,사고내용,사망자수,중상자수,경상자수,부상신고자수,사고유형,법규위반,노면상태,기상상태,도로형태,가해운전자 차종,가해운전자 성별,가해운전자 연령,가해운전자 상해정도,피해운전자 차종,피해운전자 성별,피해운전자 연령,피해운전자 상해정도
3851,2021062500100512,2021년 6월 25일 18시,금요일,경기도 용인시 수지구 상현동,경상사고,0,0,1,0,차대사람 - 기타,안전운전불이행,포장 - 건조,맑음,교차로 - 교차로부근,기타불명,기타불명,미분류,기타불명,보행자,여,71세,경상
3852,2021062500100561,2021년 6월 25일 19시,금요일,경기도 광주시 오포읍,경상사고,0,0,1,0,차대사람 - 기타,기타,포장 - 건조,맑음,단일로 - 기타,승용,남,45세,상해없음,보행자,남,48세,경상
3853,2021062500100592,2021년 6월 25일 20시,금요일,경기도 수원시 팔달구 화서동,중상사고,0,1,0,0,차대사람 - 횡단중,안전운전불이행,포장 - 건조,맑음,교차로 - 교차로안,승용,남,68세,상해없음,보행자,여,74세,중상
3854,2021062500100623,2021년 6월 25일 21시,금요일,경기도 평택시 신장동,경상사고,0,0,1,0,차대사람 - 기타,기타,포장 - 건조,맑음,기타 - 기타,자전거,여,37세,상해없음,보행자,남,26세,경상
3855,2021062500100666,2021년 6월 25일 22시,금요일,경기도 광주시 경안동,경상사고,0,0,1,0,차대사람 - 보도통행중,기타,포장 - 건조,맑음,기타 - 기타,이륜,남,21세,기타불명,보행자,남,25세,경상
3856,2021062500100690,2021년 6월 25일 23시,금요일,경기도 양평군 서종면,경상사고,0,0,1,0,차대사람 - 기타,안전운전불이행,포장 - 건조,맑음,단일로 - 기타,승용,남,29세,상해없음,보행자,남,46세,경상
3857,2021062600100048,2021년 6월 26일 02시,토요일,경기도 안성시 죽산면,중상사고,0,1,0,0,차대사람 - 기타,안전운전불이행,포장 - 건조,맑음,교차로 - 교차로부근,승용,남,70세,상해없음,보행자,남,66세,중상
3858,2021062600100095,2021년 6월 26일 08시,토요일,경기도 의왕시 이동,중상사고,0,1,0,0,차대사람 - 기타,안전운전불이행,포장 - 건조,맑음,기타 - 기타,승용,남,58세,상해없음,보행자,남,44세,중상
3859,2021062600100113,2021년 6월 26일 09시,토요일,경기도 평택시 용이동,경상사고,0,0,1,0,차대사람 - 보도통행중,기타,포장 - 젖음/습기,비,기타 - 기타,승용,남,55세,상해없음,보행자,남,24세,경상
3860,2021062600100206,2021년 6월 26일 11시,토요일,경기도 남양주시 진건읍,중상사고,0,1,0,0,차대사람 - 기타,안전운전불이행,포장 - 건조,맑음,단일로 - 기타,승합,남,54세,상해없음,보행자,여,19세,중상
3861,2021062600100257,2021년 6월 26일 13시,토요일,경기도 평택시 비전동,경상사고,0,0,1,0,차대사람 - 기타,안전운전불이행,포장 - 건조,맑음,단일로 - 기타,이륜,남,27세,상해없음,보행자,남,60세,경상
3862,2021062600100306,2021년 6월 26일 14시,토요일,경기도 성남시 분당구 야탑동,중상사고,0,1,0,0,차대사람 - 기타,안전운전불이행,포장 - 건조,맑음,교차로 - 교차로안,승합,남,49세,상해없음,보행자,남,58세,중상
3863,2021062600100341,2021년 6월 26일 15시,토요일,경기도 성남시 분당구 분당동,중상사고,0,1,0,0,차대사람 - 기타,안전운전불이행,포장 - 건조,맑음,미분류 - 미분류,승용,남,62세,상해없음,보행자,남,82세,중상
3864,2021062600100372,2021년 6월 26일 16시,토요일,경기도 성남시 분당구 백현동,경상사고,0,0,1,0,차대사람 - 기타,안전운전불이행,포장 - 건조,맑음,기타 - 기타,승용,여,64세,상해없음,보행자,여,44세,경상
3865,2021062600100440,2021년 6월 26일 18시,토요일,경기도 오산시 오산동,경상사고,0,0,1,0,차대사람 - 횡단중,신호위반,포장 - 건조,맑음,기타 - 기타,승용,남,42세,상해없음,보행자,여,21세,경상
3866,2021062600100442,2021년 6월 26일 18시,토요일,경기도 성남시 분당구 야탑동,경상사고,0,0,1,0,차대사람 - 기타,안전운전불이행,포장 - 기타,맑음,기타 - 기타,승용,여,38세,기타불명,보행자,여,33세,경상
3867,2021062600100445,2021년 6월 26일 18시,토요일,경기도 안양시 만안구 박달동,경상사고,0,0,1,0,차대사람 - 길가장자리구역통행중,안전운전불이행,포장 - 건조,맑음,기타 - 기타,승용,남,67세,상해없음,보행자,남,61세,경상
3868,2021062600100483,2021년 6월 26일 19시,토요일,경기도 김포시 풍무동,경상사고,0,0,1,0,차대사람 - 횡단중,보행자보호의무위반,포장 - 건조,맑음,교차로 - 교차로안,승용,남,24세,상해없음,보행자,남,56세,경상
3869,2021062600100503,2021년 6월 26일 19시,토요일,경기도 파주시 금촌동,경상사고,0,0,1,0,차대사람 - 기타,안전운전불이행,포장 - 건조,맑음,단일로 - 기타,승용,여,25세,상해없음,보행자,남,78세,경상
3870,2021062600100522,2021년 6월 26일 20시,토요일,경기도 여주시 산북면,중상사고,0,1,0,0,차대사람 - 기타,안전운전불이행,포장 - 건조,맑음,교차로 - 교차로부근,승용,여,28세,상해없음,보행자,남,71세,중상
3871,2021062600100523,2021년 6월 26일 20시,토요일,경기도 수원시 영통구 하동,경상사고,0,0,1,0,차대사람 - 횡단중,신호위반,포장 - 건조,맑음,교차로 - 교차로횡단보도내,승용,남,54세,상해없음,보행자,여,23세,경상
3872,2021062600100557,2021년 6월 26일 21시,토요일,경기도 부천시 심곡동,경상사고,0,0,1,0,차대사람 - 횡단중,보행자보호의무위반,포장 - 건조,맑음,교차로 - 교차로횡단보도내,개인형이동수단(PM),여,19세,상해없음,보행자,여,28세,경상
3873,2021062600100570,2021년 6월 26일 21시,토요일,경기도 연천군 미산면,중상사고,0,2,0,0,차대사람 - 길가장자리구역통행중,안전운전불이행,포장 - 건조,맑음,단일로 - 지하차도(도로)내,화물,남,66세,상해없음,보행자,여,57세,중상
3874,2021062600100588,2021년 6월 26일 22시,토요일,경기도 용인시 기흥구 영덕동,중상사고,0,1,0,0,차대사람 - 기타,안전운전불이행,포장 - 건조,맑음,교차로 - 교차로횡단보도내,승용,남,52세,상해없음,보행자,남,49세,중상
3875,2021062600100604,2021년 6월 26일 22시,토요일,경기도 의정부시 의정부동,부상신고사고,0,0,0,1,차대사람 - 기타,안전운전불이행,포장 - 건조,맑음,단일로 - 기타,승용,남,24세,상해없음,보행자,남,51세,부상신고
3876,2021062600100605,2021년 6월 26일 22시,토요일,경기도 남양주시 호평동,부상신고사고,0,0,0,1,차대사람 - 기타,안전운전불이행,포장 - 건조,맑음,교차로 - 교차로부근,승용,남,34세,상해없음,보행자,남,22세,부상신고
3877,2021062700100007,2021년 6월 27일 00시,일요일,경기도 시흥시 대야동,경상사고,0,0,1,0,차대사람 - 횡단중,안전운전불이행,포장 - 건조,맑음,단일로 - 기타,승용,남,20세,상해없음,보행자,여,39세,경상
3878,2021062700100054,2021년 6월 27일 04시,일요일,경기도 성남시 중원구 금광동,중상사고,0,1,0,0,차대사람 - 기타,안전운전불이행,포장 - 건조,맑음,단일로 - 기타,이륜,남,24세,기타불명,보행자,여,70세,중상
3879,2021062700100076,2021년 6월 27일 07시,일요일,경기도 수원시 장안구 영화동,중상사고,0,1,0,0,차대사람 - 횡단중,신호위반,포장 - 건조,맑음,기타 - 기타,이륜,남,41세,상해없음,보행자,남,60세,중상
3880,2021062700100095,2021년 6월 27일 09시,일요일,경기도 군포시 부곡동,중상사고,0,1,0,0,차대사람 - 횡단중,보행자보호의무위반,포장 - 건조,맑음,교차로 - 교차로횡단보도내,승용,남,60세,상해없음,보행자,여,70세,중상
3881,2021062700100144,2021년 6월 27일 11시,일요일,경기도 평택시 비전동,중상사고,0,1,0,0,차대사람 - 차도통행중,안전운전불이행,포장 - 건조,맑음,단일로 - 기타,승용,여,50세,상해없음,보행자,여,71세,중상
3882,2021062700100146,2021년 6월 27일 11시,일요일,경기도 광주시 목현동,경상사고,0,0,1,0,차대사람 - 기타,안전운전불이행,포장 - 건조,맑음,기타 - 기타,승용,여,26세,상해없음,보행자,여,66세,경상
3883,2021062700100202,2021년 6월 27일 13시,일요일,경기도 수원시 장안구 정자동,경상사고,0,0,1,0,차대사람 - 기타,안전운전불이행,포장 - 건조,맑음,단일로 - 기타,승용,남,44세,상해없음,보행자,남,31세,경상
3884,2021062700100204,2021년 6월 27일 13시,일요일,경기도 부천시 중동,경상사고,0,0,1,0,차대사람 - 기타,안전운전불이행,포장 - 건조,맑음,기타 - 기타,자전거,남,75세,상해없음,보행자,여,4세,경상
3885,2021062700100242,2021년 6월 27일 14시,일요일,경기도 하남시 학암동,경상사고,0,0,1,0,차대사람 - 기타,안전운전불이행,포장 - 건조,맑음,교차로 - 교차로안,승합,남,62세,상해없음,보행자,남,48세,경상
3886,2021062700100275,2021년 6월 27일 15시,일요일,경기도 시흥시 정왕동,중상사고,0,1,0,0,차대사람 - 횡단중,안전운전불이행,포장 - 건조,맑음,교차로 - 교차로부근,승용,여,58세,상해없음,보행자,여,62세,중상
3887,2021062700100405,2021년 6월 27일 19시,일요일,경기도 김포시 하성면,경상사고,0,0,1,0,차대사람 - 기타,안전운전불이행,포장 - 건조,맑음,기타 - 기타,화물,남,60세,상해없음,보행자,남,46세,경상
3888,2021062700100428,2021년 6월 27일 20시,일요일,경기도 광명시 철산동,경상사고,0,0,1,0,차대사람 - 기타,안전운전불이행,포장 - 기타,기타,단일로 - 기타,승합,남,59세,기타불명,보행자,남,52세,경상
3889,2021062700100431,2021년 6월 27일 20시,일요일,경기도 하남시 망월동,중상사고,0,1,0,0,차대사람 - 기타,안전운전불이행,포장 - 건조,맑음,교차로 - 교차로안,화물,남,34세,상해없음,보행자,남,53세,중상
3890,2021062700100443,2021년 6월 27일 20시,일요일,경기도 양주시 장흥면,경상사고,0,0,1,0,차대사람 - 기타,안전운전불이행,포장 - 건조,맑음,기타 - 기타,승용,여,70세,상해없음,보행자,남,56세,경상
3891,2021062700100455,2021년 6월 27일 21시,일요일,경기도 성남시 분당구 이매동,경상사고,0,0,1,0,차대사람 - 기타,신호위반,포장 - 젖음/습기,비,교차로 - 교차로안,승용,남,52세,상해없음,보행자,남,39세,경상
3892,2021062700100475,2021년 6월 27일 22시,일요일,경기도 안성시 대천동,중상사고,0,1,0,0,차대사람 - 횡단중,안전운전불이행,포장 - 건조,맑음,교차로 - 교차로횡단보도내,승용,남,23세,상해없음,보행자,여,23세,중상
3893,2021062700100476,2021년 6월 27일 22시,일요일,경기도 김포시 사우동,중상사고,0,1,0,0,차대사람 - 횡단중,보행자보호의무위반,포장 - 건조,맑음,교차로 - 교차로횡단보도내,화물,남,53세,상해없음,보행자,남,55세,중상
3894,2021062800100012,2021년 6월 28일 00시,월요일,경기도 고양시 덕양구 성사동,부상신고사고,0,0,0,1,차대사람 - 기타,안전운전불이행,포장 - 건조,맑음,단일로 - 기타,승용,남,59세,상해없음,보행자,남,22세,부상신고
3895,2021062800100015,2021년 6월 28일 01시,월요일,경기도 동두천시 생연동,중상사고,0,1,0,0,차대사람 - 횡단중,안전운전불이행,포장 - 건조,맑음,교차로 - 교차로부근,승용,남,27세,상해없음,보행자,남,49세,중상
3896,2021062800100021,2021년 6월 28일 03시,월요일,경기도 성남시 중원구 하대원동,사망사고,1,0,0,0,차대사람 - 횡단중,안전운전불이행,포장 - 건조,맑음,교차로 - 교차로부근,화물,남,56세,상해없음,보행자,남,62세,사망
3897,2021062800100033,2021년 6월 28일 05시,월요일,경기도 성남시 수정구 태평동,중상사고,0,1,0,0,차대사람 - 보도통행중,보행자보호의무위반,포장 - 건조,맑음,교차로 - 교차로부근,이륜,남,17세,상해없음,보행자,여,79세,중상
3898,2021062800100088,2021년 6월 28일 08시,월요일,경기도 안양시 동안구 관양동,경상사고,0,0,1,0,차대사람 - 기타,안전운전불이행,포장 - 젖음/습기,비,교차로 - 교차로부근,승용,남,56세,상해없음,보행자,여,45세,경상
3899,2021062800100094,2021년 6월 28일 08시,월요일,경기도 성남시 중원구 상대원동,중상사고,0,1,0,0,차대사람 - 횡단중,보행자보호의무위반,포장 - 건조,맑음,단일로 - 기타,승합,남,66세,상해없음,보행자,남,70세,중상
3900,2021062800100128,2021년 6월 28일 09시,월요일,경기도 안성시 당왕동,경상사고,0,0,1,0,차대사람 - 기타,신호위반,포장 - 건조,맑음,교차로 - 교차로안,이륜,남,62세,상해없음,보행자,여,63세,경상
3901,2021062800100129,2021년 6월 28일 09시,월요일,경기도 오산시 원동,사망사고,1,0,0,0,차대사람 - 횡단중,보행자보호의무위반,포장 - 젖음/습기,흐림,교차로 - 교차로안,화물,남,61세,상해없음,보행자,여,37세,사망
3902,2021062800100191,2021년 6월 28일 10시,월요일,경기도 의정부시 호원동,경상사고,0,0,1,0,차대사람 - 차도통행중,안전운전불이행,포장 - 건조,맑음,단일로 - 기타,승용,남,32세,상해없음,보행자,남,70세,경상
3903,2021062800100192,2021년 6월 28일 10시,월요일,경기도 남양주시 금곡동,중상사고,0,1,0,0,차대사람 - 횡단중,보행자보호의무위반,포장 - 건조,맑음,교차로 - 교차로안,승용,남,79세,상해없음,보행자,남,62세,중상
3904,2021062800100203,2021년 6월 28일 11시,월요일,경기도 김포시 구래동,경상사고,0,0,1,0,차대사람 - 기타,안전운전불이행,포장 - 건조,맑음,기타 - 기타,자전거,남,15세,상해없음,보행자,여,67세,경상
3905,2021062800100277,2021년 6월 28일 13시,월요일,경기도 성남시 중원구 상대원동,경상사고,0,0,1,0,차대사람 - 길가장자리구역통행중,안전운전불이행,포장 - 건조,맑음,단일로 - 기타,승합,남,67세,상해없음,보행자,여,77세,경상
3906,2021062800100318,2021년 6월 28일 14시,월요일,경기도 김포시 장기동,중상사고,0,1,0,0,차대사람 - 차도통행중,안전운전불이행,포장 - 건조,맑음,교차로 - 교차로안,화물,남,68세,상해없음,보행자,여,71세,중상
3907,2021062800100344,2021년 6월 28일 14시,월요일,경기도 남양주시 다산동,경상사고,0,0,1,0,차대사람 - 횡단중,신호위반,포장 - 젖음/습기,비,교차로 - 교차로횡단보도내,승용,여,52세,상해없음,보행자,남,10세,경상
3908,2021062800100345,2021년 6월 28일 14시,월요일,경기도 양주시 남방동,경상사고,0,0,1,0,차대사람 - 횡단중,안전운전불이행,포장 - 건조,맑음,단일로 - 기타,승용,남,43세,상해없음,보행자,남,76세,경상
3909,2021062800100357,2021년 6월 28일 15시,월요일,경기도 안양시 만안구 안양동,경상사고,0,0,1,0,차대사람 - 보도통행중,기타,포장 - 건조,맑음,단일로 - 기타,자전거,남,53세,상해없음,보행자,여,63세,경상
3910,2021062800100383,2021년 6월 28일 15시,월요일,경기도 고양시 일산동구 백석동,경상사고,0,0,1,0,차대사람 - 기타,안전운전불이행,포장 - 건조,맑음,주차장 - 주차장,승용,남,31세,상해없음,보행자,여,55세,경상
3911,2021062800100399,2021년 6월 28일 16시,월요일,경기도 성남시 분당구 삼평동,경상사고,0,0,1,0,차대사람 - 보도통행중,보행자보호의무위반,포장 - 젖음/습기,흐림,교차로 - 교차로횡단보도내,승용,남,54세,상해없음,보행자,남,46세,경상
3912,2021062800100432,2021년 6월 28일 16시,월요일,경기도 파주시 금촌동,중상사고,0,2,0,0,차대사람 - 횡단중,보행자보호의무위반,포장 - 건조,맑음,교차로 - 교차로안,승용,여,66세,상해없음,보행자,여,56세,중상
3913,2021062800100503,2021년 6월 28일 18시,월요일,경기도 화성시 능동,중상사고,0,1,0,0,차대사람 - 횡단중,안전운전불이행,포장 - 건조,맑음,교차로 - 교차로부근,승용,남,29세,상해없음,보행자,남,12세,중상
3914,2021062800100543,2021년 6월 28일 19시,월요일,경기도 이천시 창전동,경상사고,0,0,1,0,차대사람 - 길가장자리구역통행중,안전운전불이행,포장 - 건조,맑음,단일로 - 기타,승용,여,53세,상해없음,보행자,여,22세,경상
3915,2021062800100574,2021년 6월 28일 20시,월요일,경기도 평택시 포승읍,경상사고,0,0,1,0,차대사람 - 기타,안전운전불이행,포장 - 건조,맑음,교차로 - 교차로부근,승용,여,39세,상해없음,보행자,남,24세,경상
3916,2021062800100578,2021년 6월 28일 20시,월요일,경기도 부천시 원종동,경상사고,0,0,2,0,차대사람 - 기타,안전운전불이행,포장 - 건조,기타,교차로 - 교차로부근,이륜,남,18세,상해없음,보행자,남,62세,경상
3917,2021062800100593,2021년 6월 28일 20시,월요일,경기도 의정부시 호원동,중상사고,0,1,0,0,차대사람 - 기타,안전운전불이행,포장 - 건조,맑음,단일로 - 기타,승합,남,70세,상해없음,보행자,남,41세,중상
3918,2021062800100649,2021년 6월 28일 23시,월요일,경기도 부천시 상동,부상신고사고,0,0,0,1,차대사람 - 차도통행중,안전운전불이행,포장 - 건조,맑음,단일로 - 기타,화물,남,59세,상해없음,보행자,남,33세,부상신고
3919,2021062900100083,2021년 6월 29일 08시,화요일,경기도 부천시 심곡동,경상사고,0,0,1,0,차대사람 - 기타,안전운전불이행,포장 - 건조,맑음,교차로 - 교차로부근,승용,남,56세,상해없음,보행자,남,55세,경상
3920,2021062900100113,2021년 6월 29일 08시,화요일,경기도 의정부시 의정부동,경상사고,0,0,1,0,차대사람 - 기타,안전운전불이행,포장 - 건조,맑음,교차로 - 교차로부근,화물,남,50세,상해없음,보행자,남,63세,경상
3921,2021062900100154,2021년 6월 29일 10시,화요일,경기도 부천시 소사본동,경상사고,0,0,1,0,차대사람 - 횡단중,안전운전불이행,포장 - 기타,맑음,교차로 - 교차로부근,승용,남,35세,상해없음,보행자,여,60세,경상
3922,2021062900100156,2021년 6월 29일 10시,화요일,경기도 안산시 단원구 목내동,경상사고,0,0,1,0,차대사람 - 기타,안전운전불이행,포장 - 건조,맑음,기타 - 기타,승용,남,59세,상해없음,보행자,남,56세,경상
3923,2021062900100207,2021년 6월 29일 11시,화요일,경기도 고양시 덕양구 원당동,경상사고,0,0,1,0,차대사람 - 기타,안전운전불이행,포장 - 기타,맑음,주차장 - 주차장,화물,남,63세,상해없음,보행자,남,69세,경상
3924,2021062900100218,2021년 6월 29일 12시,화요일,경기도 성남시 분당구 정자동,중상사고,0,1,0,0,차대사람 - 기타,안전운전불이행,포장 - 기타,맑음,단일로 - 기타,승용,남,38세,상해없음,보행자,여,85세,중상
3925,2021062900100282,2021년 6월 29일 14시,화요일,경기도 오산시 오산동,중상사고,0,1,0,0,차대사람 - 횡단중,안전운전불이행,포장 - 건조,맑음,단일로 - 기타,화물,남,52세,상해없음,보행자,남,79세,중상
3926,2021062900100371,2021년 6월 29일 16시,화요일,경기도 평택시 서정동,중상사고,0,1,0,0,차대사람 - 횡단중,기타,포장 - 건조,맑음,교차로 - 교차로부근,승합,남,60세,상해없음,보행자,여,54세,중상
3927,2021062900100484,2021년 6월 29일 18시,화요일,경기도 부천시 심곡동,경상사고,0,0,1,0,차대사람 - 보도통행중,신호위반,포장 - 건조,맑음,교차로 - 교차로횡단보도내,승용,남,51세,상해없음,보행자,남,51세,경상
3928,2021062900100543,2021년 6월 29일 19시,화요일,경기도 용인시 처인구 모현읍,부상신고사고,0,0,0,1,차대사람 - 기타,안전운전불이행,포장 - 건조,맑음,단일로 - 기타,이륜,남,23세,상해없음,보행자,남,8세,부상신고
3929,2021062900100565,2021년 6월 29일 20시,화요일,경기도 김포시 북변동,중상사고,0,1,0,0,차대사람 - 기타,안전운전불이행,포장 - 건조,맑음,단일로 - 기타,승용,여,53세,상해없음,보행자,여,54세,중상
3930,2021062900100591,2021년 6월 29일 21시,화요일,경기도 이천시 부발읍,부상신고사고,0,0,0,1,차대사람 - 기타,안전운전불이행,포장 - 건조,맑음,교차로 - 교차로부근,이륜,남,16세,상해없음,보행자,여,63세,부상신고
3931,2021062900100594,2021년 6월 29일 21시,화요일,경기도 용인시 기흥구 구갈동,경상사고,0,0,1,0,차대사람 - 횡단중,안전운전불이행,포장 - 건조,맑음,기타 - 기타,개인형이동수단(PM),여,22세,상해없음,보행자,여,21세,경상
3932,2021062900100615,2021년 6월 29일 21시,화요일,경기도 고양시 일산서구 탄현동,경상사고,0,0,1,0,차대사람 - 기타,안전운전불이행,포장 - 건조,맑음,단일로 - 기타,승용,여,69세,상해없음,보행자,남,60세,경상
3933,2021062900100621,2021년 6월 29일 22시,화요일,경기도 평택시 이충동,경상사고,0,0,1,0,차대사람 - 기타,안전운전불이행,포장 - 젖음/습기,흐림,교차로 - 교차로부근,승용,남,52세,기타불명,보행자,여,63세,경상
3934,2021062900100623,2021년 6월 29일 22시,화요일,경기도 용인시 기흥구 중동,경상사고,0,0,1,0,차대사람 - 횡단중,보행자보호의무위반,포장 - 건조,맑음,교차로 - 교차로안,승용,남,48세,상해없음,보행자,여,19세,경상
3935,2021062900100640,2021년 6월 29일 23시,화요일,경기도 안양시 동안구 관양동,중상사고,0,1,0,0,차대사람 - 기타,기타,포장 - 건조,맑음,단일로 - 기타,승용,남,57세,기타불명,보행자,여,19세,중상
3936,2021062900100641,2021년 6월 29일 23시,화요일,경기도 오산시 청학동,중상사고,0,1,0,0,차대사람 - 기타,안전운전불이행,포장 - 건조,맑음,단일로 - 기타,이륜,남,18세,상해없음,보행자,여,54세,중상
3937,2021063000100018,2021년 6월 30일 01시,수요일,경기도 성남시 분당구 정자동,경상사고,0,0,1,0,차대사람 - 횡단중,보행자보호의무위반,포장 - 건조,맑음,교차로 - 교차로횡단보도내,승용,여,48세,상해없음,보행자,여,25세,경상
3938,2021063000100056,2021년 6월 30일 07시,수요일,경기도 김포시 운양동,중상사고,0,1,0,0,차대사람 - 기타,기타,포장 - 건조,맑음,단일로 - 기타,승합,남,65세,상해없음,보행자,여,74세,중상
3939,2021063000100083,2021년 6월 30일 08시,수요일,경기도 광주시 오포읍,중상사고,0,1,0,0,차대사람 - 횡단중,보행자보호의무위반,포장 - 건조,맑음,단일로 - 기타,승용,여,53세,상해없음,보행자,여,9세,중상
3940,2021063000100085,2021년 6월 30일 08시,수요일,경기도 부천시 소사본동,경상사고,0,0,1,0,차대사람 - 기타,보행자보호의무위반,포장 - 건조,맑음,교차로 - 교차로횡단보도내,승용,여,26세,상해없음,보행자,여,28세,경상
3941,2021063000100162,2021년 6월 30일 10시,수요일,경기도 평택시 신장동,중상사고,0,1,0,0,차대사람 - 기타,안전운전불이행,포장 - 건조,맑음,단일로 - 기타,기타불명,기타불명,미분류,기타불명,보행자,남,32세,중상
3942,2021063000100163,2021년 6월 30일 10시,수요일,경기도 군포시 대야미동,경상사고,0,0,1,0,차대사람 - 기타,안전운전불이행,포장 - 건조,맑음,교차로 - 교차로안,승용,남,74세,상해없음,보행자,여,77세,경상
3943,2021063000100165,2021년 6월 30일 10시,수요일,경기도 화성시 송산면,중상사고,0,1,0,0,차대사람 - 횡단중,안전운전불이행,포장 - 건조,맑음,단일로 - 기타,건설기계,남,45세,상해없음,보행자,남,71세,중상
3944,2021063000100184,2021년 6월 30일 11시,수요일,경기도 광주시 송정동,경상사고,0,0,1,0,차대사람 - 기타,안전운전불이행,포장 - 건조,맑음,교차로 - 교차로부근,승용,남,73세,상해없음,보행자,여,14세,경상
3945,2021063000100224,2021년 6월 30일 12시,수요일,경기도 부천시 약대동,경상사고,0,0,1,0,차대사람 - 기타,안전운전불이행,포장 - 건조,맑음,단일로 - 기타,승용,여,55세,상해없음,보행자,여,76세,경상
3946,2021063000100253,2021년 6월 30일 12시,수요일,경기도 연천군 연천읍,경상사고,0,0,1,0,차대사람 - 차도통행중,안전운전불이행,포장 - 건조,맑음,단일로 - 지하차도(도로)내,승용,여,63세,상해없음,보행자,남,53세,경상
3947,2021063000100266,2021년 6월 30일 13시,수요일,경기도 부천시 중동,경상사고,0,0,1,0,차대사람 - 횡단중,보행자보호의무위반,포장 - 건조,맑음,교차로 - 교차로횡단보도내,승용,여,33세,상해없음,보행자,남,35세,경상
3948,2021063000100303,2021년 6월 30일 14시,수요일,경기도 성남시 수정구 수진동,중상사고,0,1,0,0,차대사람 - 기타,안전운전불이행,포장 - 젖음/습기,비,교차로 - 교차로부근,화물,남,57세,상해없음,보행자,여,32세,중상
3949,2021063000100305,2021년 6월 30일 14시,수요일,경기도 군포시 속달동,경상사고,0,0,1,0,차대사람 - 기타,안전운전불이행,포장 - 건조,맑음,단일로 - 기타,자전거,남,58세,상해없음,보행자,남,60세,경상
3950,2021063000100330,2021년 6월 30일 14시,수요일,경기도 가평군 가평읍,경상사고,0,0,1,0,차대사람 - 기타,안전운전불이행,포장 - 건조,맑음,주차장 - 주차장,승용,여,70세,상해없음,보행자,여,63세,경상
3951,2021063000100345,2021년 6월 30일 15시,수요일,경기도 안산시 상록구 사동,중상사고,0,1,0,0,차대사람 - 길가장자리구역통행중,안전운전불이행,포장 - 건조,맑음,단일로 - 기타,화물,남,53세,상해없음,보행자,여,62세,중상
3952,2021063000100346,2021년 6월 30일 15시,수요일,경기도 화성시 병점동,경상사고,0,0,1,0,차대사람 - 기타,안전운전불이행,포장 - 건조,맑음,기타 - 기타,자전거,남,9세,상해없음,보행자,남,9세,경상
3953,2021063000100364,2021년 6월 30일 15시,수요일,경기도 의정부시 의정부동,경상사고,0,0,1,0,차대사람 - 기타,안전운전불이행,포장 - 건조,맑음,단일로 - 기타,승용,남,27세,상해없음,보행자,남,52세,경상
3954,2021063000100366,2021년 6월 30일 15시,수요일,경기도 고양시 일산서구 주엽동,경상사고,0,0,1,0,차대사람 - 보도통행중,기타,포장 - 건조,맑음,기타 - 기타,자전거,남,14세,상해없음,보행자,남,79세,경상
3955,2021063000100378,2021년 6월 30일 16시,수요일,경기도 안산시 단원구 성곡동,중상사고,0,1,0,0,차대사람 - 기타,안전운전불이행,포장 - 건조,맑음,교차로 - 교차로횡단보도내,승용,남,31세,상해없음,보행자,여,50세,중상
3956,2021063000100431,2021년 6월 30일 17시,수요일,경기도 부천시 상동,중상사고,0,1,0,0,차대사람 - 기타,안전운전불이행,포장 - 건조,맑음,단일로 - 기타,승용,여,57세,상해없음,보행자,여,7세,중상
3957,2021063000100434,2021년 6월 30일 17시,수요일,경기도 수원시 영통구 매탄동,부상신고사고,0,0,0,1,차대사람 - 기타,안전운전불이행,포장 - 건조,맑음,단일로 - 기타,자전거,기타불명,미분류,기타불명,보행자,남,24세,부상신고
3958,2021063000100435,2021년 6월 30일 17시,수요일,경기도 성남시 중원구 상대원동,부상신고사고,0,0,0,1,차대사람 - 기타,안전운전불이행,포장 - 건조,맑음,단일로 - 기타,기타불명,기타불명,미분류,기타불명,보행자,여,9세,부상신고
3959,2021063000100478,2021년 6월 30일 18시,수요일,경기도 안성시 석정동,경상사고,0,0,2,0,차대사람 - 보도통행중,보행자보호의무위반,포장 - 건조,맑음,교차로 - 교차로횡단보도내,승용,남,40세,상해없음,보행자,남,24세,경상
3960,2021063000100547,2021년 6월 30일 20시,수요일,경기도 수원시 장안구 조원동,중상사고,0,1,0,0,차대사람 - 횡단중,신호위반,포장 - 건조,맑음,교차로 - 교차로안,이륜,남,20세,기타불명,보행자,여,56세,중상
3961,2021063000100548,2021년 6월 30일 20시,수요일,경기도 성남시 수정구 신흥동,경상사고,0,0,1,0,차대사람 - 기타,안전운전불이행,포장 - 건조,맑음,교차로 - 교차로부근,승용,여,68세,상해없음,보행자,남,66세,경상
3962,2021063000100571,2021년 6월 30일 20시,수요일,경기도 의정부시 의정부동,경상사고,0,0,1,0,차대사람 - 횡단중,보행자보호의무위반,포장 - 건조,맑음,교차로 - 교차로횡단보도내,승용,여,61세,상해없음,보행자,남,38세,경상
3963,2021063000100592,2021년 6월 30일 21시,수요일,경기도 고양시 덕양구 성사동,부상신고사고,0,0,0,1,차대사람 - 기타,안전운전불이행,포장 - 건조,맑음,단일로 - 기타,승용,남,56세,상해없음,보행자,남,20세,부상신고