,사고번호,사고일시,요일,시군구,사고내용,사망자수,중상자수,경상자수,부상신고자수,사고유형,법규위반,노면상태,기상상태,도로형태,가해운전자 차종,가해운전자 성별,가해운전자 연령,가해운전자 상해정도,피해운전자 차종,피해운전자 성별,피해운전자 연령,피해운전자 상해정도
4192,2021071000100017,2021년 7월 10일 00시,토요일,경기도 의정부시 의정부동,중상사고,0,1,0,0,차대사람 - 횡단중,안전운전불이행,포장 - 건조,맑음,교차로 - 교차로횡단보도내,이륜,남,30세,상해없음,보행자,남,19세,중상
4193,2021071000100027,2021년 7월 10일 01시,토요일,경기도 안산시 상록구 본오동,사망사고,1,0,0,0,차대사람 - 횡단중,과속,포장 - 건조,맑음,단일로 - 기타,승용,남,28세,상해없음,보행자,남,78세,사망
4194,2021071000100124,2021년 7월 10일 09시,토요일,경기도 시흥시 정왕동,중상사고,0,1,0,0,차대사람 - 기타,안전운전불이행,포장 - 건조,맑음,교차로 - 교차로안,승용,여,41세,상해없음,보행자,여,29세,중상
4195,2021071000100125,2021년 7월 10일 09시,토요일,경기도 안산시 상록구 이동,중상사고,0,1,0,0,차대사람 - 기타,안전운전불이행,포장 - 건조,맑음,단일로 - 기타,승용,여,30세,상해없음,보행자,남,46세,중상
4196,2021071000100146,2021년 7월 10일 09시,토요일,경기도 포천시 신읍동,사망사고,1,0,0,0,차대사람 - 기타,안전운전불이행,포장 - 건조,맑음,단일로 - 기타,승용,남,61세,상해없음,보행자,남,43세,사망
4197,2021071000100207,2021년 7월 10일 11시,토요일,경기도 용인시 수지구 풍덕천동,경상사고,0,0,1,0,차대사람 - 기타,안전운전불이행,포장 - 건조,맑음,교차로 - 교차로안,승합,남,48세,상해없음,보행자,여,59세,경상
4198,2021071000100246,2021년 7월 10일 12시,토요일,경기도 수원시 팔달구 중동,경상사고,0,0,1,0,차대사람 - 차도통행중,안전운전불이행,포장 - 건조,맑음,단일로 - 기타,승용,남,57세,상해없음,보행자,여,29세,경상
4199,2021071000100276,2021년 7월 10일 12시,토요일,경기도 가평군 가평읍,중상사고,0,1,0,0,차대사람 - 횡단중,안전운전불이행,포장 - 건조,맑음,단일로 - 기타,화물,남,32세,상해없음,보행자,남,16세,중상
4200,2021071000100396,2021년 7월 10일 16시,토요일,경기도 수원시 장안구 영화동,경상사고,0,0,1,0,차대사람 - 횡단중,안전운전불이행,포장 - 건조,맑음,단일로 - 기타,승용,남,67세,상해없음,보행자,남,7세,경상
4201,2021071000100399,2021년 7월 10일 16시,토요일,경기도 오산시 고현동,부상신고사고,0,0,0,1,차대사람 - 차도통행중,안전운전불이행,포장 - 건조,맑음,단일로 - 기타,승용,남,45세,상해없음,보행자,남,5세,부상신고
4202,2021071000100402,2021년 7월 10일 16시,토요일,경기도 안산시 단원구 고잔동,경상사고,0,0,1,0,차대사람 - 보도통행중,안전운전불이행,포장 - 건조,맑음,기타 - 기타,자전거,여,54세,상해없음,보행자,남,34세,경상
4203,2021071000100428,2021년 7월 10일 16시,토요일,경기도 고양시 일산동구 식사동,경상사고,0,0,1,0,차대사람 - 횡단중,보행자보호의무위반,포장 - 건조,맑음,교차로 - 교차로안,승용,남,57세,상해없음,보행자,남,52세,경상
4204,2021071000100435,2021년 7월 10일 17시,토요일,경기도 성남시 수정구 양지동,중상사고,0,1,0,0,차대사람 - 보도통행중,신호위반,포장 - 건조,맑음,교차로 - 교차로횡단보도내,승용,여,60세,상해없음,보행자,여,23세,중상
4205,2021071000100490,2021년 7월 10일 18시,토요일,경기도 의정부시 호원동,부상신고사고,0,0,0,1,차대사람 - 길가장자리구역통행중,안전운전불이행,포장 - 건조,맑음,단일로 - 기타,화물,남,68세,상해없음,보행자,여,16세,부상신고
4206,2021071000100502,2021년 7월 10일 19시,토요일,경기도 화성시 마도면,경상사고,0,0,1,0,차대사람 - 기타,안전운전불이행,포장 - 건조,맑음,교차로 - 교차로부근,승용,남,53세,상해없음,보행자,남,51세,경상
4207,2021071000100521,2021년 7월 10일 19시,토요일,경기도 의정부시 호원동,중상사고,0,1,0,0,차대사람 - 횡단중,안전운전불이행,포장 - 건조,맑음,단일로 - 기타,승용,여,49세,상해없음,보행자,남,74세,중상
4208,2021071000100531,2021년 7월 10일 20시,토요일,경기도 평택시 장안동,경상사고,0,0,1,0,차대사람 - 기타,기타,포장 - 건조,맑음,단일로 - 기타,승용,남,67세,상해없음,보행자,남,19세,경상
4209,2021071000100557,2021년 7월 10일 21시,토요일,경기도 광주시 경안동,경상사고,0,0,1,0,차대사람 - 기타,안전운전불이행,포장 - 건조,흐림,기타 - 기타,승용,남,48세,상해없음,보행자,남,75세,경상
4210,2021071000100579,2021년 7월 10일 22시,토요일,경기도 안산시 단원구 와동,중상사고,0,1,0,0,차대사람 - 기타,안전운전불이행,포장 - 젖음/습기,비,교차로 - 교차로안,이륜,남,20세,상해없음,보행자,남,55세,중상
4211,2021071000100598,2021년 7월 10일 23시,토요일,경기도 광주시 쌍령동,경상사고,0,0,1,0,차대사람 - 기타,기타,포장 - 건조,맑음,단일로 - 기타,기타불명,기타불명,미분류,기타불명,보행자,여,30세,경상
4212,2021071000100599,2021년 7월 10일 23시,토요일,경기도 용인시 수지구 상현동,경상사고,0,0,1,0,차대사람 - 횡단중,안전운전불이행,포장 - 젖음/습기,흐림,교차로 - 교차로부근,이륜,남,18세,경상,보행자,남,26세,상해없음
4213,2021071100100041,2021년 7월 11일 08시,일요일,경기도 시흥시 정왕동,경상사고,0,0,1,0,차대사람 - 기타,안전운전불이행,포장 - 건조,맑음,단일로 - 기타,승용,남,25세,상해없음,보행자,남,51세,경상
4214,2021071100100048,2021년 7월 11일 09시,일요일,경기도 안산시 단원구 고잔동,경상사고,0,0,1,0,차대사람 - 보도통행중,안전운전불이행,포장 - 기타,기타,교차로 - 교차로안,기타불명,기타불명,미분류,기타불명,보행자,여,21세,경상
4215,2021071100100051,2021년 7월 11일 09시,일요일,경기도 하남시 덕풍동,경상사고,0,0,1,0,차대사람 - 기타,안전운전불이행,포장 - 건조,맑음,기타 - 기타,자전거,남,66세,상해없음,보행자,남,46세,경상
4216,2021071100100084,2021년 7월 11일 11시,일요일,경기도 이천시 창전동,경상사고,0,0,1,0,차대사람 - 기타,보행자보호의무위반,포장 - 건조,맑음,단일로 - 기타,승용,남,35세,상해없음,보행자,남,36세,경상
4217,2021071100100109,2021년 7월 11일 12시,일요일,경기도 광주시 삼동,부상신고사고,0,0,0,1,차대사람 - 차도통행중,안전운전불이행,포장 - 건조,맑음,기타 - 기타,승용,여,19세,상해없음,보행자,남,61세,부상신고
4218,2021071100100137,2021년 7월 11일 13시,일요일,경기도 성남시 수정구 신흥동,중상사고,0,1,0,0,차대사람 - 횡단중,신호위반,포장 - 건조,맑음,교차로 - 교차로횡단보도내,이륜,남,21세,상해없음,보행자,남,25세,중상
4219,2021071100100197,2021년 7월 11일 15시,일요일,경기도 안산시 단원구 초지동,경상사고,0,0,1,0,차대사람 - 기타,안전운전불이행,포장 - 건조,맑음,단일로 - 기타,자전거,기타불명,미분류,기타불명,보행자,여,24세,경상
4220,2021071100100219,2021년 7월 11일 15시,일요일,경기도 의정부시 의정부동,경상사고,0,0,1,0,차대사람 - 횡단중,신호위반,포장 - 젖음/습기,비,교차로 - 교차로부근,이륜,남,22세,상해없음,보행자,남,15세,경상
4221,2021071100100229,2021년 7월 11일 16시,일요일,경기도 평택시 합정동,경상사고,0,0,1,0,차대사람 - 차도통행중,기타,포장 - 젖음/습기,비,기타 - 기타,승용,남,28세,상해없음,보행자,여,75세,경상
4222,2021071100100255,2021년 7월 11일 17시,일요일,경기도 수원시 영통구 원천동,경상사고,0,0,1,0,차대사람 - 기타,안전운전불이행,포장 - 건조,흐림,기타 - 기타,승용,남,26세,상해없음,보행자,남,42세,경상
4223,2021071100100316,2021년 7월 11일 19시,일요일,경기도 성남시 분당구 백현동,경상사고,0,0,2,0,차대사람 - 횡단중,신호위반,포장 - 건조,맑음,교차로 - 교차로부근,원동기,남,48세,상해없음,보행자,여,9세,경상
4224,2021071100100317,2021년 7월 11일 19시,일요일,경기도 안양시 만안구 안양동,경상사고,0,0,2,0,차대사람 - 기타,안전운전불이행,포장 - 건조,맑음,단일로 - 기타,자전거,남,78세,경상,보행자,여,29세,경상
4225,2021071100100345,2021년 7월 11일 20시,일요일,경기도 시흥시 신천동,부상신고사고,0,0,0,1,차대사람 - 차도통행중,안전운전불이행,포장 - 건조,맑음,단일로 - 기타,승용,남,56세,상해없음,보행자,남,69세,부상신고
4226,2021071100100390,2021년 7월 11일 22시,일요일,경기도 평택시 합정동,경상사고,0,0,1,0,차대사람 - 기타,안전운전불이행,포장 - 건조,맑음,단일로 - 기타,승용,남,23세,상해없음,보행자,여,26세,경상
4227,2021071100100391,2021년 7월 11일 22시,일요일,경기도 안성시 석정동,경상사고,0,0,1,0,차대사람 - 기타,안전운전불이행,포장 - 건조,맑음,단일로 - 기타,승용,여,20세,상해없음,보행자,남,30세,경상
4228,2021071100100392,2021년 7월 11일 22시,일요일,경기도 수원시 팔달구 인계동,경상사고,0,0,1,0,차대사람 - 기타,안전운전불이행,포장 - 건조,맑음,기타 - 기타,승용,남,22세,기타불명,보행자,남,56세,경상
4229,2021071100100403,2021년 7월 11일 22시,일요일,경기도 동두천시 지행동,경상사고,0,0,1,0,차대사람 - 횡단중,안전운전불이행,포장 - 건조,맑음,단일로 - 기타,승용,남,21세,상해없음,보행자,남,19세,경상
4230,2021071200100001,2021년 7월 12일 00시,월요일,경기도 부천시 괴안동,중상사고,0,1,1,0,차대사람 - 기타,과속,포장 - 기타,맑음,단일로 - 기타,이륜,남,27세,중상,보행자,여,21세,경상
4231,2021071200100035,2021년 7월 12일 07시,월요일,경기도 용인시 처인구 양지면,경상사고,0,0,1,0,차대사람 - 기타,중앙선침범,포장 - 건조,맑음,단일로 - 기타,승용,여,54세,상해없음,보행자,여,50세,경상
4232,2021071200100093,2021년 7월 12일 09시,월요일,경기도 용인시 처인구 마평동,중상사고,0,1,0,0,차대사람 - 기타,안전운전불이행,포장 - 건조,맑음,교차로 - 교차로부근,특수,남,45세,상해없음,보행자,여,74세,중상
4233,2021071200100181,2021년 7월 12일 12시,월요일,경기도 성남시 수정구 수진동,경상사고,0,0,1,0,차대사람 - 횡단중,보행자보호의무위반,포장 - 건조,맑음,교차로 - 교차로횡단보도내,승용,남,66세,상해없음,보행자,남,25세,경상
4234,2021071200100184,2021년 7월 12일 12시,월요일,경기도 수원시 팔달구 인계동,경상사고,0,0,1,0,차대사람 - 횡단중,중앙선침범,포장 - 건조,맑음,기타 - 기타,승용,남,70세,상해없음,보행자,남,25세,경상
4235,2021071200100211,2021년 7월 12일 12시,월요일,경기도 포천시 신북면,경상사고,0,0,1,0,차대사람 - 기타,안전운전불이행,포장 - 건조,맑음,기타 - 기타,승용,남,66세,상해없음,보행자,남,54세,경상
4236,2021071200100223,2021년 7월 12일 13시,월요일,경기도 부천시 괴안동,경상사고,0,0,1,0,차대사람 - 횡단중,보행자보호의무위반,포장 - 건조,맑음,교차로 - 교차로안,화물,남,63세,상해없음,보행자,남,21세,경상
4237,2021071200100224,2021년 7월 12일 13시,월요일,경기도 하남시 선동,중상사고,0,1,0,0,차대사람 - 횡단중,신호위반,포장 - 건조,맑음,단일로 - 기타,화물,남,73세,상해없음,보행자,여,41세,중상
4238,2021071200100264,2021년 7월 12일 14시,월요일,경기도 화성시 장지동,중상사고,0,1,0,0,차대사람 - 횡단중,안전운전불이행,포장 - 건조,맑음,교차로 - 교차로부근,건설기계,남,63세,상해없음,보행자,여,63세,중상
4239,2021071200100287,2021년 7월 12일 14시,월요일,경기도 고양시 덕양구 행신동,경상사고,0,0,1,0,차대사람 - 차도통행중,안전운전불이행,포장 - 건조,맑음,교차로 - 교차로부근,승용,여,47세,상해없음,보행자,여,48세,경상
4240,2021071200100295,2021년 7월 12일 15시,월요일,경기도 안산시 단원구 고잔동,경상사고,0,0,1,0,차대사람 - 횡단중,안전운전불이행,포장 - 건조,맑음,교차로 - 교차로안,승용,여,44세,상해없음,보행자,여,71세,경상
4241,2021071200100337,2021년 7월 12일 16시,월요일,경기도 이천시 관고동,중상사고,0,1,0,0,차대사람 - 기타,안전운전불이행,포장 - 건조,맑음,단일로 - 기타,승용,남,22세,상해없음,보행자,남,28세,중상
4242,2021071200100348,2021년 7월 12일 16시,월요일,경기도 하남시 망월동,경상사고,0,0,1,0,차대사람 - 보도통행중,기타,포장 - 건조,맑음,단일로 - 기타,자전거,남,20세,상해없음,보행자,여,69세,경상
4243,2021071200100379,2021년 7월 12일 16시,월요일,경기도 의정부시 의정부동,경상사고,0,0,1,0,차대사람 - 길가장자리구역통행중,안전운전불이행,포장 - 건조,맑음,교차로 - 교차로안,이륜,남,34세,상해없음,보행자,남,27세,경상
4244,2021071200100400,2021년 7월 12일 17시,월요일,경기도 광명시 광명동,경상사고,0,0,1,0,차대사람 - 기타,안전운전불이행,포장 - 건조,맑음,단일로 - 기타,승용,남,72세,상해없음,보행자,남,41세,경상
4245,2021071200100402,2021년 7월 12일 17시,월요일,경기도 안산시 단원구 초지동,경상사고,0,0,1,0,차대사람 - 기타,안전운전불이행,포장 - 건조,맑음,기타 - 기타,승용,남,41세,상해없음,보행자,남,50세,경상
4246,2021071200100406,2021년 7월 12일 17시,월요일,경기도 하남시 풍산동,경상사고,0,0,1,0,차대사람 - 기타,안전운전불이행,포장 - 건조,맑음,기타 - 기타,기타불명,기타불명,미분류,기타불명,보행자,남,3세,경상
4247,2021071200100407,2021년 7월 12일 17시,월요일,경기도 화성시 능동,경상사고,0,0,1,0,차대사람 - 보도통행중,안전운전불이행,포장 - 건조,맑음,단일로 - 기타,기타불명,기타불명,미분류,기타불명,보행자,여,22세,경상
4248,2021071200100439,2021년 7월 12일 18시,월요일,경기도 부천시 소사본동,중상사고,0,1,0,0,차대사람 - 기타,기타,포장 - 건조,맑음,단일로 - 기타,승합,남,63세,상해없음,보행자,여,68세,중상
4249,2021071200100445,2021년 7월 12일 18시,월요일,경기도 성남시 분당구 판교동,중상사고,0,1,0,0,차대사람 - 횡단중,보행자보호의무위반,포장 - 건조,맑음,교차로 - 교차로횡단보도내,이륜,남,48세,상해없음,보행자,여,9세,중상
4250,2021071200100480,2021년 7월 12일 19시,월요일,경기도 오산시 부산동,중상사고,0,1,0,0,차대사람 - 기타,안전운전불이행,포장 - 건조,맑음,교차로 - 교차로부근,승합,남,61세,상해없음,보행자,여,51세,중상
4251,2021071200100499,2021년 7월 12일 19시,월요일,경기도 의정부시 용현동,경상사고,0,0,1,0,차대사람 - 횡단중,보행자보호의무위반,포장 - 건조,맑음,교차로 - 교차로부근,승합,여,52세,상해없음,보행자,여,57세,경상
4252,2021071200100530,2021년 7월 12일 21시,월요일,경기도 의왕시 삼동,중상사고,0,1,0,1,차대사람 - 보도통행중,안전운전불이행,포장 - 건조,맑음,기타 - 기타,자전거,남,77세,부상신고,보행자,남,37세,중상
4253,2021071200100531,2021년 7월 12일 21시,월요일,경기도 부천시 오정동,중상사고,0,1,0,0,차대사람 - 기타,안전운전불이행,포장 - 건조,맑음,단일로 - 기타,승용,남,40세,상해없음,보행자,남,70세,중상
4254,2021071200100549,2021년 7월 12일 21시,월요일,경기도 고양시 덕양구 화정동,중상사고,0,1,0,0,차대사람 - 횡단중,보행자보호의무위반,포장 - 건조,맑음,교차로 - 교차로횡단보도내,승합,남,46세,상해없음,보행자,여,55세,중상
4255,2021071200100550,2021년 7월 12일 21시,월요일,경기도 남양주시 오남읍,중상사고,0,1,0,0,차대사람 - 횡단중,신호위반,포장 - 건조,맑음,교차로 - 교차로안,승용,여,51세,상해없음,보행자,여,41세,중상
4256,2021071300100024,2021년 7월 13일 04시,화요일,경기도 성남시 수정구 산성동,중상사고,0,1,0,0,차대사람 - 횡단중,안전운전불이행,포장 - 건조,맑음,교차로 - 교차로안,화물,남,36세,상해없음,보행자,여,54세,중상
4257,2021071300100051,2021년 7월 13일 06시,화요일,경기도 의정부시 호원동,부상신고사고,0,0,0,1,차대사람 - 차도통행중,안전운전불이행,포장 - 건조,맑음,교차로 - 교차로부근,화물,남,48세,상해없음,보행자,남,81세,부상신고
4258,2021071300100065,2021년 7월 13일 07시,화요일,경기도 수원시 팔달구 매교동,경상사고,0,0,1,0,차대사람 - 기타,안전운전불이행,포장 - 건조,맑음,교차로 - 교차로안,승용,여,50세,상해없음,보행자,남,94세,경상
4259,2021071300100093,2021년 7월 13일 08시,화요일,경기도 용인시 처인구 남사읍,경상사고,0,0,1,0,차대사람 - 기타,안전운전불이행,포장 - 건조,맑음,기타 - 기타,건설기계,남,54세,상해없음,보행자,남,64세,경상
4260,2021071300100098,2021년 7월 13일 08시,화요일,경기도 화성시 병점동,경상사고,0,0,1,0,차대사람 - 횡단중,보행자보호의무위반,포장 - 건조,맑음,단일로 - 기타,승용,남,53세,상해없음,보행자,여,54세,경상
4261,2021071300100164,2021년 7월 13일 10시,화요일,경기도 부천시 상동,경상사고,0,0,1,0,차대사람 - 기타,안전운전불이행,포장 - 건조,맑음,기타 - 기타,화물,남,26세,상해없음,보행자,남,65세,경상
4262,2021071300100232,2021년 7월 13일 12시,화요일,경기도 안양시 동안구 관양동,경상사고,0,0,1,0,차대사람 - 기타,보행자보호의무위반,포장 - 건조,맑음,교차로 - 교차로횡단보도내,화물,남,54세,상해없음,보행자,남,27세,경상
4263,2021071300100323,2021년 7월 13일 14시,화요일,경기도 의정부시 민락동,경상사고,0,0,1,0,차대사람 - 횡단중,보행자보호의무위반,포장 - 건조,맑음,교차로 - 교차로횡단보도내,승용,여,52세,상해없음,보행자,여,31세,경상
4264,2021071300100347,2021년 7월 13일 15시,화요일,경기도 부천시 삼정동,경상사고,0,0,1,0,차대사람 - 기타,중앙선침범,포장 - 건조,맑음,단일로 - 기타,화물,남,57세,상해없음,보행자,여,88세,경상
4265,2021071300100386,2021년 7월 13일 16시,화요일,경기도 양평군 양서면,중상사고,0,1,0,0,차대사람 - 기타,안전운전불이행,포장 - 건조,맑음,단일로 - 기타,승용,남,70세,상해없음,보행자,남,67세,중상
4266,2021071300100390,2021년 7월 13일 16시,화요일,경기도 시흥시 매화동,경상사고,0,0,1,0,차대사람 - 기타,안전운전불이행,포장 - 건조,맑음,기타 - 기타,승용,남,55세,상해없음,보행자,남,3세,경상
4267,2021071300100424,2021년 7월 13일 16시,화요일,경기도 가평군 가평읍,중상사고,0,1,0,0,차대사람 - 횡단중,보행자보호의무위반,포장 - 건조,맑음,단일로 - 기타,화물,남,66세,상해없음,보행자,여,68세,중상
4268,2021071300100441,2021년 7월 13일 17시,화요일,경기도 용인시 기흥구 상하동,경상사고,0,0,1,0,차대사람 - 횡단중,보행자보호의무위반,포장 - 건조,맑음,교차로 - 교차로횡단보도내,이륜,남,41세,상해없음,보행자,남,8세,경상
4269,2021071300100443,2021년 7월 13일 17시,화요일,경기도 수원시 영통구 매탄동,경상사고,0,0,1,0,차대사람 - 차도통행중,안전운전불이행,포장 - 건조,맑음,기타 - 기타,화물,남,54세,상해없음,보행자,여,39세,경상
4270,2021071300100470,2021년 7월 13일 17시,화요일,경기도 파주시 목동동,경상사고,0,0,1,0,차대사람 - 횡단중,안전운전불이행,포장 - 건조,맑음,단일로 - 지하차도(도로)내,승용,여,43세,상해없음,보행자,여,43세,경상
4271,2021071300100496,2021년 7월 13일 18시,화요일,경기도 화성시 봉담읍,중상사고,0,1,0,0,차대사람 - 횡단중,중앙선침범,포장 - 건조,맑음,단일로 - 기타,이륜,남,24세,상해없음,보행자,여,15세,중상
4272,2021071300100533,2021년 7월 13일 19시,화요일,경기도 안산시 단원구 원곡동,경상사고,0,0,1,0,차대사람 - 기타,안전운전불이행,포장 - 건조,맑음,기타 - 기타,승합,남,55세,상해없음,보행자,남,59세,경상
4273,2021071300100563,2021년 7월 13일 20시,화요일,경기도 시흥시 장곡동,경상사고,0,0,1,0,차대사람 - 차도통행중,기타,포장 - 건조,맑음,단일로 - 기타,이륜,남,17세,상해없음,보행자,남,48세,경상
4274,2021071300100565,2021년 7월 13일 20시,화요일,경기도 용인시 수지구 풍덕천동,경상사고,0,0,1,0,차대사람 - 보도통행중,기타,포장 - 건조,맑음,기타 - 기타,이륜,남,56세,상해없음,보행자,남,31세,경상
4275,2021071300100611,2021년 7월 13일 21시,화요일,경기도 양주시 삼숭동,중상사고,0,1,0,0,차대사람 - 횡단중,안전운전불이행,포장 - 건조,흐림,단일로 - 기타,승용,여,45세,상해없음,보행자,남,52세,중상
4276,2021071400100028,2021년 7월 14일 03시,수요일,경기도 용인시 수지구 풍덕천동,사망사고,1,0,0,0,차대사람 - 횡단중,과속,포장 - 건조,맑음,단일로 - 기타,이륜,남,42세,기타불명,보행자,여,62세,사망
4277,2021071400100050,2021년 7월 14일 06시,수요일,경기도 안성시 미양면,경상사고,0,0,1,0,차대사람 - 기타,신호위반,포장 - 건조,맑음,교차로 - 교차로안,승용,남,62세,상해없음,보행자,남,53세,경상
4278,2021071400100051,2021년 7월 14일 06시,수요일,경기도 부천시 심곡본동,중상사고,0,1,0,0,차대사람 - 차도통행중,안전운전불이행,포장 - 건조,맑음,단일로 - 기타,승용,남,48세,상해없음,보행자,여,68세,중상
4279,2021071400100093,2021년 7월 14일 08시,수요일,경기도 안양시 만안구 안양동,중상사고,0,1,0,0,차대사람 - 기타,안전운전불이행,포장 - 건조,맑음,기타 - 기타,화물,남,49세,상해없음,보행자,여,66세,중상
4280,2021071400100139,2021년 7월 14일 09시,수요일,경기도 동두천시 지행동,경상사고,0,0,1,0,차대사람 - 보도통행중,안전운전불이행,포장 - 건조,맑음,기타 - 기타,자전거,기타불명,미분류,기타불명,보행자,여,67세,경상
4281,2021071400100147,2021년 7월 14일 10시,수요일,경기도 하남시 신장동,중상사고,0,1,0,0,차대사람 - 횡단중,보행자보호의무위반,포장 - 건조,맑음,교차로 - 교차로부근,화물,남,49세,상해없음,보행자,남,72세,중상
4282,2021071400100173,2021년 7월 14일 11시,수요일,경기도 광주시 경안동,경상사고,0,0,1,0,차대사람 - 기타,안전운전불이행,포장 - 건조,맑음,교차로 - 교차로안,승용,남,45세,상해없음,보행자,여,66세,경상
4283,2021071400100196,2021년 7월 14일 11시,수요일,경기도 남양주시 호평동,경상사고,0,0,1,0,차대사람 - 횡단중,보행자보호의무위반,포장 - 건조,맑음,단일로 - 기타,화물,남,29세,상해없음,보행자,남,67세,경상
4284,2021071400100197,2021년 7월 14일 11시,수요일,경기도 파주시 월롱면,중상사고,0,1,0,0,차대사람 - 기타,안전운전불이행,포장 - 건조,맑음,단일로 - 기타,화물,남,55세,상해없음,보행자,남,50세,중상
4285,2021071400100216,2021년 7월 14일 12시,수요일,경기도 시흥시 정왕동,경상사고,0,0,1,0,차대사람 - 길가장자리구역통행중,안전운전불이행,포장 - 건조,맑음,단일로 - 기타,승용,남,21세,상해없음,보행자,여,63세,경상
4286,2021071400100278,2021년 7월 14일 14시,수요일,경기도 오산시 오산동,중상사고,0,1,0,0,차대사람 - 횡단중,안전운전불이행,포장 - 건조,맑음,단일로 - 기타,승용,여,34세,상해없음,보행자,여,56세,중상
4287,2021071400100281,2021년 7월 14일 14시,수요일,경기도 안산시 상록구 본오동,중상사고,0,2,0,0,차대사람 - 보도통행중,안전운전불이행,포장 - 건조,맑음,단일로 - 기타,이륜,남,24세,상해없음,보행자,여,54세,중상
4288,2021071400100299,2021년 7월 14일 14시,수요일,경기도 포천시 어룡동,경상사고,0,0,1,0,차대사람 - 기타,안전운전불이행,포장 - 건조,맑음,기타 - 기타,승용,남,49세,상해없음,보행자,남,65세,경상
4289,2021071400100382,2021년 7월 14일 16시,수요일,경기도 파주시 문산읍,경상사고,0,0,1,0,차대사람 - 기타,안전운전불이행,포장 - 건조,맑음,단일로 - 기타,승용,여,62세,상해없음,보행자,여,81세,경상
4290,2021071400100396,2021년 7월 14일 17시,수요일,경기도 수원시 장안구 율전동,부상신고사고,0,0,0,1,차대사람 - 기타,기타,포장 - 건조,맑음,단일로 - 기타,기타불명,기타불명,미분류,기타불명,보행자,남,27세,부상신고
4291,2021071400100442,2021년 7월 14일 18시,수요일,경기도 수원시 팔달구 지동,경상사고,0,0,1,0,차대사람 - 길가장자리구역통행중,안전운전불이행,포장 - 건조,맑음,단일로 - 기타,승용,남,32세,상해없음,보행자,남,37세,경상
4292,2021071400100446,2021년 7월 14일 18시,수요일,경기도 부천시 원미동,경상사고,0,0,1,0,차대사람 - 보도통행중,안전운전불이행,포장 - 건조,맑음,교차로 - 교차로부근,이륜,남,20세,상해없음,보행자,여,45세,경상
4293,2021071400100487,2021년 7월 14일 18시,수요일,경기도 고양시 덕양구 고양동,경상사고,0,0,1,0,차대사람 - 횡단중,신호위반,포장 - 건조,맑음,교차로 - 교차로횡단보도내,이륜,남,19세,상해없음,보행자,남,9세,경상
4294,2021071400100489,2021년 7월 14일 18시,수요일,경기도 고양시 일산동구 마두동,경상사고,0,0,1,0,차대사람 - 횡단중,안전운전불이행,포장 - 건조,맑음,교차로 - 교차로안,자전거,여,58세,상해없음,보행자,여,14세,경상
4295,2021071400100492,2021년 7월 14일 18시,수요일,경기도 남양주시 평내동,중상사고,0,1,0,0,차대사람 - 차도통행중,안전운전불이행,포장 - 건조,맑음,단일로 - 기타,자전거,남,16세,상해없음,보행자,여,54세,중상
4296,2021071400100493,2021년 7월 14일 18시,수요일,경기도 파주시 와동동,경상사고,0,0,1,0,차대사람 - 기타,기타,포장 - 건조,맑음,기타 - 기타,개인형이동수단(PM),남,18세,상해없음,보행자,여,27세,경상
4297,2021071400100494,2021년 7월 14일 18시,수요일,경기도 양주시 율정동,중상사고,0,1,0,0,차대사람 - 횡단중,보행자보호의무위반,포장 - 건조,맑음,교차로 - 교차로횡단보도내,승용,남,50세,상해없음,보행자,남,61세,중상
4298,2021071400100528,2021년 7월 14일 19시,수요일,경기도 양주시 남면,부상신고사고,0,0,0,1,차대사람 - 기타,안전운전불이행,포장 - 건조,맑음,단일로 - 기타,승용,여,74세,상해없음,보행자,남,42세,부상신고
4299,2021071400100533,2021년 7월 14일 20시,수요일,경기도 안성시 보개면,중상사고,0,1,0,0,차대사람 - 길가장자리구역통행중,안전운전불이행,포장 - 건조,기타,단일로 - 기타,승용,남,76세,상해없음,보행자,남,66세,중상
4300,2021071400100536,2021년 7월 14일 20시,수요일,경기도 광주시 삼동,중상사고,0,1,0,0,차대사람 - 기타,안전운전불이행,포장 - 건조,맑음,기타 - 기타,승합,남,61세,상해없음,보행자,여,76세,중상
4301,2021071400100560,2021년 7월 14일 20시,수요일,경기도 고양시 일산동구 마두동,중상사고,0,1,1,0,차대사람 - 횡단중,신호위반,포장 - 건조,맑음,교차로 - 교차로부근,이륜,남,55세,경상,보행자,여,21세,중상
4302,2021071400100588,2021년 7월 14일 21시,수요일,경기도 고양시 일산동구 백석동,중상사고,0,1,0,0,차대사람 - 횡단중,보행자보호의무위반,포장 - 건조,맑음,교차로 - 교차로횡단보도내,승용,남,35세,상해없음,보행자,여,24세,중상
4303,2021071400100614,2021년 7월 14일 23시,수요일,경기도 광명시 노온사동,중상사고,0,1,0,0,차대사람 - 횡단중,중앙선침범,포장 - 건조,맑음,교차로 - 교차로안,승용,여,56세,상해없음,보행자,여,60세,중상
4304,2021071500100044,2021년 7월 15일 06시,목요일,경기도 화성시 향남읍,경상사고,0,0,1,0,차대사람 - 기타,교차로운행방법위반,포장 - 건조,맑음,교차로 - 교차로부근,승용,남,50세,상해없음,보행자,남,23세,경상
4305,2021071500100057,2021년 7월 15일 07시,목요일,경기도 평택시 군문동,경상사고,0,0,1,0,차대사람 - 기타,안전운전불이행,포장 - 건조,맑음,단일로 - 기타,승용,남,61세,상해없음,보행자,남,57세,경상