,사고번호,사고일시,요일,시군구,사고내용,사망자수,중상자수,경상자수,부상신고자수,사고유형,법규위반,노면상태,기상상태,도로형태,가해운전자 차종,가해운전자 성별,가해운전자 연령,가해운전자 상해정도,피해운전자 차종,피해운전자 성별,피해운전자 연령,피해운전자 상해정도
4758,2021080900100160,2021년 8월 9일 10시,월요일,경기도 용인시 처인구 모현읍,경상사고,0,0,1,0,차대사람 - 보도통행중,기타,포장 - 건조,맑음,기타 - 기타,기타불명,남,45세,상해없음,보행자,남,83세,경상
4759,2021080900100162,2021년 8월 9일 10시,월요일,경기도 안산시 상록구 본오동,중상사고,0,1,0,0,차대사람 - 차도통행중,안전운전불이행,포장 - 건조,맑음,교차로 - 교차로안,승용,여,40세,상해없음,보행자,여,77세,중상
4760,2021080900100181,2021년 8월 9일 10시,월요일,경기도 의정부시 금오동,중상사고,0,1,1,0,차대사람 - 기타,안전운전불이행,포장 - 기타,기타,기타 - 기타,화물,남,72세,상해없음,보행자,남,67세,경상
4761,2021080900100237,2021년 8월 9일 12시,월요일,경기도 부천시 도당동,경상사고,0,0,1,0,차대사람 - 기타,안전운전불이행,포장 - 건조,맑음,기타 - 기타,기타불명,기타불명,미분류,기타불명,보행자,여,65세,경상
4762,2021080900100258,2021년 8월 9일 12시,월요일,경기도 고양시 일산서구 덕이동,중상사고,0,2,0,0,차대사람 - 횡단중,신호위반,포장 - 건조,맑음,교차로 - 교차로안,이륜,남,21세,상해없음,보행자,여,51세,중상
4763,2021080900100267,2021년 8월 9일 13시,월요일,경기도 성남시 수정구 창곡동,경상사고,0,0,1,0,차대사람 - 횡단중,보행자보호의무위반,포장 - 건조,맑음,교차로 - 교차로횡단보도내,승용,여,38세,기타불명,보행자,남,6세,경상
4764,2021080900100269,2021년 8월 9일 13시,월요일,경기도 광주시 오포읍,경상사고,0,0,1,0,차대사람 - 기타,안전운전불이행,포장 - 건조,맑음,기타 - 기타,승용,여,60세,상해없음,보행자,남,67세,경상
4765,2021080900100271,2021년 8월 9일 13시,월요일,경기도 수원시 팔달구 매교동,중상사고,0,1,0,0,차대사람 - 횡단중,신호위반,포장 - 건조,맑음,단일로 - 기타,이륜,남,53세,상해없음,보행자,여,87세,중상
4766,2021080900100285,2021년 8월 9일 13시,월요일,경기도 고양시 덕양구 주교동,경상사고,0,0,1,0,차대사람 - 횡단중,안전운전불이행,포장 - 건조,맑음,교차로 - 교차로안,승합,남,68세,상해없음,보행자,남,77세,경상
4767,2021080900100286,2021년 8월 9일 13시,월요일,경기도 고양시 일산동구 장항동,경상사고,0,0,1,0,차대사람 - 기타,안전운전불이행,포장 - 건조,맑음,단일로 - 기타,승용,남,63세,상해없음,보행자,여,27세,경상
4768,2021080900100287,2021년 8월 9일 13시,월요일,경기도 파주시 동패동,경상사고,0,0,1,0,차대사람 - 횡단중,신호위반,포장 - 건조,맑음,교차로 - 교차로횡단보도내,승용,여,53세,기타불명,보행자,여,16세,경상
4769,2021080900100336,2021년 8월 9일 15시,월요일,경기도 부천시 원미동,경상사고,0,0,1,0,차대사람 - 차도통행중,안전운전불이행,포장 - 건조,맑음,교차로 - 교차로부근,화물,남,65세,상해없음,보행자,여,42세,경상
4770,2021080900100339,2021년 8월 9일 15시,월요일,경기도 하남시 창우동,중상사고,0,1,0,0,차대사람 - 보도통행중,보행자보호의무위반,포장 - 건조,맑음,교차로 - 교차로부근,화물,남,63세,상해없음,보행자,여,37세,중상
4771,2021080900100358,2021년 8월 9일 15시,월요일,경기도 의정부시 민락동,경상사고,0,0,1,0,차대사람 - 횡단중,신호위반,포장 - 건조,맑음,단일로 - 기타,승용,여,50세,상해없음,보행자,여,24세,경상
4772,2021080900100402,2021년 8월 9일 16시,월요일,경기도 고양시 일산동구 식사동,경상사고,0,0,1,0,차대사람 - 기타,안전운전불이행,포장 - 건조,맑음,교차로 - 교차로안,승용,남,29세,상해없음,보행자,남,7세,경상
4773,2021080900100404,2021년 8월 9일 16시,월요일,경기도 구리시 교문동,부상신고사고,0,0,0,1,차대사람 - 횡단중,안전운전불이행,포장 - 건조,맑음,단일로 - 기타,원동기,남,32세,상해없음,보행자,남,8세,부상신고
4774,2021080900100405,2021년 8월 9일 16시,월요일,경기도 가평군 가평읍,경상사고,0,0,1,0,차대사람 - 차도통행중,안전운전불이행,포장 - 건조,맑음,교차로 - 교차로부근,승용,여,27세,상해없음,보행자,남,1세,상해없음
4775,2021080900100417,2021년 8월 9일 17시,월요일,경기도 광주시 초월읍,중상사고,0,1,0,0,차대사람 - 횡단중,신호위반,포장 - 건조,맑음,단일로 - 기타,화물,남,64세,상해없음,보행자,여,41세,중상
4776,2021080900100420,2021년 8월 9일 17시,월요일,경기도 성남시 분당구 수내동,경상사고,0,0,1,0,차대사람 - 기타,안전운전불이행,포장 - 기타,맑음,단일로 - 기타,승용,남,62세,상해없음,보행자,남,38세,경상
4777,2021080900100422,2021년 8월 9일 17시,월요일,경기도 안산시 상록구 건건동,경상사고,0,0,1,0,차대사람 - 차도통행중,기타,포장 - 건조,맑음,단일로 - 기타,화물,남,65세,상해없음,보행자,여,20세,경상
4778,2021080900100452,2021년 8월 9일 17시,월요일,경기도 고양시 덕양구 원흥동,중상사고,0,1,0,0,차대사람 - 횡단중,보행자보호의무위반,포장 - 기타,맑음,교차로 - 교차로횡단보도내,이륜,남,36세,상해없음,보행자,남,8세,중상
4779,2021080900100492,2021년 8월 9일 18시,월요일,경기도 의정부시 호원동,부상신고사고,0,0,0,1,차대사람 - 횡단중,중앙선침범,포장 - 건조,맑음,교차로 - 교차로부근,승용,여,42세,상해없음,보행자,남,37세,부상신고
4780,2021080900100499,2021년 8월 9일 19시,월요일,경기도 이천시 창전동,중상사고,0,1,0,0,차대사람 - 횡단중,안전운전불이행,포장 - 건조,맑음,단일로 - 기타,승용,여,47세,상해없음,보행자,여,80세,중상
4781,2021080900100500,2021년 8월 9일 19시,월요일,경기도 부천시 심곡동,경상사고,0,0,1,0,차대사람 - 기타,안전운전불이행,포장 - 건조,맑음,기타 - 기타,승용,여,52세,상해없음,보행자,여,23세,경상
4782,2021080900100560,2021년 8월 9일 21시,월요일,경기도 이천시 부발읍,경상사고,0,0,1,0,차대사람 - 횡단중,안전운전불이행,포장 - 건조,맑음,단일로 - 기타,승용,남,34세,상해없음,보행자,남,37세,경상
4783,2021080900100562,2021년 8월 9일 21시,월요일,경기도 용인시 기흥구 신갈동,경상사고,0,0,1,0,차대사람 - 기타,안전운전불이행,포장 - 건조,맑음,단일로 - 기타,화물,남,44세,상해없음,보행자,여,69세,경상
4784,2021080900100563,2021년 8월 9일 21시,월요일,경기도 김포시 북변동,중상사고,0,1,0,0,차대사람 - 기타,안전운전불이행,포장 - 건조,기타,단일로 - 기타,승용,남,53세,상해없음,보행자,남,50세,중상
4785,2021080900100588,2021년 8월 9일 22시,월요일,경기도 광명시 하안동,중상사고,0,1,0,0,차대사람 - 횡단중,안전운전불이행,포장 - 건조,맑음,기타 - 기타,승용,남,50세,상해없음,보행자,남,32세,중상
4786,2021080900100602,2021년 8월 9일 22시,월요일,경기도 의정부시 의정부동,중상사고,0,1,0,0,차대사람 - 기타,안전운전불이행,포장 - 건조,맑음,단일로 - 기타,자전거,남,16세,상해없음,보행자,남,60세,중상
4787,2021080900100611,2021년 8월 9일 23시,월요일,경기도 부천시 고강동,중상사고,0,1,0,0,차대사람 - 차도통행중,안전운전불이행,포장 - 건조,맑음,단일로 - 기타,승용,남,28세,상해없음,보행자,여,82세,중상
4788,2021081000100044,2021년 8월 10일 07시,화요일,경기도 평택시 이충동,경상사고,0,0,1,0,차대사람 - 횡단중,보행자보호의무위반,포장 - 건조,맑음,교차로 - 교차로횡단보도내,승합,여,51세,상해없음,보행자,여,39세,경상
4789,2021081000100083,2021년 8월 10일 09시,화요일,경기도 군포시 금정동,경상사고,0,0,1,0,차대사람 - 횡단중,보행자보호의무위반,포장 - 건조,맑음,단일로 - 기타,화물,남,60세,상해없음,보행자,여,60세,경상
4790,2021081000100099,2021년 8월 10일 09시,화요일,경기도 파주시 다율동,경상사고,0,0,1,0,차대사람 - 보도통행중,안전운전불이행,포장 - 건조,맑음,단일로 - 기타,개인형이동수단(PM),여,19세,상해없음,보행자,여,22세,경상
4791,2021081000100141,2021년 8월 10일 11시,화요일,경기도 광주시 오포읍,경상사고,0,0,1,0,차대사람 - 횡단중,보행자보호의무위반,포장 - 건조,맑음,교차로 - 교차로횡단보도내,승용,여,64세,상해없음,보행자,여,24세,경상
4792,2021081000100145,2021년 8월 10일 11시,화요일,경기도 부천시 심곡동,경상사고,0,0,1,0,차대사람 - 기타,안전운전불이행,포장 - 건조,맑음,단일로 - 기타,승용,남,69세,상해없음,보행자,남,71세,경상
4793,2021081000100146,2021년 8월 10일 11시,화요일,경기도 부천시 심곡동,중상사고,0,1,0,0,차대사람 - 보도통행중,보행자보호의무위반,포장 - 건조,맑음,교차로 - 교차로안,승용,여,50세,상해없음,보행자,여,53세,중상
4794,2021081000100150,2021년 8월 10일 11시,화요일,경기도 화성시 향남읍,경상사고,0,0,1,0,차대사람 - 횡단중,안전운전불이행,포장 - 건조,맑음,단일로 - 기타,승합,남,64세,상해없음,보행자,여,84세,경상
4795,2021081000100222,2021년 8월 10일 13시,화요일,경기도 용인시 처인구 포곡읍,경상사고,0,0,1,0,차대사람 - 보도통행중,보행자보호의무위반,포장 - 건조,맑음,단일로 - 기타,이륜,남,24세,상해없음,보행자,남,68세,경상
4796,2021081000100286,2021년 8월 10일 15시,화요일,경기도 이천시 장호원읍,중상사고,0,1,0,0,차대사람 - 횡단중,안전운전불이행,포장 - 건조,맑음,교차로 - 교차로안,화물,남,31세,상해없음,보행자,여,87세,중상
4797,2021081000100291,2021년 8월 10일 15시,화요일,경기도 용인시 수지구 신봉동,경상사고,0,0,1,0,차대사람 - 기타,안전운전불이행,포장 - 건조,맑음,단일로 - 기타,승합,남,65세,상해없음,보행자,여,57세,경상
4798,2021081000100326,2021년 8월 10일 16시,화요일,경기도 성남시 중원구 은행동,중상사고,0,1,0,0,차대사람 - 횡단중,안전운전불이행,포장 - 건조,맑음,교차로 - 교차로안,승용,여,42세,상해없음,보행자,여,66세,중상
4799,2021081000100353,2021년 8월 10일 17시,화요일,경기도 광명시 광명동,경상사고,0,0,1,0,차대사람 - 길가장자리구역통행중,안전운전불이행,포장 - 건조,맑음,단일로 - 기타,승용,여,54세,상해없음,보행자,여,18세,경상
4800,2021081000100376,2021년 8월 10일 17시,화요일,경기도 동두천시 생연동,중상사고,0,1,0,0,차대사람 - 횡단중,보행자보호의무위반,포장 - 건조,맑음,교차로 - 교차로횡단보도내,승용,여,53세,상해없음,보행자,여,64세,중상
4801,2021081000100377,2021년 8월 10일 17시,화요일,경기도 고양시 일산서구 일산동,중상사고,0,1,0,0,차대사람 - 횡단중,보행자보호의무위반,포장 - 건조,맑음,교차로 - 교차로횡단보도내,승용,남,39세,상해없음,보행자,여,9세,중상
4802,2021081000100432,2021년 8월 10일 19시,화요일,경기도 수원시 장안구 송죽동,경상사고,0,0,1,0,차대사람 - 기타,안전운전불이행,포장 - 건조,맑음,단일로 - 기타,승용,여,52세,상해없음,보행자,남,60세,경상
4803,2021081000100476,2021년 8월 10일 20시,화요일,경기도 성남시 중원구 상대원동,중상사고,0,1,0,0,차대사람 - 차도통행중,안전운전불이행,포장 - 건조,맑음,기타 - 기타,승용,남,37세,상해없음,보행자,남,72세,중상
4804,2021081000100496,2021년 8월 10일 20시,화요일,경기도 파주시 와동동,중상사고,0,1,0,0,차대사람 - 횡단중,신호위반,포장 - 건조,맑음,단일로 - 기타,이륜,남,24세,상해없음,보행자,여,23세,중상
4805,2021081100100048,2021년 8월 11일 07시,수요일,경기도 성남시 분당구 이매동,경상사고,0,0,1,0,차대사람 - 횡단중,안전운전불이행,포장 - 건조,맑음,단일로 - 기타,자전거,남,57세,경상,보행자,남,33세,기타불명
4806,2021081100100066,2021년 8월 11일 08시,수요일,경기도 수원시 장안구 정자동,경상사고,0,0,1,0,차대사람 - 기타,안전운전불이행,포장 - 건조,맑음,주차장 - 주차장,승용,남,36세,상해없음,보행자,여,25세,경상
4807,2021081100100070,2021년 8월 11일 08시,수요일,경기도 화성시 영천동,중상사고,0,1,0,0,차대사람 - 횡단중,보행자보호의무위반,포장 - 건조,맑음,단일로 - 기타,승용,여,56세,상해없음,보행자,남,35세,중상
4808,2021081100100093,2021년 8월 11일 08시,수요일,경기도 파주시 야당동,경상사고,0,0,1,0,차대사람 - 기타,안전운전불이행,포장 - 건조,맑음,단일로 - 기타,승용,여,62세,상해없음,보행자,여,29세,경상
4809,2021081100100131,2021년 8월 11일 10시,수요일,경기도 하남시 신장동,중상사고,0,1,0,0,차대사람 - 횡단중,보행자보호의무위반,포장 - 건조,맑음,교차로 - 교차로안,승용,남,73세,상해없음,보행자,남,63세,중상
4810,2021081100100146,2021년 8월 11일 10시,수요일,경기도 고양시 일산동구 장항동,경상사고,0,0,1,0,차대사람 - 기타,교차로운행방법위반,포장 - 건조,맑음,교차로 - 교차로안,화물,남,41세,상해없음,보행자,남,26세,경상
4811,2021081100100160,2021년 8월 11일 11시,수요일,경기도 수원시 권선구 탑동,경상사고,0,0,1,0,차대사람 - 기타,안전운전불이행,포장 - 건조,맑음,기타 - 기타,승합,남,63세,상해없음,보행자,여,16세,경상
4812,2021081100100200,2021년 8월 11일 12시,수요일,경기도 성남시 분당구 수내동,경상사고,0,0,1,0,차대사람 - 기타,안전운전불이행,포장 - 건조,맑음,단일로 - 기타,승용,남,78세,상해없음,보행자,남,10세,경상
4813,2021081100100220,2021년 8월 11일 13시,수요일,경기도 이천시 창전동,경상사고,0,0,1,0,차대사람 - 기타,안전운전불이행,포장 - 건조,맑음,교차로 - 교차로부근,승용,남,47세,상해없음,보행자,여,15세,경상
4814,2021081100100222,2021년 8월 11일 13시,수요일,경기도 수원시 영통구 이의동,경상사고,0,0,2,0,차대사람 - 횡단중,보행자보호의무위반,포장 - 건조,맑음,교차로 - 교차로안,승용,남,59세,상해없음,보행자,여,30세,경상
4815,2021081100100223,2021년 8월 11일 13시,수요일,경기도 시흥시 대야동,경상사고,0,0,1,0,차대사람 - 차도통행중,안전운전불이행,포장 - 건조,맑음,기타 - 기타,승용,여,44세,상해없음,보행자,여,12세,경상
4816,2021081100100240,2021년 8월 11일 13시,수요일,경기도 고양시 덕양구 신원동,중상사고,0,1,1,0,차대사람 - 횡단중,신호위반,포장 - 건조,맑음,교차로 - 교차로횡단보도내,승용,여,49세,상해없음,보행자,여,42세,중상
4817,2021081100100277,2021년 8월 11일 15시,수요일,경기도 수원시 장안구 영화동,경상사고,0,0,1,0,차대사람 - 기타,기타,포장 - 건조,맑음,단일로 - 기타,특수,남,62세,상해없음,보행자,여,76세,경상
4818,2021081100100278,2021년 8월 11일 15시,수요일,경기도 안양시 동안구 호계동,경상사고,0,0,1,0,차대사람 - 기타,신호위반,포장 - 건조,맑음,교차로 - 교차로횡단보도내,이륜,남,19세,상해없음,보행자,남,23세,경상
4819,2021081100100350,2021년 8월 11일 17시,수요일,경기도 부천시 상동,경상사고,0,0,1,0,차대사람 - 기타,안전운전불이행,포장 - 건조,맑음,교차로 - 교차로부근,승합,여,56세,상해없음,보행자,여,28세,경상
4820,2021081100100353,2021년 8월 11일 17시,수요일,경기도 화성시 능동,경상사고,0,0,1,0,차대사람 - 횡단중,신호위반,포장 - 건조,맑음,교차로 - 교차로부근,승용,남,75세,상해없음,보행자,여,76세,경상
4821,2021081100100387,2021년 8월 11일 18시,수요일,경기도 안양시 동안구 호계동,경상사고,0,0,1,0,차대사람 - 길가장자리구역통행중,교차로운행방법위반,포장 - 건조,맑음,교차로 - 교차로안,승용,여,48세,상해없음,보행자,여,6세,경상
4822,2021081100100445,2021년 8월 11일 19시,수요일,경기도 파주시 목동동,경상사고,0,0,1,0,차대사람 - 기타,보행자보호의무위반,포장 - 건조,맑음,기타 - 기타,기타불명,기타불명,미분류,기타불명,보행자,여,37세,경상
4823,2021081100100446,2021년 8월 11일 19시,수요일,경기도 구리시 수택동,경상사고,0,0,1,0,차대사람 - 기타,안전운전불이행,포장 - 건조,맑음,단일로 - 기타,승용,남,57세,상해없음,보행자,남,65세,경상
4824,2021081100100456,2021년 8월 11일 20시,수요일,경기도 부천시 중동,경상사고,0,0,1,0,차대사람 - 횡단중,안전운전불이행,포장 - 건조,맑음,단일로 - 기타,승용,남,71세,상해없음,보행자,남,58세,경상
4825,2021081100100460,2021년 8월 11일 20시,수요일,경기도 화성시 남양읍,경상사고,0,0,1,0,차대사람 - 횡단중,보행자보호의무위반,포장 - 건조,맑음,교차로 - 교차로안,승용,남,52세,상해없음,보행자,여,62세,경상
4826,2021081100100461,2021년 8월 11일 20시,수요일,경기도 화성시 남양읍,중상사고,0,1,0,0,차대사람 - 횡단중,안전운전불이행,포장 - 건조,맑음,단일로 - 기타,승용,여,48세,상해없음,보행자,여,12세,중상
4827,2021081100100485,2021년 8월 11일 20시,수요일,경기도 파주시 파주읍,중상사고,0,1,0,0,차대사람 - 횡단중,안전운전불이행,포장 - 건조,맑음,교차로 - 교차로부근,승용,남,49세,상해없음,보행자,남,78세,중상
4828,2021081100100495,2021년 8월 11일 21시,수요일,경기도 광주시 퇴촌면,경상사고,0,0,1,0,차대사람 - 차도통행중,안전운전불이행,포장 - 건조,맑음,단일로 - 기타,승용,여,36세,상해없음,보행자,여,14세,경상
4829,2021081100100496,2021년 8월 11일 21시,수요일,경기도 오산시 은계동,경상사고,0,0,1,0,차대사람 - 기타,안전운전불이행,포장 - 건조,맑음,주차장 - 주차장,화물,남,61세,상해없음,보행자,여,75세,경상
4830,2021081100100525,2021년 8월 11일 22시,수요일,경기도 수원시 권선구 호매실동,중상사고,0,1,0,0,차대사람 - 횡단중,신호위반,포장 - 건조,맑음,교차로 - 교차로횡단보도내,승합,남,71세,상해없음,보행자,여,3세,중상
4831,2021081200100032,2021년 8월 12일 06시,목요일,경기도 광주시 퇴촌면,경상사고,0,0,1,0,차대사람 - 기타,안전운전불이행,포장 - 건조,맑음,교차로 - 교차로부근,화물,남,68세,상해없음,보행자,남,50세,경상
4832,2021081200100172,2021년 8월 12일 11시,목요일,경기도 광주시 경안동,경상사고,0,0,1,0,차대사람 - 횡단중,안전운전불이행,포장 - 건조,맑음,기타 - 기타,승용,남,51세,상해없음,보행자,남,57세,경상
4833,2021081200100215,2021년 8월 12일 12시,목요일,경기도 용인시 수지구 풍덕천동,중상사고,0,1,0,0,차대사람 - 길가장자리구역통행중,안전운전불이행,포장 - 건조,맑음,기타 - 기타,승용,남,73세,상해없음,보행자,남,56세,중상
4834,2021081200100271,2021년 8월 12일 14시,목요일,경기도 김포시 통진읍,중상사고,0,1,0,0,차대사람 - 횡단중,보행자보호의무위반,포장 - 건조,맑음,교차로 - 교차로횡단보도내,화물,남,32세,상해없음,보행자,여,43세,중상
4835,2021081200100272,2021년 8월 12일 14시,목요일,경기도 광명시 철산동,경상사고,0,0,1,0,차대사람 - 횡단중,보행자보호의무위반,포장 - 건조,맑음,단일로 - 기타,화물,남,53세,상해없음,보행자,여,7세,경상
4836,2021081200100301,2021년 8월 12일 15시,목요일,경기도 수원시 장안구 조원동,경상사고,0,0,1,0,차대사람 - 기타,안전운전불이행,포장 - 건조,맑음,단일로 - 기타,승용,여,30세,기타불명,보행자,남,50세,경상
4837,2021081200100379,2021년 8월 12일 17시,목요일,경기도 부천시 소사본동,경상사고,0,0,1,0,차대사람 - 횡단중,안전운전불이행,포장 - 건조,맑음,단일로 - 기타,승용,여,49세,상해없음,보행자,여,6세,경상
4838,2021081200100381,2021년 8월 12일 17시,목요일,경기도 수원시 영통구 영통동,경상사고,0,0,1,0,차대사람 - 횡단중,보행자보호의무위반,포장 - 건조,맑음,교차로 - 교차로횡단보도내,화물,남,60세,상해없음,보행자,남,24세,경상
4839,2021081200100398,2021년 8월 12일 17시,목요일,경기도 남양주시 다산동,경상사고,0,0,1,0,차대사람 - 횡단중,보행자보호의무위반,포장 - 젖음/습기,비,교차로 - 교차로횡단보도내,승용,남,25세,상해없음,보행자,여,46세,경상
4840,2021081200100416,2021년 8월 12일 18시,목요일,경기도 부천시 소사본동,중상사고,0,1,0,0,차대사람 - 기타,교차로운행방법위반,포장 - 기타,맑음,교차로 - 교차로부근,승합,남,45세,상해없음,보행자,여,64세,중상
4841,2021081200100421,2021년 8월 12일 18시,목요일,경기도 화성시 반송동,중상사고,0,1,0,0,차대사람 - 기타,안전운전불이행,포장 - 건조,맑음,교차로 - 교차로안,승용,남,58세,기타불명,보행자,여,67세,중상
4842,2021081200100455,2021년 8월 12일 19시,목요일,경기도 부천시 심곡동,경상사고,0,0,1,0,차대사람 - 기타,신호위반,포장 - 건조,맑음,단일로 - 기타,원동기,남,54세,상해없음,보행자,여,38세,경상
4843,2021081200100513,2021년 8월 12일 21시,목요일,경기도 광명시 철산동,경상사고,0,0,1,0,차대사람 - 기타,안전운전불이행,포장 - 건조,맑음,단일로 - 기타,개인형이동수단(PM),남,28세,상해없음,보행자,남,10세,경상
4844,2021081200100515,2021년 8월 12일 21시,목요일,경기도 수원시 영통구 망포동,경상사고,0,0,1,0,차대사람 - 기타,안전운전불이행,포장 - 건조,맑음,단일로 - 기타,승용,남,40세,상해없음,보행자,여,75세,경상
4845,2021081200100541,2021년 8월 12일 22시,목요일,경기도 성남시 중원구 성남동,경상사고,0,0,1,0,차대사람 - 횡단중,안전운전불이행,포장 - 건조,맑음,단일로 - 기타,승용,남,22세,상해없음,보행자,남,31세,경상
4846,2021081200100542,2021년 8월 12일 22시,목요일,경기도 성남시 분당구 판교동,중상사고,0,1,0,0,차대사람 - 기타,안전운전불이행,포장 - 건조,기타,단일로 - 기타,자전거,남,15세,상해없음,보행자,남,64세,중상
4847,2021081200100567,2021년 8월 12일 23시,목요일,경기도 고양시 일산서구 일산동,중상사고,0,1,0,0,차대사람 - 횡단중,안전운전불이행,포장 - 건조,맑음,단일로 - 기타,화물,남,53세,기타불명,보행자,여,61세,중상
4848,2021081300100025,2021년 8월 13일 05시,금요일,경기도 광명시 광명동,중상사고,0,1,0,0,차대사람 - 횡단중,과속,포장 - 건조,맑음,교차로 - 교차로안,승용,남,70세,상해없음,보행자,여,74세,중상
4849,2021081300100036,2021년 8월 13일 07시,금요일,경기도 성남시 중원구 하대원동,경상사고,0,0,1,0,차대사람 - 횡단중,안전운전불이행,포장 - 건조,맑음,단일로 - 기타,화물,남,37세,상해없음,보행자,여,65세,경상
4850,2021081300100037,2021년 8월 13일 07시,금요일,경기도 용인시 기흥구 보정동,중상사고,0,1,0,0,차대사람 - 기타,신호위반,포장 - 건조,맑음,교차로 - 교차로횡단보도내,화물,남,61세,상해없음,보행자,여,43세,중상
4851,2021081300100058,2021년 8월 13일 08시,금요일,경기도 수원시 영통구 영통동,중상사고,0,2,0,0,차대사람 - 보도통행중,기타,포장 - 건조,맑음,기타 - 기타,자전거,남,23세,중상,보행자,여,29세,중상
4852,2021081300100107,2021년 8월 13일 09시,금요일,경기도 고양시 일산동구 백석동,경상사고,0,0,3,0,차대사람 - 횡단중,보행자보호의무위반,포장 - 건조,맑음,교차로 - 교차로횡단보도내,승용,남,58세,상해없음,보행자,여,36세,경상
4853,2021081300100133,2021년 8월 13일 10시,금요일,경기도 남양주시 화도읍,경상사고,0,0,1,0,차대사람 - 횡단중,보행자보호의무위반,포장 - 건조,맑음,교차로 - 교차로안,승용,남,46세,상해없음,보행자,남,46세,경상
4854,2021081300100143,2021년 8월 13일 11시,금요일,경기도 안산시 상록구 이동,경상사고,0,0,1,0,차대사람 - 기타,안전운전불이행,포장 - 건조,맑음,주차장 - 주차장,승용,여,56세,상해없음,보행자,남,36세,경상
4855,2021081300100167,2021년 8월 13일 11시,금요일,경기도 의정부시 용현동,경상사고,0,0,1,0,차대사람 - 길가장자리구역통행중,안전운전불이행,포장 - 건조,맑음,단일로 - 기타,승용,남,33세,상해없음,보행자,여,77세,경상
4856,2021081300100219,2021년 8월 13일 13시,금요일,경기도 안성시 서인동,중상사고,0,1,0,0,차대사람 - 기타,안전운전불이행,포장 - 건조,맑음,단일로 - 기타,화물,남,62세,상해없음,보행자,여,71세,중상
4857,2021081300100221,2021년 8월 13일 13시,금요일,경기도 광주시 삼동,경상사고,0,0,1,0,차대사람 - 횡단중,안전운전불이행,포장 - 건조,맑음,단일로 - 기타,승용,남,53세,상해없음,보행자,여,63세,경상
4858,2021081300100242,2021년 8월 13일 13시,금요일,경기도 파주시 탄현면,경상사고,0,0,1,0,차대사람 - 차도통행중,보행자보호의무위반,포장 - 건조,맑음,단일로 - 기타,승용,남,76세,상해없음,보행자,여,24세,경상
4859,2021081300100253,2021년 8월 13일 14시,금요일,경기도 하남시 초이동,경상사고,0,0,1,0,차대사람 - 기타,안전운전불이행,포장 - 건조,맑음,단일로 - 기타,승용,남,49세,상해없음,보행자,남,46세,경상
4860,2021081300100329,2021년 8월 13일 16시,금요일,경기도 평택시 비전동,경상사고,0,0,1,0,차대사람 - 횡단중,안전운전불이행,포장 - 건조,맑음,단일로 - 기타,승용,여,47세,상해없음,보행자,남,8세,경상
4861,2021081300100354,2021년 8월 13일 16시,금요일,경기도 남양주시 호평동,경상사고,0,0,1,0,차대사람 - 횡단중,안전운전불이행,포장 - 건조,맑음,단일로 - 기타,기타불명,기타불명,미분류,기타불명,보행자,남,10세,경상
4862,2021081300100381,2021년 8월 13일 17시,금요일,경기도 안산시 상록구 사동,경상사고,0,0,1,0,차대사람 - 횡단중,신호위반,포장 - 건조,맑음,교차로 - 교차로횡단보도내,화물,남,41세,상해없음,보행자,여,25세,경상
4863,2021081300100461,2021년 8월 13일 18시,금요일,경기도 구리시 교문동,경상사고,0,0,1,0,차대사람 - 길가장자리구역통행중,안전운전불이행,포장 - 건조,맑음,단일로 - 기타,승용,여,56세,상해없음,보행자,여,45세,경상
4864,2021081300100479,2021년 8월 13일 19시,금요일,경기도 부천시 심곡본동,경상사고,0,0,1,0,차대사람 - 기타,보행자보호의무위반,포장 - 기타,맑음,교차로 - 교차로횡단보도내,화물,남,55세,상해없음,보행자,남,40세,경상
4865,2021081300100493,2021년 8월 13일 19시,금요일,경기도 연천군 전곡읍,경상사고,0,0,1,0,차대사람 - 차도통행중,안전운전불이행,포장 - 건조,맑음,단일로 - 지하차도(도로)내,승용,남,73세,기타불명,보행자,남,19세,경상
4866,2021081300100500,2021년 8월 13일 20시,금요일,경기도 시흥시 대야동,경상사고,0,0,1,0,차대사람 - 보도통행중,보행자보호의무위반,포장 - 건조,맑음,단일로 - 기타,승용,남,64세,상해없음,보행자,여,60세,경상
4867,2021081300100523,2021년 8월 13일 21시,금요일,경기도 평택시 장당동,중상사고,0,1,0,0,차대사람 - 기타,보행자보호의무위반,포장 - 건조,맑음,교차로 - 교차로횡단보도내,승용,남,50세,상해없음,보행자,남,60세,중상
4868,2021081400100020,2021년 8월 14일 02시,토요일,경기도 부천시 옥길동,사망사고,1,0,0,0,차대사람 - 기타,안전운전불이행,포장 - 건조,맑음,기타 - 기타,승용,남,57세,상해없음,보행자,여,23세,사망
4869,2021081400100044,2021년 8월 14일 06시,토요일,경기도 안성시 금광면,중상사고,0,1,0,0,차대사람 - 기타,안전운전불이행,포장 - 건조,맑음,단일로 - 기타,승용,남,42세,상해없음,보행자,남,37세,중상
4870,2021081400100052,2021년 8월 14일 07시,토요일,경기도 평택시 안중읍,중상사고,0,1,0,0,차대사람 - 횡단중,안전운전불이행,포장 - 건조,맑음,단일로 - 기타,승용,여,63세,상해없음,보행자,여,64세,중상