,사고번호,사고일시,요일,시군구,사고내용,사망자수,중상자수,경상자수,부상신고자수,사고유형,법규위반,노면상태,기상상태,도로형태,가해운전자 차종,가해운전자 성별,가해운전자 연령,가해운전자 상해정도,피해운전자 차종,피해운전자 성별,피해운전자 연령,피해운전자 상해정도
4871,2021081400100090,2021년 8월 14일 09시,토요일,경기도 평택시 안중읍,경상사고,0,0,1,0,차대사람 - 보도통행중,안전운전불이행,포장 - 건조,맑음,단일로 - 기타,승용,여,33세,상해없음,보행자,여,56세,경상
4872,2021081400100092,2021년 8월 14일 09시,토요일,경기도 부천시 심곡본동,중상사고,0,1,0,0,차대사람 - 횡단중,안전운전불이행,포장 - 건조,맑음,교차로 - 교차로안,승용,남,74세,상해없음,보행자,여,81세,중상
4873,2021081400100109,2021년 8월 14일 10시,토요일,경기도 화성시 마도면,중상사고,0,1,0,0,차대사람 - 기타,안전운전불이행,포장 - 건조,맑음,기타 - 기타,화물,남,65세,상해없음,보행자,여,63세,중상
4874,2021081400100128,2021년 8월 14일 11시,토요일,경기도 용인시 기흥구 동백동,중상사고,0,1,0,0,차대사람 - 횡단중,안전운전불이행,포장 - 건조,맑음,교차로 - 교차로안,승용,여,57세,상해없음,보행자,남,48세,중상
4875,2021081400100132,2021년 8월 14일 11시,토요일,경기도 시흥시 장현동,중상사고,0,1,0,0,차대사람 - 횡단중,보행자보호의무위반,포장 - 건조,맑음,교차로 - 교차로안,승용,여,53세,상해없음,보행자,남,16세,중상
4876,2021081400100189,2021년 8월 14일 13시,토요일,경기도 광주시 목현동,중상사고,0,1,1,0,차대사람 - 기타,안전운전불이행,포장 - 건조,맑음,단일로 - 기타,승용,여,34세,경상,보행자,남,61세,중상
4877,2021081400100192,2021년 8월 14일 13시,토요일,경기도 시흥시 신천동,경상사고,0,0,1,0,차대사람 - 길가장자리구역통행중,안전운전불이행,포장 - 건조,맑음,교차로 - 교차로부근,승용,남,53세,상해없음,보행자,남,85세,경상
4878,2021081400100228,2021년 8월 14일 14시,토요일,경기도 이천시 중리동,경상사고,0,0,1,0,차대사람 - 기타,안전운전불이행,포장 - 건조,맑음,단일로 - 기타,승용,여,26세,상해없음,보행자,남,17세,경상
4879,2021081400100346,2021년 8월 14일 17시,토요일,경기도 의정부시 가능동,경상사고,0,0,2,0,차대사람 - 횡단중,신호위반,포장 - 건조,맑음,교차로 - 교차로횡단보도내,이륜,남,28세,상해없음,보행자,여,80세,경상
4880,2021081400100358,2021년 8월 14일 18시,토요일,경기도 양평군 양평읍,경상사고,0,0,1,0,차대사람 - 횡단중,보행자보호의무위반,포장 - 건조,맑음,단일로 - 기타,승용,여,69세,상해없음,보행자,남,42세,경상
4881,2021081400100363,2021년 8월 14일 18시,토요일,경기도 부천시 상동,경상사고,0,0,1,0,차대사람 - 기타,안전운전불이행,포장 - 건조,맑음,기타 - 기타,기타불명,기타불명,미분류,기타불명,보행자,여,33세,경상
4882,2021081400100364,2021년 8월 14일 18시,토요일,경기도 안산시 단원구 대부북동,중상사고,0,1,0,0,차대사람 - 횡단중,안전운전불이행,포장 - 건조,맑음,단일로 - 기타,승용,남,44세,상해없음,보행자,여,81세,중상
4883,2021081400100368,2021년 8월 14일 18시,토요일,경기도 화성시 남양읍,중상사고,0,1,0,0,차대사람 - 횡단중,안전운전불이행,포장 - 건조,맑음,단일로 - 기타,이륜,남,19세,상해없음,보행자,남,17세,중상
4884,2021081400100397,2021년 8월 14일 19시,토요일,경기도 평택시 통복동,경상사고,0,0,1,0,차대사람 - 횡단중,보행자보호의무위반,포장 - 건조,맑음,교차로 - 교차로횡단보도내,승용,남,20세,상해없음,보행자,여,68세,경상
4885,2021081400100398,2021년 8월 14일 19시,토요일,경기도 평택시 팽성읍,경상사고,0,0,2,0,차대사람 - 차도통행중,안전운전불이행,포장 - 건조,맑음,주차장 - 주차장,화물,남,64세,상해없음,보행자,여,27세,경상
4886,2021081400100436,2021년 8월 14일 20시,토요일,경기도 시흥시 은행동,경상사고,0,0,1,0,차대사람 - 횡단중,보행자보호의무위반,포장 - 젖음/습기,흐림,기타 - 기타,승용,남,49세,상해없음,보행자,남,64세,경상
4887,2021081400100461,2021년 8월 14일 21시,토요일,경기도 시흥시 정왕동,중상사고,0,2,0,0,차대사람 - 차도통행중,안전운전불이행,포장 - 건조,맑음,교차로 - 교차로안,승용,남,30세,상해없음,보행자,남,26세,중상
4888,2021081400100476,2021년 8월 14일 21시,토요일,경기도 남양주시 화도읍,경상사고,0,0,1,0,차대사람 - 길가장자리구역통행중,안전운전불이행,포장 - 건조,맑음,단일로 - 기타,개인형이동수단(PM),남,28세,상해없음,보행자,남,47세,경상
4889,2021081500100058,2021년 8월 15일 08시,일요일,경기도 여주시 세종대왕면,중상사고,0,1,0,0,차대사람 - 기타,안전운전불이행,포장 - 건조,맑음,단일로 - 기타,승용,남,60세,상해없음,보행자,여,77세,중상
4890,2021081500100079,2021년 8월 15일 10시,일요일,경기도 광주시 송정동,사망사고,1,0,0,0,차대사람 - 횡단중,보행자보호의무위반,포장 - 건조,맑음,교차로 - 교차로횡단보도내,화물,남,64세,상해없음,보행자,여,71세,사망
4891,2021081500100099,2021년 8월 15일 11시,일요일,경기도 수원시 장안구 이목동,경상사고,0,0,1,0,차대사람 - 기타,안전운전불이행,포장 - 건조,맑음,단일로 - 고가도로위,화물,남,44세,상해없음,보행자,남,48세,경상
4892,2021081500100103,2021년 8월 15일 11시,일요일,경기도 수원시 권선구 세류동,중상사고,0,1,0,0,차대사람 - 횡단중,신호위반,포장 - 건조,맑음,교차로 - 교차로횡단보도내,승용,여,26세,상해없음,보행자,여,26세,중상
4893,2021081500100161,2021년 8월 15일 13시,일요일,경기도 부천시 춘의동,경상사고,0,0,1,0,차대사람 - 기타,안전운전불이행,포장 - 건조,맑음,단일로 - 기타,승용,여,42세,상해없음,보행자,여,65세,경상
4894,2021081500100250,2021년 8월 15일 16시,일요일,경기도 이천시 장호원읍,사망사고,1,0,0,0,차대사람 - 기타,안전운전불이행,포장 - 건조,맑음,교차로 - 교차로부근,화물,남,61세,상해없음,보행자,남,84세,사망
4895,2021081500100287,2021년 8월 15일 17시,일요일,경기도 김포시 감정동,경상사고,0,0,1,0,차대사람 - 기타,안전운전불이행,포장 - 건조,맑음,주차장 - 주차장,승용,남,65세,상해없음,보행자,남,23세,경상
4896,2021081500100302,2021년 8월 15일 17시,일요일,경기도 구리시 수택동,중상사고,0,1,0,0,차대사람 - 기타,안전운전불이행,포장 - 건조,맑음,단일로 - 기타,승용,남,57세,상해없음,보행자,여,21세,중상
4897,2021081500100317,2021년 8월 15일 18시,일요일,경기도 광명시 철산동,부상신고사고,0,0,0,1,차대사람 - 보도통행중,안전운전불이행,포장 - 건조,맑음,단일로 - 기타,기타불명,기타불명,미분류,기타불명,보행자,여,21세,부상신고
4898,2021081500100353,2021년 8월 15일 20시,일요일,경기도 평택시 서정동,경상사고,0,0,1,0,차대사람 - 기타,안전운전불이행,포장 - 건조,맑음,단일로 - 기타,승용,여,27세,상해없음,보행자,남,64세,경상
4899,2021081500100354,2021년 8월 15일 20시,일요일,경기도 평택시 안중읍,부상신고사고,0,0,0,1,차대사람 - 기타,안전운전불이행,포장 - 건조,맑음,기타 - 기타,기타불명,기타불명,미분류,기타불명,보행자,남,33세,부상신고
4900,2021081500100357,2021년 8월 15일 20시,일요일,경기도 성남시 중원구 상대원동,중상사고,0,1,0,0,차대사람 - 기타,안전운전불이행,포장 - 건조,맑음,단일로 - 기타,화물,남,66세,상해없음,보행자,남,63세,중상
4901,2021081500100358,2021년 8월 15일 20시,일요일,경기도 시흥시 대야동,중상사고,0,1,0,0,차대사람 - 횡단중,보행자보호의무위반,포장 - 건조,맑음,교차로 - 교차로횡단보도내,승용,남,42세,상해없음,보행자,여,49세,중상
4902,2021081500100420,2021년 8월 15일 23시,일요일,경기도 파주시 야당동,경상사고,0,0,1,0,차대사람 - 횡단중,신호위반,포장 - 건조,맑음,교차로 - 교차로횡단보도내,승용,남,47세,상해없음,보행자,여,21세,경상
4903,2021081600100022,2021년 8월 16일 06시,월요일,경기도 광명시 광명동,중상사고,0,1,0,0,차대사람 - 기타,안전운전불이행,포장 - 건조,맑음,교차로 - 교차로안,승용,남,68세,기타불명,보행자,남,74세,중상
4904,2021081600100023,2021년 8월 16일 06시,월요일,경기도 화성시 정남면,중상사고,0,1,0,0,차대사람 - 기타,기타,포장 - 건조,맑음,교차로 - 교차로부근,승용,남,22세,상해없음,보행자,여,76세,중상
4905,2021081600100055,2021년 8월 16일 08시,월요일,경기도 남양주시 금곡동,중상사고,0,1,0,0,차대사람 - 기타,안전운전불이행,포장 - 건조,맑음,단일로 - 기타,승용,남,53세,상해없음,보행자,여,62세,중상
4906,2021081600100060,2021년 8월 16일 09시,월요일,경기도 성남시 분당구 야탑동,중상사고,0,1,0,0,차대사람 - 기타,안전운전불이행,포장 - 건조,맑음,단일로 - 기타,자전거,여,53세,상해없음,보행자,여,50세,중상
4907,2021081600100102,2021년 8월 16일 11시,월요일,경기도 화성시 양감면,중상사고,0,1,0,0,차대사람 - 기타,안전운전불이행,포장 - 건조,맑음,단일로 - 기타,승용,남,57세,상해없음,보행자,남,26세,중상
4908,2021081600100166,2021년 8월 16일 13시,월요일,경기도 안산시 상록구 이동,경상사고,0,0,1,0,차대사람 - 기타,안전운전불이행,포장 - 건조,맑음,교차로 - 교차로부근,승용,남,52세,상해없음,보행자,여,45세,경상
4909,2021081600100193,2021년 8월 16일 13시,월요일,경기도 고양시 덕양구 행신동,경상사고,0,0,1,0,차대사람 - 보도통행중,기타,포장 - 건조,맑음,단일로 - 기타,승용,남,65세,상해없음,보행자,여,29세,경상
4910,2021081600100305,2021년 8월 16일 17시,월요일,경기도 평택시 지산동,경상사고,0,0,1,0,차대사람 - 기타,보행자보호의무위반,포장 - 건조,맑음,단일로 - 기타,승용,여,36세,상해없음,보행자,남,42세,경상
4911,2021081600100307,2021년 8월 16일 17시,월요일,경기도 여주시 가남읍,경상사고,0,0,1,0,차대사람 - 기타,안전운전불이행,포장 - 건조,맑음,단일로 - 기타,승용,여,64세,상해없음,보행자,남,64세,경상
4912,2021081600100333,2021년 8월 16일 17시,월요일,경기도 고양시 덕양구 고양동,경상사고,0,0,1,0,차대사람 - 횡단중,보행자보호의무위반,포장 - 건조,맑음,교차로 - 교차로횡단보도내,화물,남,64세,상해없음,보행자,여,66세,경상
4913,2021081600100398,2021년 8월 16일 20시,월요일,경기도 안산시 단원구 와동,중상사고,0,1,0,0,차대사람 - 기타,보행자보호의무위반,포장 - 건조,맑음,단일로 - 기타,이륜,남,20세,상해없음,보행자,여,48세,중상
4914,2021081600100400,2021년 8월 16일 20시,월요일,경기도 화성시 남양읍,중상사고,0,1,0,0,차대사람 - 횡단중,보행자보호의무위반,포장 - 건조,맑음,교차로 - 교차로횡단보도내,승용,남,49세,상해없음,보행자,남,53세,중상
4915,2021081600100447,2021년 8월 16일 22시,월요일,경기도 김포시 풍무동,경상사고,0,0,2,0,차대사람 - 보도통행중,기타,포장 - 젖음/습기,비,교차로 - 교차로안,이륜,남,27세,상해없음,보행자,여,64세,경상
4916,2021081600100470,2021년 8월 16일 23시,월요일,경기도 구리시 토평동,경상사고,0,0,1,0,차대사람 - 기타,안전운전불이행,포장 - 건조,맑음,기타 - 기타,자전거,남,36세,상해없음,보행자,여,50세,경상
4917,2021081700100133,2021년 8월 17일 10시,화요일,경기도 광주시 경안동,중상사고,0,1,0,0,차대사람 - 횡단중,안전운전불이행,포장 - 건조,맑음,교차로 - 교차로안,승용,남,70세,상해없음,보행자,남,77세,중상
4918,2021081700100135,2021년 8월 17일 10시,화요일,경기도 하남시 망월동,중상사고,0,1,0,0,차대사람 - 보도통행중,보행자보호의무위반,포장 - 건조,맑음,교차로 - 교차로횡단보도내,승용,여,47세,상해없음,보행자,여,54세,중상
4919,2021081700100161,2021년 8월 17일 10시,화요일,경기도 연천군 연천읍,경상사고,0,0,1,0,차대사람 - 횡단중,안전운전불이행,포장 - 건조,맑음,교차로 - 교차로안,화물,남,57세,상해없음,보행자,여,82세,경상
4920,2021081700100172,2021년 8월 17일 11시,화요일,경기도 부천시 상동,경상사고,0,0,1,0,차대사람 - 기타,안전운전불이행,포장 - 건조,맑음,기타 - 기타,이륜,남,68세,상해없음,보행자,남,11세,경상
4921,2021081700100177,2021년 8월 17일 11시,화요일,경기도 용인시 수지구 성복동,경상사고,0,0,1,0,차대사람 - 횡단중,안전운전불이행,포장 - 건조,맑음,교차로 - 교차로안,승용,여,45세,상해없음,보행자,여,63세,경상
4922,2021081700100241,2021년 8월 17일 13시,화요일,경기도 광명시 철산동,중상사고,0,1,0,0,차대사람 - 횡단중,보행자보호의무위반,포장 - 건조,맑음,단일로 - 기타,원동기,남,17세,상해없음,보행자,여,56세,중상
4923,2021081700100261,2021년 8월 17일 13시,화요일,경기도 고양시 덕양구 덕은동,중상사고,0,1,0,0,차대사람 - 기타,안전운전불이행,포장 - 건조,맑음,단일로 - 기타,승용,여,35세,상해없음,보행자,남,70세,중상
4924,2021081700100263,2021년 8월 17일 13시,화요일,경기도 파주시 금촌동,중상사고,0,1,0,0,차대사람 - 횡단중,신호위반,포장 - 건조,맑음,교차로 - 교차로안,승합,여,54세,상해없음,보행자,여,51세,중상
4925,2021081700100274,2021년 8월 17일 14시,화요일,경기도 오산시 오산동,부상신고사고,0,0,0,1,차대사람 - 기타,기타,포장 - 건조,맑음,단일로 - 기타,승합,남,59세,상해없음,보행자,남,57세,부상신고
4926,2021081700100315,2021년 8월 17일 15시,화요일,경기도 화성시 향남읍,중상사고,0,1,0,0,차대사람 - 기타,보행자보호의무위반,포장 - 건조,맑음,단일로 - 기타,승용,남,48세,상해없음,보행자,여,76세,중상
4927,2021081700100397,2021년 8월 17일 17시,화요일,경기도 수원시 권선구 곡반정동,중상사고,0,1,0,0,차대사람 - 횡단중,보행자보호의무위반,포장 - 건조,맑음,단일로 - 기타,자전거,남,17세,상해없음,보행자,여,74세,중상
4928,2021081700100461,2021년 8월 17일 18시,화요일,경기도 의정부시 장암동,중상사고,0,1,0,0,차대사람 - 기타,안전운전불이행,포장 - 기타,기타,기타 - 기타,자전거,남,49세,상해없음,보행자,남,62세,중상
4929,2021081700100473,2021년 8월 17일 19시,화요일,경기도 군포시 산본동,중상사고,0,1,0,0,차대사람 - 횡단중,보행자보호의무위반,포장 - 젖음/습기,비,단일로 - 기타,승용,여,30세,상해없음,보행자,남,36세,중상
4930,2021081700100493,2021년 8월 17일 19시,화요일,경기도 고양시 덕양구 원흥동,부상신고사고,0,0,0,1,차대사람 - 횡단중,보행자보호의무위반,포장 - 젖음/습기,비,교차로 - 교차로안,승용,여,32세,상해없음,보행자,남,47세,부상신고
4931,2021081700100496,2021년 8월 17일 19시,화요일,경기도 고양시 일산서구 탄현동,부상신고사고,0,0,0,1,차대사람 - 횡단중,보행자보호의무위반,포장 - 젖음/습기,비,교차로 - 교차로횡단보도내,기타불명,기타불명,미분류,기타불명,보행자,여,26세,부상신고
4932,2021081700100510,2021년 8월 17일 20시,화요일,경기도 시흥시 목감동,경상사고,0,0,1,0,차대사람 - 횡단중,보행자보호의무위반,포장 - 젖음/습기,비,교차로 - 교차로횡단보도내,승용,남,60세,상해없음,보행자,남,51세,경상
4933,2021081700100542,2021년 8월 17일 21시,화요일,경기도 안산시 상록구 사동,중상사고,0,1,0,0,차대사람 - 횡단중,신호위반,포장 - 젖음/습기,비,교차로 - 교차로안,원동기,남,17세,상해없음,보행자,여,53세,중상
4934,2021081700100556,2021년 8월 17일 21시,화요일,경기도 구리시 수택동,경상사고,0,0,2,0,차대사람 - 횡단중,신호위반,포장 - 젖음/습기,비,교차로 - 교차로안,이륜,남,41세,상해없음,보행자,남,41세,경상
4935,2021081800100007,2021년 8월 18일 00시,수요일,경기도 고양시 일산동구 중산동,중상사고,0,1,0,0,차대사람 - 기타,불법유턴,포장 - 건조,흐림,주차장 - 주차장,승용,남,29세,상해없음,보행자,남,60세,중상
4936,2021081800100016,2021년 8월 18일 04시,수요일,경기도 성남시 중원구 상대원동,중상사고,0,1,0,0,차대사람 - 기타,보행자보호의무위반,포장 - 건조,맑음,단일로 - 기타,승합,남,62세,상해없음,보행자,여,71세,중상
4937,2021081800100025,2021년 8월 18일 05시,수요일,경기도 연천군 신서면,사망사고,1,0,0,0,차대사람 - 횡단중,과속,포장 - 건조,맑음,단일로 - 기타,승용,남,27세,상해없음,보행자,여,78세,사망
4938,2021081800100047,2021년 8월 18일 07시,수요일,경기도 의왕시 내손동,중상사고,0,1,0,0,차대사람 - 횡단중,신호위반,포장 - 젖음/습기,비,교차로 - 교차로횡단보도내,이륜,남,22세,상해없음,보행자,여,77세,중상
4939,2021081800100085,2021년 8월 18일 08시,수요일,경기도 구리시 인창동,경상사고,0,0,1,0,차대사람 - 기타,안전운전불이행,포장 - 젖음/습기,비,단일로 - 기타,승용,남,57세,상해없음,보행자,여,60세,경상
4940,2021081800100142,2021년 8월 18일 10시,수요일,경기도 의정부시 장암동,중상사고,0,1,0,0,차대사람 - 횡단중,안전운전불이행,포장 - 건조,맑음,교차로 - 교차로안,승용,여,68세,상해없음,보행자,남,69세,중상
4941,2021081800100143,2021년 8월 18일 10시,수요일,경기도 의정부시 의정부동,중상사고,0,1,0,0,차대사람 - 횡단중,안전운전불이행,포장 - 젖음/습기,비,단일로 - 기타,화물,남,30세,상해없음,보행자,여,80세,중상
4942,2021081800100179,2021년 8월 18일 11시,수요일,경기도 고양시 덕양구 행신동,경상사고,0,0,1,0,차대사람 - 횡단중,신호위반,포장 - 건조,맑음,교차로 - 교차로횡단보도내,승용,남,65세,상해없음,보행자,남,82세,경상
4943,2021081800100206,2021년 8월 18일 12시,수요일,경기도 파주시 금촌동,경상사고,0,0,1,0,차대사람 - 기타,안전운전불이행,포장 - 건조,맑음,단일로 - 기타,승용,남,76세,상해없음,보행자,남,80세,경상
4944,2021081800100228,2021년 8월 18일 13시,수요일,경기도 시흥시 월곶동,사망사고,1,0,0,0,차대사람 - 기타,안전운전불이행,포장 - 건조,맑음,단일로 - 기타,화물,남,53세,상해없음,보행자,여,62세,사망
4945,2021081800100247,2021년 8월 18일 13시,수요일,경기도 의정부시 금오동,경상사고,0,0,1,0,차대사람 - 보도통행중,안전운전불이행,포장 - 건조,맑음,단일로 - 기타,승용,남,44세,상해없음,보행자,남,56세,경상
4946,2021081800100256,2021년 8월 18일 14시,수요일,경기도 부천시 중동,경상사고,0,0,1,0,차대사람 - 차도통행중,안전운전불이행,포장 - 건조,맑음,단일로 - 기타,승용,여,46세,상해없음,보행자,여,41세,경상
4947,2021081800100288,2021년 8월 18일 15시,수요일,경기도 광주시 초월읍,경상사고,0,0,1,0,차대사람 - 기타,안전운전불이행,포장 - 건조,맑음,기타 - 기타,승용,남,69세,상해없음,보행자,여,61세,경상
4948,2021081800100360,2021년 8월 18일 17시,수요일,경기도 이천시 송정동,경상사고,0,0,1,0,차대사람 - 횡단중,보행자보호의무위반,포장 - 건조,맑음,단일로 - 기타,승합,남,46세,상해없음,보행자,여,10세,경상
4949,2021081800100365,2021년 8월 18일 17시,수요일,경기도 시흥시 신천동,중상사고,0,1,0,0,차대사람 - 기타,안전운전불이행,포장 - 건조,맑음,교차로 - 교차로안,승용,남,59세,상해없음,보행자,여,47세,중상
4950,2021081800100408,2021년 8월 18일 18시,수요일,경기도 수원시 장안구 파장동,중상사고,0,1,0,0,차대사람 - 기타,안전운전불이행,포장 - 건조,맑음,기타 - 기타,승용,남,60세,상해없음,보행자,여,82세,중상
4951,2021081800100409,2021년 8월 18일 18시,수요일,경기도 성남시 수정구 태평동,경상사고,0,0,1,0,차대사람 - 기타,안전운전불이행,포장 - 건조,맑음,교차로 - 교차로부근,승용,여,32세,상해없음,보행자,여,68세,경상
4952,2021081800100447,2021년 8월 18일 18시,수요일,경기도 의정부시 고산동,경상사고,0,0,1,0,차대사람 - 기타,안전운전불이행,포장 - 건조,맑음,교차로 - 교차로안,승용,여,67세,상해없음,보행자,남,41세,경상
4953,2021081800100456,2021년 8월 18일 19시,수요일,경기도 평택시 안중읍,경상사고,0,0,1,0,차대사람 - 횡단중,신호위반,포장 - 젖음/습기,비,단일로 - 기타,기타불명,기타불명,미분류,기타불명,보행자,여,15세,경상
4954,2021081800100457,2021년 8월 18일 19시,수요일,경기도 안성시 계동,부상신고사고,0,0,0,1,차대사람 - 기타,보행자보호의무위반,포장 - 건조,맑음,교차로 - 교차로횡단보도내,승용,남,55세,상해없음,보행자,남,44세,부상신고
4955,2021081800100459,2021년 8월 18일 19시,수요일,경기도 부천시 심곡동,경상사고,0,0,1,0,차대사람 - 기타,안전운전불이행,포장 - 건조,맑음,단일로 - 기타,화물,남,47세,상해없음,보행자,남,34세,경상
4956,2021081800100465,2021년 8월 18일 19시,수요일,경기도 수원시 팔달구 매산로2가,경상사고,0,0,1,0,차대사람 - 기타,보행자보호의무위반,포장 - 건조,맑음,교차로 - 교차로부근,승용,여,41세,상해없음,보행자,남,32세,경상
4957,2021081800100490,2021년 8월 18일 19시,수요일,경기도 파주시 금촌동,중상사고,0,1,0,0,차대사람 - 기타,안전운전불이행,포장 - 건조,맑음,단일로 - 기타,개인형이동수단(PM),남,16세,상해없음,보행자,여,42세,중상
4958,2021081800100500,2021년 8월 18일 20시,수요일,경기도 군포시 금정동,중상사고,0,1,0,0,차대사람 - 기타,안전운전불이행,포장 - 건조,맑음,기타 - 기타,승용,남,28세,상해없음,보행자,여,14세,중상
4959,2021081800100501,2021년 8월 18일 20시,수요일,경기도 화성시 향남읍,중상사고,0,1,0,0,차대사람 - 횡단중,안전운전불이행,포장 - 젖음/습기,맑음,교차로 - 교차로안,이륜,남,24세,상해없음,보행자,남,43세,중상
4960,2021081800100553,2021년 8월 18일 22시,수요일,경기도 용인시 기흥구 신갈동,경상사고,0,0,1,0,차대사람 - 기타,중앙선침범,포장 - 건조,맑음,단일로 - 기타,승용,남,38세,상해없음,보행자,여,53세,경상
4961,2021081800100555,2021년 8월 18일 22시,수요일,경기도 성남시 분당구 서현동,경상사고,0,0,1,0,차대사람 - 기타,중앙선침범,포장 - 건조,맑음,단일로 - 기타,개인형이동수단(PM),여,18세,상해없음,보행자,남,44세,경상
4962,2021081800100583,2021년 8월 18일 23시,수요일,경기도 수원시 팔달구 인계동,중상사고,0,1,0,0,차대사람 - 기타,안전운전불이행,포장 - 건조,맑음,단일로 - 기타,승합,남,57세,상해없음,보행자,남,59세,중상
4963,2021081900100007,2021년 8월 19일 01시,목요일,경기도 평택시 평택동,경상사고,0,0,1,0,차대사람 - 길가장자리구역통행중,안전운전불이행,포장 - 건조,맑음,기타 - 기타,승용,남,23세,상해없음,보행자,남,23세,경상
4964,2021081900100060,2021년 8월 19일 08시,목요일,경기도 성남시 수정구 창곡동,중상사고,0,1,0,0,차대사람 - 기타,안전운전불이행,포장 - 건조,맑음,교차로 - 교차로안,승용,여,48세,상해없음,보행자,여,13세,중상
4965,2021081900100061,2021년 8월 19일 08시,목요일,경기도 부천시 도당동,경상사고,0,0,1,0,차대사람 - 기타,안전운전불이행,포장 - 건조,맑음,단일로 - 기타,자전거,남,43세,상해없음,보행자,여,50세,경상
4966,2021081900100099,2021년 8월 19일 09시,목요일,경기도 부천시 중동,경상사고,0,0,1,0,차대사람 - 기타,보행자보호의무위반,포장 - 건조,맑음,교차로 - 교차로횡단보도내,승합,남,66세,상해없음,보행자,남,34세,경상
4967,2021081900100250,2021년 8월 19일 13시,목요일,경기도 수원시 팔달구 고등동,경상사고,0,0,1,0,차대사람 - 기타,안전운전불이행,포장 - 건조,맑음,단일로 - 기타,승용,남,56세,상해없음,보행자,남,60세,경상
4968,2021081900100269,2021년 8월 19일 13시,목요일,경기도 구리시 갈매동,경상사고,0,0,1,0,차대사람 - 횡단중,보행자보호의무위반,포장 - 건조,맑음,단일로 - 기타,승용,남,47세,상해없음,보행자,남,7세,경상
4969,2021081900100279,2021년 8월 19일 14시,목요일,경기도 시흥시 신천동,중상사고,0,1,0,0,차대사람 - 횡단중,안전운전불이행,포장 - 건조,맑음,교차로 - 교차로안,승용,남,40세,상해없음,보행자,남,69세,중상
4970,2021081900100311,2021년 8월 19일 15시,목요일,경기도 오산시 원동,경상사고,0,0,1,0,차대사람 - 횡단중,안전운전불이행,포장 - 건조,맑음,교차로 - 교차로안,승용,남,48세,상해없음,보행자,남,6세,경상
4971,2021081900100354,2021년 8월 19일 16시,목요일,경기도 김포시 통진읍,중상사고,0,1,0,0,차대사람 - 기타,안전운전불이행,포장 - 건조,맑음,교차로 - 교차로안,승용,남,47세,상해없음,보행자,남,51세,중상
4972,2021081900100380,2021년 8월 19일 16시,목요일,경기도 고양시 덕양구 도내동,중상사고,0,1,0,0,차대사람 - 횡단중,보행자보호의무위반,포장 - 건조,맑음,교차로 - 교차로안,승합,남,69세,상해없음,보행자,여,7세,중상
4973,2021081900100381,2021년 8월 19일 16시,목요일,경기도 파주시 산남동,중상사고,0,1,0,0,차대사람 - 기타,안전운전불이행,포장 - 건조,맑음,단일로 - 기타,화물,남,48세,상해없음,보행자,남,59세,중상
4974,2021081900100383,2021년 8월 19일 16시,목요일,경기도 남양주시 진접읍,중상사고,0,1,0,0,차대사람 - 기타,안전운전불이행,포장 - 건조,맑음,주차장 - 주차장,화물,남,58세,상해없음,보행자,여,78세,중상
4975,2021081900100427,2021년 8월 19일 17시,목요일,경기도 고양시 일산서구 대화동,중상사고,0,1,0,0,차대사람 - 기타,안전운전불이행,포장 - 건조,맑음,단일로 - 기타,화물,남,32세,상해없음,보행자,남,54세,중상
4976,2021081900100474,2021년 8월 19일 19시,목요일,경기도 수원시 장안구 정자동,경상사고,0,0,1,0,차대사람 - 횡단중,보행자보호의무위반,포장 - 건조,흐림,교차로 - 교차로안,승용,여,47세,상해없음,보행자,여,48세,경상
4977,2021081900100476,2021년 8월 19일 19시,목요일,경기도 평택시 통복동,중상사고,0,1,0,0,차대사람 - 기타,안전운전불이행,포장 - 건조,맑음,교차로 - 교차로부근,이륜,남,27세,상해없음,보행자,여,28세,중상
4978,2021081900100478,2021년 8월 19일 19시,목요일,경기도 안산시 단원구 원곡동,경상사고,0,0,1,0,차대사람 - 차도통행중,안전운전불이행,포장 - 젖음/습기,비,교차로 - 교차로부근,승용,남,21세,상해없음,보행자,남,61세,경상
4979,2021081900100528,2021년 8월 19일 20시,목요일,경기도 고양시 덕양구 도내동,중상사고,0,1,0,0,차대사람 - 횡단중,신호위반,포장 - 건조,맑음,교차로 - 교차로안,화물,남,74세,상해없음,보행자,여,37세,중상
4980,2021081900100534,2021년 8월 19일 21시,목요일,경기도 용인시 처인구 삼가동,중상사고,0,1,0,0,차대사람 - 차도통행중,교차로운행방법위반,포장 - 건조,맑음,교차로 - 교차로안,승용,남,59세,상해없음,보행자,남,18세,중상
4981,2021082000100063,2021년 8월 20일 08시,금요일,경기도 부천시 송내동,경상사고,0,0,1,0,차대사람 - 기타,중앙선침범,포장 - 기타,맑음,단일로 - 기타,승용,남,73세,상해없음,보행자,여,35세,경상
4982,2021082000100117,2021년 8월 20일 10시,금요일,경기도 안산시 상록구 본오동,경상사고,0,0,1,0,차대사람 - 기타,안전운전불이행,포장 - 건조,맑음,단일로 - 기타,승용,여,45세,상해없음,보행자,남,65세,경상
4983,2021082000100138,2021년 8월 20일 10시,금요일,경기도 의정부시 가능동,중상사고,0,1,0,0,차대사람 - 기타,기타,포장 - 건조,맑음,기타 - 기타,화물,여,51세,상해없음,보행자,여,81세,중상