,사고번호,사고일시,요일,시군구,사고내용,사망자수,중상자수,경상자수,부상신고자수,사고유형,법규위반,노면상태,기상상태,도로형태,가해운전자 차종,가해운전자 성별,가해운전자 연령,가해운전자 상해정도,피해운전자 차종,피해운전자 성별,피해운전자 연령,피해운전자 상해정도
4984,2021082000100139,2021년 8월 20일 10시,금요일,경기도 가평군 조종면,경상사고,0,0,1,0,차대사람 - 기타,안전운전불이행,포장 - 건조,맑음,단일로 - 기타,화물,남,43세,상해없음,보행자,남,38세,경상
4985,2021082000100190,2021년 8월 20일 12시,금요일,경기도 오산시 궐동,부상신고사고,0,0,0,1,차대사람 - 길가장자리구역통행중,안전운전불이행,포장 - 건조,맑음,단일로 - 기타,화물,남,54세,상해없음,보행자,남,29세,부상신고
4986,2021082000100191,2021년 8월 20일 12시,금요일,경기도 광명시 철산동,경상사고,0,0,1,0,차대사람 - 횡단중,신호위반,포장 - 건조,맑음,교차로 - 교차로횡단보도내,이륜,남,29세,상해없음,보행자,남,11세,경상
4987,2021082000100226,2021년 8월 20일 13시,금요일,경기도 이천시 중리동,경상사고,0,0,1,0,차대사람 - 기타,안전운전불이행,포장 - 건조,맑음,단일로 - 기타,개인형이동수단(PM),여,16세,상해없음,보행자,남,28세,경상
4988,2021082000100279,2021년 8월 20일 14시,금요일,경기도 시흥시 거모동,경상사고,0,0,1,0,차대사람 - 기타,안전운전불이행,포장 - 건조,맑음,단일로 - 기타,승용,여,61세,상해없음,보행자,남,33세,경상
4989,2021082000100316,2021년 8월 20일 15시,금요일,경기도 하남시 망월동,경상사고,0,0,1,0,차대사람 - 기타,안전운전불이행,포장 - 건조,맑음,교차로 - 교차로부근,승합,남,60세,상해없음,보행자,남,38세,경상
4990,2021082000100333,2021년 8월 20일 15시,금요일,경기도 남양주시 다산동,경상사고,0,0,1,0,차대사람 - 보도통행중,보행자보호의무위반,포장 - 건조,맑음,교차로 - 교차로횡단보도내,승용,남,57세,상해없음,보행자,여,10세,경상
4991,2021082000100334,2021년 8월 20일 15시,금요일,경기도 구리시 인창동,경상사고,0,0,2,0,차대사람 - 기타,안전운전불이행,포장 - 건조,맑음,단일로 - 기타,자전거,여,75세,경상,보행자,여,39세,경상
4992,2021082000100335,2021년 8월 20일 15시,금요일,경기도 이천시 신둔면,경상사고,0,0,2,0,차대사람 - 기타,안전운전불이행,포장 - 건조,맑음,주차장 - 주차장,화물,남,62세,상해없음,보행자,여,46세,경상
4993,2021082000100354,2021년 8월 20일 16시,금요일,경기도 하남시 신장동,부상신고사고,0,0,0,1,차대사람 - 기타,안전운전불이행,포장 - 건조,맑음,기타 - 기타,기타불명,기타불명,미분류,기타불명,보행자,여,34세,상해없음
4994,2021082000100378,2021년 8월 20일 16시,금요일,경기도 의정부시 의정부동,중상사고,0,1,0,0,차대사람 - 기타,기타,포장 - 건조,맑음,단일로 - 기타,승합,남,44세,상해없음,보행자,여,77세,중상
4995,2021082000100394,2021년 8월 20일 17시,금요일,경기도 성남시 수정구 창곡동,중상사고,0,1,0,0,차대사람 - 기타,안전운전불이행,포장 - 건조,맑음,교차로 - 교차로부근,승용,여,46세,상해없음,보행자,여,56세,중상
4996,2021082000100395,2021년 8월 20일 17시,금요일,경기도 평택시 통복동,경상사고,0,0,1,0,차대사람 - 기타,안전운전불이행,포장 - 건조,맑음,단일로 - 기타,승용,남,56세,상해없음,보행자,남,25세,경상
4997,2021082000100410,2021년 8월 20일 17시,금요일,경기도 화성시 방교동,중상사고,0,1,0,0,차대사람 - 기타,안전운전불이행,포장 - 젖음/습기,흐림,단일로 - 기타,자전거,남,22세,상해없음,보행자,여,42세,중상
4998,2021082000100453,2021년 8월 20일 18시,금요일,경기도 안산시 상록구 이동,중상사고,0,1,0,0,차대사람 - 횡단중,안전운전불이행,포장 - 건조,맑음,단일로 - 기타,승용,여,26세,상해없음,보행자,남,29세,중상
4999,2021082000100484,2021년 8월 20일 18시,금요일,경기도 남양주시 퇴계원읍,경상사고,0,0,1,0,차대사람 - 길가장자리구역통행중,안전운전불이행,포장 - 건조,맑음,교차로 - 교차로부근,승용,남,25세,상해없음,보행자,남,80세,경상
5000,2021082000100536,2021년 8월 20일 20시,금요일,경기도 이천시 창전동,경상사고,0,0,1,0,차대사람 - 횡단중,보행자보호의무위반,포장 - 건조,맑음,교차로 - 교차로부근,이륜,남,18세,기타불명,보행자,여,29세,경상
5001,2021082000100573,2021년 8월 20일 21시,금요일,경기도 김포시 고촌읍,경상사고,0,0,1,0,차대사람 - 기타,안전운전불이행,포장 - 건조,맑음,단일로 - 기타,승용,남,58세,상해없음,보행자,남,40세,경상
5002,2021082000100575,2021년 8월 20일 21시,금요일,경기도 성남시 중원구 상대원동,중상사고,0,1,0,0,차대사람 - 횡단중,보행자보호의무위반,포장 - 건조,맑음,교차로 - 교차로횡단보도내,승용,남,32세,상해없음,보행자,남,56세,중상
5003,2021082000100607,2021년 8월 20일 22시,금요일,경기도 안양시 동안구 평촌동,중상사고,0,1,0,0,차대사람 - 기타,안전운전불이행,포장 - 건조,맑음,교차로 - 교차로횡단보도내,승용,여,30세,상해없음,보행자,남,15세,중상
5004,2021082000100609,2021년 8월 20일 22시,금요일,경기도 안산시 단원구 고잔동,경상사고,0,0,1,0,차대사람 - 기타,보행자보호의무위반,포장 - 건조,맑음,단일로 - 기타,기타불명,기타불명,미분류,기타불명,보행자,남,28세,경상
5005,2021082000100646,2021년 8월 20일 23시,금요일,경기도 고양시 덕양구 대장동,중상사고,0,1,2,0,차대사람 - 횡단중,신호위반,포장 - 침수,비,기타 - 기타,이륜,남,24세,경상,보행자,남,23세,중상
5006,2021082100100044,2021년 8월 21일 07시,토요일,경기도 군포시 금정동,경상사고,0,0,1,0,차대사람 - 기타,안전운전불이행,포장 - 건조,맑음,단일로 - 기타,승용,남,40세,상해없음,보행자,남,56세,경상
5007,2021082100100052,2021년 8월 21일 07시,토요일,경기도 양주시 백석읍,중상사고,0,1,0,0,차대사람 - 기타,안전운전불이행,포장 - 건조,맑음,단일로 - 기타,기타불명,기타불명,미분류,기타불명,보행자,여,70세,중상
5008,2021082100100055,2021년 8월 21일 08시,토요일,경기도 군포시 당정동,중상사고,0,1,0,0,차대사람 - 횡단중,중앙선침범,포장 - 젖음/습기,비,교차로 - 교차로안,승용,남,52세,상해없음,보행자,여,37세,중상
5009,2021082100100056,2021년 8월 21일 08시,토요일,경기도 성남시 중원구 여수동,중상사고,0,1,0,0,차대사람 - 기타,안전운전불이행,포장 - 건조,맑음,기타 - 기타,승합,남,68세,상해없음,보행자,여,74세,중상
5010,2021082100100085,2021년 8월 21일 09시,토요일,경기도 고양시 덕양구 화정동,경상사고,0,0,1,0,차대사람 - 횡단중,보행자보호의무위반,포장 - 젖음/습기,비,교차로 - 교차로안,승용,남,72세,상해없음,보행자,여,42세,경상
5011,2021082100100095,2021년 8월 21일 10시,토요일,경기도 성남시 수정구 수진동,중상사고,0,1,0,0,차대사람 - 기타,안전운전불이행,포장 - 젖음/습기,비,단일로 - 기타,승용,남,70세,상해없음,보행자,여,67세,중상
5012,2021082100100098,2021년 8월 21일 10시,토요일,경기도 안산시 상록구 사동,중상사고,0,1,0,0,차대사람 - 횡단중,안전운전불이행,포장 - 젖음/습기,비,교차로 - 교차로횡단보도내,승용,남,55세,상해없음,보행자,남,69세,중상
5013,2021082100100117,2021년 8월 21일 11시,토요일,경기도 수원시 팔달구 화서동,경상사고,0,0,1,0,차대사람 - 기타,신호위반,포장 - 젖음/습기,비,단일로 - 기타,이륜,남,23세,기타불명,보행자,남,52세,경상
5014,2021082100100120,2021년 8월 21일 11시,토요일,경기도 오산시 원동,부상신고사고,0,0,0,1,차대사람 - 횡단중,보행자보호의무위반,포장 - 젖음/습기,비,교차로 - 교차로안,승합,남,58세,상해없음,보행자,여,29세,부상신고
5015,2021082100100156,2021년 8월 21일 12시,토요일,경기도 성남시 수정구 창곡동,중상사고,0,1,0,0,차대사람 - 기타,신호위반,포장 - 젖음/습기,비,단일로 - 기타,이륜,남,44세,기타불명,보행자,남,47세,중상
5016,2021082100100202,2021년 8월 21일 13시,토요일,경기도 안양시 동안구 호계동,중상사고,0,1,0,0,차대사람 - 횡단중,보행자보호의무위반,포장 - 젖음/습기,비,교차로 - 교차로횡단보도내,화물,남,55세,상해없음,보행자,여,56세,중상
5017,2021082100100233,2021년 8월 21일 13시,토요일,경기도 구리시 사노동,중상사고,0,1,0,0,차대사람 - 횡단중,신호위반,포장 - 젖음/습기,비,단일로 - 기타,승용,남,69세,상해없음,보행자,여,27세,중상
5018,2021082100100280,2021년 8월 21일 15시,토요일,경기도 수원시 팔달구 팔달로1가,경상사고,0,0,1,0,차대사람 - 기타,안전운전불이행,포장 - 건조,맑음,단일로 - 기타,승용,남,62세,상해없음,보행자,남,60세,경상
5019,2021082100100337,2021년 8월 21일 17시,토요일,경기도 김포시 대곶면,중상사고,0,1,0,0,차대사람 - 기타,안전운전불이행,포장 - 기타,기타,기타 - 기타,승용,여,40세,상해없음,보행자,남,10세,중상
5020,2021082100100372,2021년 8월 21일 18시,토요일,경기도 화성시 봉담읍,경상사고,0,0,1,0,차대사람 - 횡단중,안전운전불이행,포장 - 건조,맑음,교차로 - 교차로부근,승용,남,18세,상해없음,보행자,여,24세,경상
5021,2021082100100399,2021년 8월 21일 19시,토요일,경기도 용인시 수지구 풍덕천동,경상사고,0,0,1,0,차대사람 - 차도통행중,교차로운행방법위반,포장 - 젖음/습기,비,교차로 - 교차로안,승용,남,48세,상해없음,보행자,여,47세,경상
5022,2021082100100427,2021년 8월 21일 20시,토요일,경기도 부천시 도당동,중상사고,0,1,0,0,차대사람 - 횡단중,보행자보호의무위반,포장 - 젖음/습기,비,교차로 - 교차로안,승용,남,56세,상해없음,보행자,남,64세,중상
5023,2021082100100459,2021년 8월 21일 21시,토요일,경기도 하남시 풍산동,중상사고,0,1,0,0,차대사람 - 기타,신호위반,포장 - 젖음/습기,비,교차로 - 교차로안,화물,남,52세,상해없음,보행자,여,46세,중상
5024,2021082100100515,2021년 8월 21일 23시,토요일,경기도 평택시 평택동,부상신고사고,0,0,0,1,차대사람 - 기타,안전운전불이행,포장 - 건조,맑음,단일로 - 기타,승용,남,39세,상해없음,보행자,남,23세,부상신고
5025,2021082200100018,2021년 8월 22일 03시,일요일,경기도 수원시 권선구 세류동,경상사고,0,0,1,0,차대사람 - 기타,안전운전불이행,포장 - 건조,맑음,단일로 - 기타,승용,남,68세,상해없음,보행자,남,21세,경상
5026,2021082200100091,2021년 8월 22일 11시,일요일,경기도 안양시 만안구 안양동,경상사고,0,0,1,0,차대사람 - 횡단중,보행자보호의무위반,포장 - 건조,맑음,교차로 - 교차로횡단보도내,승용,남,46세,기타불명,보행자,남,23세,경상
5027,2021082200100208,2021년 8월 22일 15시,일요일,경기도 안산시 상록구 본오동,중상사고,0,1,0,0,차대사람 - 횡단중,안전운전불이행,포장 - 건조,맑음,교차로 - 교차로안,승용,여,23세,상해없음,보행자,남,53세,중상
5028,2021082200100233,2021년 8월 22일 16시,일요일,경기도 시흥시 정왕동,중상사고,0,1,0,0,차대사람 - 기타,기타,포장 - 건조,맑음,단일로 - 기타,승합,남,47세,상해없음,보행자,여,74세,중상
5029,2021082200100261,2021년 8월 22일 17시,일요일,경기도 광명시 옥길동,중상사고,0,1,0,0,차대사람 - 기타,안전운전불이행,포장 - 건조,맑음,단일로 - 기타,자전거,남,28세,상해없음,보행자,여,74세,중상
5030,2021082200100262,2021년 8월 22일 17시,일요일,경기도 하남시 풍산동,경상사고,0,0,1,0,차대사람 - 기타,안전운전불이행,포장 - 건조,맑음,단일로 - 기타,자전거,여,60세,상해없음,보행자,여,41세,경상
5031,2021082200100285,2021년 8월 22일 18시,일요일,경기도 김포시 감정동,경상사고,0,0,1,0,차대사람 - 차도통행중,보행자보호의무위반,포장 - 건조,맑음,단일로 - 기타,승용,남,70세,상해없음,보행자,남,62세,경상
5032,2021082200100344,2021년 8월 22일 21시,일요일,경기도 평택시 신장동,중상사고,0,1,0,0,차대사람 - 기타,안전운전불이행,포장 - 건조,맑음,단일로 - 기타,승용,여,26세,기타불명,보행자,여,18세,중상
5033,2021082300100083,2021년 8월 23일 09시,월요일,경기도 오산시 오산동,경상사고,0,0,1,0,차대사람 - 횡단중,보행자보호의무위반,포장 - 젖음/습기,흐림,교차로 - 교차로부근,화물,남,72세,상해없음,보행자,남,51세,경상
5034,2021082300100140,2021년 8월 23일 11시,월요일,경기도 의왕시 삼동,중상사고,0,1,0,0,차대사람 - 기타,안전운전불이행,포장 - 건조,맑음,단일로 - 기타,화물,남,61세,상해없음,보행자,남,90세,중상
5035,2021082300100225,2021년 8월 23일 13시,월요일,경기도 성남시 수정구 태평동,경상사고,0,0,1,0,차대사람 - 기타,안전운전불이행,포장 - 건조,맑음,단일로 - 기타,개인형이동수단(PM),남,19세,기타불명,보행자,남,7세,경상
5036,2021082300100227,2021년 8월 23일 13시,월요일,경기도 부천시 원미동,경상사고,0,0,1,0,차대사람 - 기타,안전운전불이행,포장 - 젖음/습기,비,교차로 - 교차로안,승용,여,52세,상해없음,보행자,여,68세,경상
5037,2021082300100254,2021년 8월 23일 13시,월요일,경기도 고양시 일산동구 풍동,중상사고,0,1,0,0,차대사람 - 횡단중,신호위반,포장 - 건조,맑음,교차로 - 교차로안,화물,남,54세,상해없음,보행자,남,58세,중상
5038,2021082300100255,2021년 8월 23일 13시,월요일,경기도 파주시 파주읍,중상사고,0,1,0,0,차대사람 - 횡단중,안전운전불이행,포장 - 젖음/습기,비,단일로 - 지하차도(도로)내,화물,남,67세,상해없음,보행자,여,65세,중상
5039,2021082300100265,2021년 8월 23일 14시,월요일,경기도 평택시 합정동,중상사고,0,1,0,0,차대사람 - 기타,안전운전불이행,포장 - 젖음/습기,비,교차로 - 교차로부근,승용,여,53세,상해없음,보행자,남,44세,중상
5040,2021082300100325,2021년 8월 23일 16시,월요일,경기도 화성시 송산동,중상사고,0,1,0,0,차대사람 - 기타,안전운전불이행,포장 - 젖음/습기,비,주차장 - 주차장,승용,남,84세,상해없음,보행자,여,63세,중상
5041,2021082300100361,2021년 8월 23일 17시,월요일,경기도 안성시 양성면,경상사고,0,0,2,0,차대사람 - 기타,보행자보호의무위반,포장 - 젖음/습기,비,교차로 - 교차로안,승용,여,35세,상해없음,보행자,남,47세,경상
5042,2021082300100394,2021년 8월 23일 17시,월요일,경기도 남양주시 진접읍,경상사고,0,0,3,0,차대사람 - 기타,안전운전불이행,포장 - 젖음/습기,비,단일로 - 기타,승합,남,62세,상해없음,보행자,남,16세,경상
5043,2021082300100406,2021년 8월 23일 18시,월요일,경기도 평택시 서정동,중상사고,0,1,0,0,차대사람 - 차도통행중,기타,포장 - 젖음/습기,비,교차로 - 교차로안,승용,여,37세,상해없음,보행자,남,85세,중상
5044,2021082300100477,2021년 8월 23일 19시,월요일,경기도 고양시 일산동구 장항동,경상사고,0,0,1,0,차대사람 - 기타,보행자보호의무위반,포장 - 건조,맑음,교차로 - 교차로횡단보도내,승용,남,58세,상해없음,보행자,남,26세,경상
5045,2021082300100493,2021년 8월 23일 20시,월요일,경기도 광주시 오포읍,중상사고,0,1,0,0,차대사람 - 기타,안전운전불이행,포장 - 젖음/습기,비,교차로 - 교차로횡단보도내,승용,남,63세,상해없음,보행자,여,69세,중상
5046,2021082300100532,2021년 8월 23일 21시,월요일,경기도 평택시 지산동,경상사고,0,0,1,0,차대사람 - 횡단중,안전운전불이행,포장 - 젖음/습기,비,교차로 - 교차로안,승용,남,37세,상해없음,보행자,남,54세,경상
5047,2021082400100019,2021년 8월 24일 04시,화요일,경기도 평택시 이충동,경상사고,0,0,1,0,차대사람 - 횡단중,보행자보호의무위반,포장 - 건조,맑음,단일로 - 기타,화물,남,62세,상해없음,보행자,남,63세,경상
5048,2021082400100047,2021년 8월 24일 07시,화요일,경기도 성남시 분당구 궁내동,경상사고,0,0,3,0,차대사람 - 차도통행중,안전운전불이행,포장 - 건조,맑음,단일로 - 기타,승합,남,42세,상해없음,보행자,남,32세,경상
5049,2021082400100128,2021년 8월 24일 10시,화요일,경기도 고양시 일산동구 정발산동,경상사고,0,0,1,0,차대사람 - 횡단중,보행자보호의무위반,포장 - 건조,맑음,교차로 - 교차로횡단보도내,자전거,여,37세,상해없음,보행자,여,55세,경상
5050,2021082400100163,2021년 8월 24일 12시,화요일,경기도 수원시 장안구 정자동,경상사고,0,0,1,0,차대사람 - 횡단중,안전운전불이행,포장 - 건조,맑음,교차로 - 교차로안,이륜,남,46세,상해없음,보행자,여,56세,경상
5051,2021082400100206,2021년 8월 24일 13시,화요일,경기도 김포시 풍무동,경상사고,0,0,1,0,차대사람 - 횡단중,안전운전불이행,포장 - 건조,맑음,단일로 - 기타,화물,남,76세,상해없음,보행자,남,9세,경상
5052,2021082400100269,2021년 8월 24일 15시,화요일,경기도 수원시 장안구 영화동,중상사고,0,1,0,0,차대사람 - 기타,안전운전불이행,포장 - 건조,흐림,교차로 - 교차로안,승용,여,70세,상해없음,보행자,남,58세,중상
5053,2021082400100379,2021년 8월 24일 18시,화요일,경기도 수원시 장안구 송죽동,중상사고,0,1,0,0,차대사람 - 차도통행중,안전운전불이행,포장 - 젖음/습기,흐림,교차로 - 교차로부근,승합,남,53세,상해없음,보행자,여,85세,중상
5054,2021082400100423,2021년 8월 24일 19시,화요일,경기도 시흥시 정왕동,경상사고,0,0,1,0,차대사람 - 횡단중,신호위반,포장 - 건조,흐림,교차로 - 교차로부근,이륜,남,26세,상해없음,보행자,여,13세,경상
5055,2021082400100441,2021년 8월 24일 19시,화요일,경기도 의정부시 녹양동,부상신고사고,0,0,0,1,차대사람 - 기타,안전운전불이행,포장 - 젖음/습기,비,단일로 - 기타,승합,남,72세,상해없음,보행자,남,47세,부상신고
5056,2021082400100452,2021년 8월 24일 20시,화요일,경기도 부천시 춘의동,중상사고,0,1,0,0,차대사람 - 기타,안전운전불이행,포장 - 젖음/습기,맑음,교차로 - 교차로부근,승합,남,56세,상해없음,보행자,여,46세,중상
5057,2021082400100514,2021년 8월 24일 22시,화요일,경기도 양평군 양동면,경상사고,0,0,1,0,차대사람 - 기타,안전운전불이행,포장 - 젖음/습기,비,단일로 - 기타,화물,남,38세,상해없음,보행자,여,65세,경상
5058,2021082400100547,2021년 8월 24일 23시,화요일,경기도 안산시 단원구 초지동,경상사고,0,0,1,0,차대사람 - 기타,안전운전불이행,포장 - 건조,맑음,기타 - 기타,승용,남,63세,상해없음,보행자,남,17세,경상
5059,2021082500100003,2021년 8월 25일 00시,수요일,경기도 수원시 장안구 송죽동,중상사고,0,1,0,0,차대사람 - 차도통행중,안전운전불이행,포장 - 젖음/습기,흐림,단일로 - 기타,승용,남,51세,상해없음,보행자,여,71세,중상
5060,2021082500100038,2021년 8월 25일 06시,수요일,경기도 광명시 하안동,중상사고,0,1,0,0,차대사람 - 횡단중,안전운전불이행,포장 - 건조,맑음,단일로 - 기타,승용,남,52세,상해없음,보행자,여,69세,중상
5061,2021082500100040,2021년 8월 25일 06시,수요일,경기도 시흥시 정왕동,경상사고,0,0,1,0,차대사람 - 기타,안전운전불이행,포장 - 건조,맑음,단일로 - 기타,승합,남,47세,상해없음,보행자,여,80세,경상
5062,2021082500100070,2021년 8월 25일 08시,수요일,경기도 평택시 신장동,경상사고,0,0,1,0,차대사람 - 횡단중,보행자보호의무위반,포장 - 젖음/습기,비,단일로 - 고가도로위,승용,남,66세,상해없음,보행자,여,31세,경상
5063,2021082500100186,2021년 8월 25일 12시,수요일,경기도 수원시 장안구 송죽동,중상사고,0,1,0,0,차대사람 - 횡단중,안전운전불이행,포장 - 젖음/습기,비,교차로 - 교차로안,승용,남,42세,상해없음,보행자,여,66세,중상
5064,2021082500100213,2021년 8월 25일 12시,수요일,경기도 포천시 소흘읍,경상사고,0,0,1,0,차대사람 - 기타,안전운전불이행,포장 - 건조,맑음,단일로 - 기타,승용,여,64세,상해없음,보행자,여,29세,경상
5065,2021082500100259,2021년 8월 25일 14시,수요일,경기도 수원시 권선구 탑동,경상사고,0,0,1,0,차대사람 - 기타,안전운전불이행,포장 - 건조,맑음,단일로 - 기타,승용,남,67세,상해없음,보행자,남,64세,경상
5066,2021082500100286,2021년 8월 25일 14시,수요일,경기도 파주시 동패동,경상사고,0,0,1,0,차대사람 - 보도통행중,보행자보호의무위반,포장 - 건조,맑음,단일로 - 기타,이륜,남,18세,상해없음,보행자,여,71세,경상
5067,2021082500100300,2021년 8월 25일 15시,수요일,경기도 시흥시 정왕동,경상사고,0,0,1,0,차대사람 - 기타,안전운전불이행,포장 - 건조,맑음,단일로 - 기타,승용,남,54세,상해없음,보행자,남,57세,경상
5068,2021082500100333,2021년 8월 25일 16시,수요일,경기도 군포시 산본동,중상사고,0,1,0,0,차대사람 - 횡단중,보행자보호의무위반,포장 - 건조,맑음,교차로 - 교차로횡단보도내,승용,남,60세,상해없음,보행자,남,87세,중상
5069,2021082500100334,2021년 8월 25일 16시,수요일,경기도 군포시 산본동,경상사고,0,0,1,0,차대사람 - 기타,안전운전불이행,포장 - 건조,맑음,기타 - 기타,자전거,남,52세,상해없음,보행자,남,9세,경상
5070,2021082500100366,2021년 8월 25일 17시,수요일,경기도 안성시 신건지동,경상사고,0,0,1,0,차대사람 - 횡단중,안전운전불이행,포장 - 건조,맑음,단일로 - 기타,승용,남,48세,상해없음,보행자,남,63세,경상
5071,2021082500100370,2021년 8월 25일 17시,수요일,경기도 부천시 소사동,중상사고,0,1,1,0,차대사람 - 기타,안전운전불이행,포장 - 건조,맑음,교차로 - 교차로부근,이륜,남,16세,경상,보행자,여,71세,중상
5072,2021082500100411,2021년 8월 25일 18시,수요일,경기도 수원시 장안구 파장동,경상사고,0,0,1,0,차대사람 - 보도통행중,기타,포장 - 건조,맑음,교차로 - 교차로부근,화물,남,51세,상해없음,보행자,남,63세,경상
5073,2021082500100419,2021년 8월 25일 18시,수요일,경기도 성남시 분당구 서현동,경상사고,0,0,1,0,차대사람 - 기타,보행자보호의무위반,포장 - 건조,맑음,교차로 - 교차로횡단보도내,승용,여,73세,상해없음,보행자,남,28세,경상
5074,2021082500100447,2021년 8월 25일 18시,수요일,경기도 고양시 덕양구 내유동,중상사고,0,1,0,0,차대사람 - 횡단중,안전운전불이행,포장 - 기타,맑음,단일로 - 기타,승용,남,60세,상해없음,보행자,남,9세,중상
5075,2021082500100459,2021년 8월 25일 19시,수요일,경기도 부천시 송내동,중상사고,0,1,0,0,차대사람 - 횡단중,중앙선침범,포장 - 건조,맑음,단일로 - 기타,승용,남,68세,상해없음,보행자,여,52세,중상
5076,2021082500100495,2021년 8월 25일 20시,수요일,경기도 김포시 고촌읍,중상사고,0,1,0,0,차대사람 - 횡단중,안전운전불이행,포장 - 건조,맑음,단일로 - 기타,자전거,남,26세,상해없음,보행자,여,54세,중상
5077,2021082500100522,2021년 8월 25일 21시,수요일,경기도 화성시 향남읍,경상사고,0,0,2,0,차대사람 - 횡단중,신호위반,포장 - 건조,맑음,교차로 - 교차로횡단보도내,이륜,남,55세,경상,보행자,여,27세,경상
5078,2021082600100007,2021년 8월 26일 00시,목요일,경기도 의정부시 의정부동,중상사고,0,1,0,0,차대사람 - 횡단중,안전운전불이행,포장 - 건조,기타,교차로 - 교차로안,이륜,남,19세,상해없음,보행자,남,65세,중상
5079,2021082600100028,2021년 8월 26일 05시,목요일,경기도 성남시 분당구 정자동,사망사고,1,0,0,0,차대사람 - 기타,과속,포장 - 건조,맑음,단일로 - 기타,승용,남,49세,상해없음,보행자,남,61세,사망
5080,2021082600100058,2021년 8월 26일 07시,목요일,경기도 안산시 단원구 와동,경상사고,0,0,1,0,차대사람 - 기타,안전운전불이행,포장 - 건조,흐림,단일로 - 기타,화물,남,52세,상해없음,보행자,여,82세,경상
5081,2021082600100081,2021년 8월 26일 08시,목요일,경기도 광주시 회덕동,경상사고,0,0,1,0,차대사람 - 횡단중,보행자보호의무위반,포장 - 건조,맑음,교차로 - 교차로횡단보도내,승용,여,58세,상해없음,보행자,남,7세,경상
5082,2021082600100082,2021년 8월 26일 08시,목요일,경기도 용인시 처인구 삼가동,경상사고,0,0,1,0,차대사람 - 길가장자리구역통행중,안전운전불이행,포장 - 건조,맑음,기타 - 기타,승용,여,51세,상해없음,보행자,여,27세,경상
5083,2021082600100107,2021년 8월 26일 08시,목요일,경기도 파주시 법원읍,중상사고,0,1,0,0,차대사람 - 횡단중,안전운전불이행,포장 - 건조,맑음,교차로 - 교차로부근,승용,여,38세,상해없음,보행자,여,81세,중상
5084,2021082600100139,2021년 8월 26일 09시,목요일,경기도 의정부시 민락동,경상사고,0,0,1,0,차대사람 - 기타,기타,포장 - 건조,맑음,기타 - 기타,자전거,남,46세,상해없음,보행자,여,58세,경상
5085,2021082600100141,2021년 8월 26일 09시,목요일,경기도 구리시 수택동,경상사고,0,0,1,0,차대사람 - 차도통행중,안전운전불이행,포장 - 건조,맑음,단일로 - 기타,승용,남,62세,상해없음,보행자,남,50세,경상
5086,2021082600100198,2021년 8월 26일 11시,목요일,경기도 구리시 토평동,중상사고,0,1,0,0,차대사람 - 기타,안전운전불이행,포장 - 건조,맑음,단일로 - 기타,자전거,남,71세,상해없음,보행자,여,87세,중상
5087,2021082600100214,2021년 8월 26일 12시,목요일,경기도 의왕시 학의동,중상사고,0,1,0,0,차대사람 - 차도통행중,안전운전불이행,포장 - 건조,맑음,단일로 - 기타,이륜,남,58세,상해없음,보행자,여,58세,중상
5088,2021082600100276,2021년 8월 26일 14시,목요일,경기도 여주시 가남읍,중상사고,0,1,0,0,차대사람 - 기타,안전운전불이행,포장 - 젖음/습기,흐림,주차장 - 주차장,화물,남,71세,상해없음,보행자,여,71세,중상
5089,2021082600100278,2021년 8월 26일 14시,목요일,경기도 부천시 역곡동,경상사고,0,0,1,0,차대사람 - 기타,안전운전불이행,포장 - 건조,맑음,단일로 - 기타,승용,남,35세,상해없음,보행자,남,51세,경상
5090,2021082600100282,2021년 8월 26일 14시,목요일,경기도 안산시 상록구 이동,경상사고,0,0,1,0,차대사람 - 차도통행중,안전운전불이행,포장 - 건조,맑음,단일로 - 기타,승용,여,49세,기타불명,보행자,여,7세,경상
5091,2021082600100285,2021년 8월 26일 14시,목요일,경기도 화성시 병점동,경상사고,0,0,1,0,차대사람 - 횡단중,보행자보호의무위반,포장 - 건조,맑음,단일로 - 기타,승용,여,64세,상해없음,보행자,여,9세,경상
5092,2021082600100314,2021년 8월 26일 15시,목요일,경기도 성남시 수정구 사송동,경상사고,0,0,1,0,차대사람 - 기타,안전운전불이행,포장 - 건조,맑음,기타 - 기타,자전거,남,44세,상해없음,보행자,여,58세,경상
5093,2021082600100316,2021년 8월 26일 15시,목요일,경기도 시흥시 신천동,경상사고,0,0,1,0,차대사람 - 기타,안전운전불이행,포장 - 건조,맑음,단일로 - 기타,승용,남,24세,상해없음,보행자,남,29세,경상
5094,2021082600100317,2021년 8월 26일 15시,목요일,경기도 안산시 상록구 본오동,경상사고,0,0,1,0,차대사람 - 기타,안전운전불이행,포장 - 건조,맑음,단일로 - 기타,자전거,남,57세,상해없음,보행자,남,61세,경상
5095,2021082600100321,2021년 8월 26일 15시,목요일,경기도 부천시 오정동,경상사고,0,0,1,0,차대사람 - 기타,안전운전불이행,포장 - 건조,맑음,단일로 - 기타,자전거,남,12세,상해없음,보행자,여,74세,경상
5096,2021082600100357,2021년 8월 26일 16시,목요일,경기도 안산시 상록구 수암동,부상신고사고,0,0,0,1,차대사람 - 기타,안전운전불이행,포장 - 건조,맑음,단일로 - 기타,승용,남,70세,상해없음,보행자,여,17세,부상신고