,사고번호,사고일시,요일,시군구,사고내용,사망자수,중상자수,경상자수,부상신고자수,사고유형,법규위반,노면상태,기상상태,도로형태,가해운전자 차종,가해운전자 성별,가해운전자 연령,가해운전자 상해정도,피해운전자 차종,피해운전자 성별,피해운전자 연령,피해운전자 상해정도
5436,2021091000100664,2021년 9월 10일 23시,금요일,경기도 성남시 중원구 성남동,경상사고,0,0,1,0,차대사람 - 기타,안전운전불이행,포장 - 건조,맑음,기타 - 기타,승용,남,28세,상해없음,보행자,남,60세,경상
5437,2021091100100004,2021년 9월 11일 00시,토요일,경기도 성남시 수정구 신흥동,중상사고,0,1,0,0,차대사람 - 기타,안전운전불이행,포장 - 건조,맑음,교차로 - 교차로부근,승용,남,33세,상해없음,보행자,남,53세,중상
5438,2021091100100008,2021년 9월 11일 00시,토요일,경기도 고양시 덕양구 관산동,중상사고,0,1,0,0,차대사람 - 기타,안전운전불이행,포장 - 건조,맑음,단일로 - 기타,승용,남,38세,상해없음,보행자,남,55세,중상
5439,2021091100100041,2021년 9월 11일 06시,토요일,경기도 부천시 심곡본동,중상사고,0,1,0,0,차대사람 - 횡단중,보행자보호의무위반,포장 - 건조,흐림,단일로 - 기타,승용,남,82세,상해없음,보행자,여,49세,중상
5440,2021091100100058,2021년 9월 11일 07시,토요일,경기도 과천시 갈현동,경상사고,0,0,1,0,차대사람 - 기타,안전운전불이행,포장 - 건조,맑음,단일로 - 기타,승용,남,52세,상해없음,보행자,남,28세,경상
5441,2021091100100075,2021년 9월 11일 08시,토요일,경기도 화성시 팔탄면,경상사고,0,0,1,0,차대사람 - 기타,안전운전불이행,포장 - 건조,맑음,주차장 - 주차장,승용,남,54세,기타불명,보행자,남,40세,경상
5442,2021091100100086,2021년 9월 11일 08시,토요일,경기도 파주시 동패동,경상사고,0,0,1,0,차대사람 - 횡단중,안전운전불이행,포장 - 건조,맑음,단일로 - 기타,승용,여,49세,상해없음,보행자,여,65세,경상
5443,2021091100100096,2021년 9월 11일 09시,토요일,경기도 광주시 역동,중상사고,0,1,0,0,차대사람 - 기타,중앙선침범,포장 - 건조,맑음,기타 - 기타,화물,남,37세,상해없음,보행자,여,26세,중상
5444,2021091100100173,2021년 9월 11일 11시,토요일,경기도 화성시 진안동,중상사고,0,1,0,0,차대사람 - 보도통행중,기타,포장 - 건조,맑음,단일로 - 기타,승용,여,62세,상해없음,보행자,여,59세,중상
5445,2021091100100209,2021년 9월 11일 11시,토요일,경기도 고양시 일산서구 덕이동,중상사고,0,1,0,0,차대사람 - 기타,안전운전불이행,포장 - 건조,맑음,단일로 - 기타,승용,여,40세,상해없음,보행자,남,56세,중상
5446,2021091100100221,2021년 9월 11일 12시,토요일,경기도 부천시 삼정동,경상사고,0,0,1,1,차대사람 - 기타,안전운전불이행,포장 - 건조,맑음,단일로 - 기타,승용,남,59세,상해없음,보행자,남,59세,경상
5447,2021091100100279,2021년 9월 11일 13시,토요일,경기도 안성시 공도읍,경상사고,0,0,1,0,차대사람 - 기타,기타,포장 - 건조,맑음,단일로 - 기타,승용,남,59세,상해없음,보행자,여,18세,경상
5448,2021091100100317,2021년 9월 11일 13시,토요일,경기도 의정부시 신곡동,경상사고,0,0,1,0,차대사람 - 횡단중,안전운전불이행,포장 - 건조,맑음,교차로 - 교차로안,승용,여,40세,상해없음,보행자,여,46세,경상
5449,2021091100100331,2021년 9월 11일 14시,토요일,경기도 화성시 능동,경상사고,0,0,1,0,차대사람 - 횡단중,기타,포장 - 건조,맑음,단일로 - 기타,승용,여,39세,상해없음,보행자,남,46세,경상
5450,2021091100100382,2021년 9월 11일 15시,토요일,경기도 김포시 월곶면,중상사고,0,1,0,0,차대사람 - 기타,안전운전불이행,포장 - 기타,맑음,기타 - 기타,화물,여,57세,상해없음,보행자,남,47세,중상
5451,2021091100100386,2021년 9월 11일 15시,토요일,경기도 화성시 봉담읍,부상신고사고,0,0,0,1,차대사람 - 기타,안전운전불이행,포장 - 건조,맑음,기타 - 기타,승합,남,48세,상해없음,보행자,남,56세,부상신고
5452,2021091100100425,2021년 9월 11일 16시,토요일,경기도 수원시 장안구 연무동,경상사고,0,0,1,0,차대사람 - 기타,안전운전불이행,포장 - 건조,맑음,교차로 - 교차로안,승합,남,27세,상해없음,보행자,남,73세,경상
5453,2021091100100466,2021년 9월 11일 17시,토요일,경기도 군포시 당동,중상사고,0,1,0,0,차대사람 - 기타,안전운전불이행,포장 - 건조,맑음,교차로 - 교차로부근,화물,남,47세,상해없음,보행자,여,73세,중상
5454,2021091100100468,2021년 9월 11일 17시,토요일,경기도 안산시 상록구 이동,중상사고,0,1,0,0,차대사람 - 기타,신호위반,포장 - 건조,맑음,기타 - 기타,자전거,남,11세,상해없음,보행자,남,65세,중상
5455,2021091100100469,2021년 9월 11일 17시,토요일,경기도 안산시 상록구 일동,경상사고,0,0,1,0,차대사람 - 길가장자리구역통행중,안전운전불이행,포장 - 건조,맑음,교차로 - 교차로안,승용,여,72세,상해없음,보행자,남,39세,경상
5456,2021091100100512,2021년 9월 11일 18시,토요일,경기도 안산시 단원구 대부남동,경상사고,0,0,1,0,차대사람 - 기타,안전운전불이행,포장 - 건조,맑음,단일로 - 기타,승용,남,67세,상해없음,보행자,남,35세,경상
5457,2021091100100514,2021년 9월 11일 18시,토요일,경기도 화성시 향남읍,중상사고,0,1,0,0,차대사람 - 기타,안전운전불이행,포장 - 건조,맑음,기타 - 기타,이륜,남,21세,상해없음,보행자,남,7세,중상
5458,2021091100100584,2021년 9월 11일 19시,토요일,경기도 의정부시 용현동,경상사고,0,0,1,0,차대사람 - 보도통행중,기타,포장 - 건조,맑음,단일로 - 기타,승용,남,53세,상해없음,보행자,남,55세,경상
5459,2021091100100598,2021년 9월 11일 20시,토요일,경기도 안양시 동안구 호계동,중상사고,0,1,0,0,차대사람 - 차도통행중,안전운전불이행,포장 - 건조,맑음,단일로 - 기타,승용,남,61세,상해없음,보행자,여,64세,중상
5460,2021091100100620,2021년 9월 11일 20시,토요일,경기도 양주시 옥정동,중상사고,0,1,0,0,차대사람 - 보도통행중,안전운전불이행,포장 - 건조,흐림,교차로 - 교차로부근,이륜,남,50세,상해없음,보행자,여,11세,중상
5461,2021091100100621,2021년 9월 11일 20시,토요일,경기도 남양주시 진접읍,중상사고,0,1,0,0,차대사람 - 기타,안전운전불이행,포장 - 건조,맑음,단일로 - 기타,이륜,남,17세,상해없음,보행자,남,63세,중상
5462,2021091100100669,2021년 9월 11일 22시,토요일,경기도 오산시 오산동,부상신고사고,0,0,0,1,차대사람 - 길가장자리구역통행중,안전운전불이행,포장 - 건조,맑음,기타 - 기타,기타불명,기타불명,미분류,기타불명,보행자,남,30세,부상신고
5463,2021091100100692,2021년 9월 11일 23시,토요일,경기도 용인시 기흥구 구갈동,부상신고사고,0,0,0,1,차대사람 - 보도통행중,안전운전불이행,포장 - 건조,맑음,단일로 - 기타,기타불명,기타불명,미분류,기타불명,보행자,남,25세,부상신고
5464,2021091200100041,2021년 9월 12일 08시,일요일,경기도 성남시 수정구 심곡동,중상사고,0,1,0,0,차대사람 - 기타,안전운전불이행,포장 - 건조,맑음,단일로 - 기타,자전거,남,46세,상해없음,보행자,여,76세,중상
5465,2021091200100056,2021년 9월 12일 09시,일요일,경기도 광명시 광명동,중상사고,0,1,0,0,차대사람 - 횡단중,안전운전불이행,포장 - 건조,맑음,교차로 - 교차로부근,승합,여,51세,상해없음,보행자,남,47세,중상
5466,2021091200100086,2021년 9월 12일 10시,일요일,경기도 양주시 은현면,부상신고사고,0,0,0,1,차대사람 - 기타,안전운전불이행,포장 - 건조,맑음,단일로 - 기타,승용,여,63세,상해없음,보행자,남,29세,부상신고
5467,2021091200100107,2021년 9월 12일 12시,일요일,경기도 성남시 분당구 구미동,중상사고,0,1,0,0,차대사람 - 보도통행중,기타,포장 - 건조,맑음,기타 - 기타,개인형이동수단(PM),남,35세,상해없음,보행자,여,79세,중상
5468,2021091200100131,2021년 9월 12일 12시,일요일,경기도 파주시 문산읍,부상신고사고,0,0,0,1,차대사람 - 차도통행중,안전운전불이행,포장 - 건조,기타,단일로 - 기타,승용,남,36세,상해없음,보행자,여,13세,부상신고
5469,2021091200100183,2021년 9월 12일 14시,일요일,경기도 수원시 팔달구 남수동,경상사고,0,0,1,0,차대사람 - 기타,안전운전불이행,포장 - 건조,맑음,단일로 - 기타,승용,남,72세,상해없음,보행자,여,17세,경상
5470,2021091200100222,2021년 9월 12일 15시,일요일,경기도 이천시 중리동,중상사고,0,1,0,0,차대사람 - 차도통행중,안전운전불이행,포장 - 건조,맑음,단일로 - 기타,승용,여,47세,상해없음,보행자,남,60세,중상
5471,2021091200100223,2021년 9월 12일 15시,일요일,경기도 광주시 남한산성면,경상사고,0,0,1,0,차대사람 - 기타,안전운전불이행,포장 - 건조,맑음,기타 - 기타,승용,남,63세,상해없음,보행자,남,51세,경상
5472,2021091200100253,2021년 9월 12일 16시,일요일,경기도 안산시 상록구 본오동,중상사고,0,1,0,0,차대사람 - 기타,안전운전불이행,포장 - 건조,맑음,단일로 - 기타,승용,여,35세,상해없음,보행자,여,90세,중상
5473,2021091200100294,2021년 9월 12일 17시,일요일,경기도 안산시 상록구 본오동,경상사고,0,0,1,0,차대사람 - 횡단중,신호위반,포장 - 건조,맑음,단일로 - 기타,화물,남,59세,상해없음,보행자,남,29세,경상
5474,2021091200100333,2021년 9월 12일 18시,일요일,경기도 안산시 상록구 본오동,경상사고,0,0,1,0,차대사람 - 횡단중,신호위반,포장 - 건조,맑음,교차로 - 교차로횡단보도내,개인형이동수단(PM),남,12세,상해없음,보행자,여,27세,경상
5475,2021091200100353,2021년 9월 12일 18시,일요일,경기도 의정부시 의정부동,경상사고,0,0,1,0,차대사람 - 횡단중,보행자보호의무위반,포장 - 건조,맑음,교차로 - 교차로횡단보도내,이륜,남,44세,상해없음,보행자,남,30세,경상
5476,2021091200100357,2021년 9월 12일 18시,일요일,경기도 포천시 신읍동,경상사고,0,0,1,0,차대사람 - 횡단중,안전운전불이행,포장 - 건조,맑음,단일로 - 기타,이륜,남,17세,상해없음,보행자,남,71세,경상
5477,2021091200100368,2021년 9월 12일 19시,일요일,경기도 수원시 팔달구 인계동,경상사고,0,0,2,0,차대사람 - 차도통행중,안전운전불이행,포장 - 건조,맑음,단일로 - 기타,승용,남,62세,상해없음,보행자,여,19세,경상
5478,2021091200100370,2021년 9월 12일 19시,일요일,경기도 용인시 수지구 동천동,경상사고,0,0,2,0,차대사람 - 기타,안전운전불이행,포장 - 건조,맑음,기타 - 기타,개인형이동수단(PM),남,20세,경상,보행자,남,6세,경상
5479,2021091200100372,2021년 9월 12일 19시,일요일,경기도 화성시 마도면,경상사고,0,0,1,0,차대사람 - 기타,안전운전불이행,포장 - 건조,맑음,교차로 - 교차로부근,화물,남,45세,상해없음,보행자,여,55세,상해없음
5480,2021091300100007,2021년 9월 13일 01시,월요일,경기도 안산시 상록구 이동,중상사고,0,1,0,0,차대사람 - 횡단중,신호위반,포장 - 건조,맑음,교차로 - 교차로횡단보도내,승용,남,54세,상해없음,보행자,여,41세,중상
5481,2021091300100080,2021년 9월 13일 08시,월요일,경기도 수원시 권선구 권선동,중상사고,0,1,0,0,차대사람 - 기타,보행자보호의무위반,포장 - 건조,맑음,교차로 - 교차로횡단보도내,승용,남,47세,상해없음,보행자,남,42세,중상
5482,2021091300100119,2021년 9월 13일 09시,월요일,경기도 광주시 쌍령동,중상사고,0,1,0,0,차대사람 - 기타,안전운전불이행,포장 - 건조,맑음,주차장 - 주차장,승용,남,73세,상해없음,보행자,여,72세,중상
5483,2021091300100149,2021년 9월 13일 10시,월요일,경기도 용인시 기흥구 중동,경상사고,0,0,1,0,차대사람 - 횡단중,보행자보호의무위반,포장 - 건조,맑음,기타 - 기타,승용,남,53세,상해없음,보행자,여,26세,경상
5484,2021091300100154,2021년 9월 13일 10시,월요일,경기도 안산시 상록구 월피동,부상신고사고,0,0,0,2,차대사람 - 기타,안전운전불이행,포장 - 건조,맑음,단일로 - 기타,개인형이동수단(PM),남,77세,부상신고,보행자,여,53세,부상신고
5485,2021091300100225,2021년 9월 13일 11시,월요일,경기도 고양시 일산서구 주엽동,경상사고,0,0,1,0,차대사람 - 기타,안전운전불이행,포장 - 건조,맑음,단일로 - 기타,자전거,남,23세,상해없음,보행자,남,81세,경상
5486,2021091300100239,2021년 9월 13일 12시,월요일,경기도 군포시 당동,중상사고,0,1,0,0,차대사람 - 기타,안전운전불이행,포장 - 건조,맑음,교차로 - 교차로안,승용,남,59세,상해없음,보행자,남,57세,중상
5487,2021091300100263,2021년 9월 13일 12시,월요일,경기도 고양시 덕양구 행신동,중상사고,0,1,0,0,차대사람 - 차도통행중,안전운전불이행,포장 - 건조,맑음,주차장 - 주차장,승용,여,54세,상해없음,보행자,남,45세,중상
5488,2021091300100389,2021년 9월 13일 15시,월요일,경기도 파주시 월롱면,경상사고,0,0,1,0,차대사람 - 차도통행중,안전운전불이행,포장 - 건조,맑음,단일로 - 기타,승용,남,41세,상해없음,보행자,남,39세,경상
5489,2021091300100398,2021년 9월 13일 16시,월요일,경기도 안양시 동안구 관양동,중상사고,0,1,0,0,차대사람 - 기타,안전운전불이행,포장 - 건조,맑음,교차로 - 교차로안,승용,여,63세,상해없음,보행자,여,86세,중상
5490,2021091300100443,2021년 9월 13일 17시,월요일,경기도 성남시 수정구 단대동,중상사고,0,1,0,0,차대사람 - 기타,안전운전불이행,포장 - 건조,맑음,단일로 - 기타,이륜,남,25세,기타불명,보행자,여,64세,중상
5491,2021091300100448,2021년 9월 13일 17시,월요일,경기도 수원시 영통구 매탄동,경상사고,0,0,1,0,차대사람 - 기타,안전운전불이행,포장 - 건조,맑음,교차로 - 교차로부근,승합,남,41세,상해없음,보행자,여,51세,경상
5492,2021091300100453,2021년 9월 13일 17시,월요일,경기도 용인시 수지구 풍덕천동,경상사고,0,0,1,0,차대사람 - 기타,안전운전불이행,포장 - 건조,맑음,교차로 - 교차로횡단보도내,승합,남,60세,상해없음,보행자,여,51세,경상
5493,2021091300100477,2021년 9월 13일 17시,월요일,경기도 남양주시 호평동,경상사고,0,0,1,0,차대사람 - 보도통행중,기타,포장 - 건조,맑음,단일로 - 기타,이륜,남,24세,상해없음,보행자,남,59세,경상
5494,2021091300100489,2021년 9월 13일 18시,월요일,경기도 수원시 장안구 정자동,경상사고,0,0,1,0,차대사람 - 기타,안전운전불이행,포장 - 건조,맑음,교차로 - 교차로안,승용,남,78세,기타불명,보행자,여,44세,경상
5495,2021091300100490,2021년 9월 13일 18시,월요일,경기도 평택시 팽성읍,중상사고,0,1,0,0,차대사람 - 기타,안전운전불이행,포장 - 건조,맑음,단일로 - 기타,승합,남,39세,상해없음,보행자,여,79세,중상
5496,2021091300100499,2021년 9월 13일 18시,월요일,경기도 오산시 은계동,중상사고,0,1,0,0,차대사람 - 기타,안전운전불이행,포장 - 건조,맑음,교차로 - 교차로안,화물,남,58세,상해없음,보행자,여,82세,중상
5497,2021091300100502,2021년 9월 13일 18시,월요일,경기도 수원시 영통구 망포동,경상사고,0,0,1,0,차대사람 - 기타,안전운전불이행,포장 - 건조,맑음,기타 - 기타,자전거,남,10세,기타불명,보행자,여,33세,경상
5498,2021091300100535,2021년 9월 13일 19시,월요일,경기도 광주시 초월읍,부상신고사고,0,0,0,1,차대사람 - 횡단중,안전운전불이행,포장 - 건조,맑음,단일로 - 기타,원동기,남,17세,상해없음,보행자,남,30세,부상신고
5499,2021091300100541,2021년 9월 13일 19시,월요일,경기도 화성시 반송동,중상사고,0,1,0,0,차대사람 - 횡단중,보행자보호의무위반,포장 - 건조,맑음,단일로 - 기타,이륜,남,40세,상해없음,보행자,여,10세,중상
5500,2021091300100572,2021년 9월 13일 19시,월요일,경기도 파주시 금촌동,경상사고,0,0,1,0,차대사람 - 기타,안전운전불이행,포장 - 건조,맑음,단일로 - 기타,승합,남,50세,기타불명,보행자,여,27세,경상
5501,2021091300100610,2021년 9월 13일 21시,월요일,경기도 성남시 중원구 상대원동,부상신고사고,0,0,0,1,차대사람 - 길가장자리구역통행중,안전운전불이행,포장 - 건조,맑음,교차로 - 교차로부근,승용,남,26세,상해없음,보행자,남,47세,부상신고
5502,2021091300100611,2021년 9월 13일 21시,월요일,경기도 시흥시 정왕동,경상사고,0,0,1,0,차대사람 - 기타,안전운전불이행,포장 - 건조,맑음,단일로 - 기타,승용,여,49세,상해없음,보행자,남,44세,경상
5503,2021091300100658,2021년 9월 13일 22시,월요일,경기도 고양시 일산서구 탄현동,경상사고,0,0,1,0,차대사람 - 기타,신호위반,포장 - 건조,맑음,단일로 - 기타,이륜,남,17세,상해없음,보행자,남,40세,경상
5504,2021091400100046,2021년 9월 14일 06시,화요일,경기도 고양시 일산동구 마두동,경상사고,0,0,1,0,차대사람 - 기타,안전운전불이행,포장 - 건조,맑음,단일로 - 기타,자전거,남,61세,경상,보행자,여,65세,상해없음
5505,2021091400100096,2021년 9월 14일 08시,화요일,경기도 용인시 기흥구 농서동,경상사고,0,0,1,0,차대사람 - 횡단중,보행자보호의무위반,포장 - 건조,맑음,교차로 - 교차로부근,승용,남,33세,상해없음,보행자,남,51세,경상
5506,2021091400100102,2021년 9월 14일 08시,화요일,경기도 화성시 비봉면,경상사고,0,0,1,0,차대사람 - 기타,안전운전불이행,포장 - 건조,맑음,단일로 - 기타,승용,남,59세,상해없음,보행자,여,14세,경상
5507,2021091400100103,2021년 9월 14일 08시,화요일,경기도 부천시 오정동,부상신고사고,0,0,0,1,차대사람 - 기타,안전운전불이행,포장 - 젖음/습기,비,단일로 - 기타,자전거,남,52세,상해없음,보행자,여,71세,부상신고
5508,2021091400100130,2021년 9월 14일 08시,화요일,경기도 구리시 수택동,경상사고,0,0,1,0,차대사람 - 기타,보행자보호의무위반,포장 - 건조,맑음,교차로 - 교차로횡단보도내,화물,남,51세,상해없음,보행자,여,22세,경상
5509,2021091400100189,2021년 9월 14일 10시,화요일,경기도 의왕시 삼동,부상신고사고,0,0,0,1,차대사람 - 길가장자리구역통행중,안전운전불이행,포장 - 건조,맑음,교차로 - 교차로부근,건설기계,남,48세,상해없음,보행자,여,73세,부상신고
5510,2021091400100190,2021년 9월 14일 10시,화요일,경기도 안양시 만안구 안양동,중상사고,0,1,0,0,차대사람 - 횡단중,보행자보호의무위반,포장 - 건조,맑음,교차로 - 교차로횡단보도내,화물,남,67세,상해없음,보행자,여,59세,중상
5511,2021091400100308,2021년 9월 14일 13시,화요일,경기도 여주시 오학동,경상사고,0,0,1,0,차대사람 - 기타,안전운전불이행,포장 - 건조,맑음,교차로 - 교차로안,승용,남,58세,상해없음,보행자,남,63세,경상
5512,2021091400100309,2021년 9월 14일 13시,화요일,경기도 부천시 소사본동,중상사고,0,1,0,0,차대사람 - 기타,안전운전불이행,포장 - 건조,맑음,단일로 - 기타,승합,남,48세,상해없음,보행자,여,71세,중상
5513,2021091400100337,2021년 9월 14일 13시,화요일,경기도 고양시 덕양구 토당동,경상사고,0,0,1,0,차대사람 - 차도통행중,안전운전불이행,포장 - 건조,맑음,단일로 - 기타,승용,여,52세,상해없음,보행자,여,65세,경상
5514,2021091400100399,2021년 9월 14일 15시,화요일,경기도 성남시 분당구 정자동,경상사고,0,0,1,0,차대사람 - 횡단중,보행자보호의무위반,포장 - 건조,맑음,교차로 - 교차로안,승용,남,62세,상해없음,보행자,남,33세,경상
5515,2021091400100400,2021년 9월 14일 15시,화요일,경기도 안산시 상록구 본오동,경상사고,0,0,1,0,차대사람 - 기타,안전운전불이행,포장 - 건조,맑음,기타 - 기타,승합,남,64세,상해없음,보행자,여,51세,경상
5516,2021091400100428,2021년 9월 14일 15시,화요일,경기도 고양시 일산동구 장항동,경상사고,0,0,1,0,차대사람 - 기타,안전운전불이행,포장 - 건조,맑음,단일로 - 기타,승용,남,73세,상해없음,보행자,여,51세,경상
5517,2021091400100432,2021년 9월 14일 15시,화요일,경기도 고양시 일산서구 덕이동,중상사고,0,1,0,0,차대사람 - 보도통행중,안전운전불이행,포장 - 건조,맑음,기타 - 기타,승용,남,53세,상해없음,보행자,남,47세,중상
5518,2021091400100448,2021년 9월 14일 16시,화요일,경기도 이천시 송정동,경상사고,0,0,1,0,차대사람 - 횡단중,보행자보호의무위반,포장 - 건조,맑음,단일로 - 기타,승용,남,66세,상해없음,보행자,남,11세,경상
5519,2021091400100501,2021년 9월 14일 17시,화요일,경기도 안양시 동안구 호계동,중상사고,0,1,0,0,차대사람 - 기타,기타,포장 - 건조,기타,단일로 - 기타,승합,남,67세,상해없음,보행자,여,19세,중상
5520,2021091400100502,2021년 9월 14일 17시,화요일,경기도 광주시 쌍령동,경상사고,0,0,1,0,차대사람 - 길가장자리구역통행중,안전운전불이행,포장 - 건조,맑음,교차로 - 교차로부근,승용,남,34세,상해없음,보행자,여,63세,경상
5521,2021091400100507,2021년 9월 14일 17시,화요일,경기도 용인시 수지구 성복동,경상사고,0,0,1,0,차대사람 - 기타,기타,포장 - 건조,맑음,단일로 - 기타,승합,남,54세,상해없음,보행자,여,75세,경상
5522,2021091400100536,2021년 9월 14일 17시,화요일,경기도 고양시 일산동구 설문동,경상사고,0,0,1,0,차대사람 - 횡단중,기타,포장 - 건조,맑음,단일로 - 기타,승용,남,76세,상해없음,보행자,남,21세,경상
5523,2021091400100552,2021년 9월 14일 18시,화요일,경기도 수원시 장안구 율전동,경상사고,0,0,1,0,차대사람 - 기타,안전운전불이행,포장 - 건조,맑음,단일로 - 기타,승용,남,48세,상해없음,보행자,여,63세,경상
5524,2021091400100576,2021년 9월 14일 18시,화요일,경기도 의정부시 용현동,중상사고,0,1,1,0,차대사람 - 기타,안전운전불이행,포장 - 건조,맑음,교차로 - 교차로부근,승용,여,49세,상해없음,보행자,여,59세,경상
5525,2021091400100580,2021년 9월 14일 18시,화요일,경기도 남양주시 진접읍,경상사고,0,0,1,0,차대사람 - 횡단중,안전운전불이행,포장 - 건조,맑음,기타 - 기타,승용,여,47세,상해없음,보행자,남,65세,경상
5526,2021091400100591,2021년 9월 14일 19시,화요일,경기도 김포시 고촌읍,중상사고,0,1,0,0,차대사람 - 차도통행중,안전운전불이행,포장 - 기타,맑음,교차로 - 교차로안,승용,여,67세,상해없음,보행자,여,83세,중상
5527,2021091400100599,2021년 9월 14일 19시,화요일,경기도 용인시 수지구 상현동,중상사고,0,1,0,0,차대사람 - 보도통행중,신호위반,포장 - 건조,기타,교차로 - 교차로안,승용,여,56세,상해없음,보행자,남,54세,중상
5528,2021091400100629,2021년 9월 14일 19시,화요일,경기도 고양시 일산동구 식사동,부상신고사고,0,0,0,1,차대사람 - 기타,안전운전불이행,포장 - 건조,맑음,주차장 - 주차장,기타불명,기타불명,미분류,기타불명,보행자,여,27세,부상신고
5529,2021091400100677,2021년 9월 14일 21시,화요일,경기도 수원시 장안구 율전동,중상사고,0,1,0,0,차대사람 - 횡단중,안전운전불이행,포장 - 건조,맑음,단일로 - 기타,이륜,남,40세,상해없음,보행자,여,59세,중상
5530,2021091400100680,2021년 9월 14일 21시,화요일,경기도 김포시 걸포동,경상사고,0,0,1,0,차대사람 - 횡단중,안전운전불이행,포장 - 건조,맑음,교차로 - 교차로안,원동기,남,60세,상해없음,보행자,남,23세,경상
5531,2021091400100682,2021년 9월 14일 21시,화요일,경기도 수원시 팔달구 고등동,경상사고,0,0,1,0,차대사람 - 기타,안전운전불이행,포장 - 건조,맑음,단일로 - 기타,승합,남,75세,상해없음,보행자,남,43세,경상
5532,2021091500100003,2021년 9월 15일 00시,수요일,경기도 수원시 장안구 영화동,중상사고,0,1,0,0,차대사람 - 기타,안전운전불이행,포장 - 건조,맑음,교차로 - 교차로안,승용,남,27세,상해없음,보행자,남,57세,중상
5533,2021091500100007,2021년 9월 15일 00시,수요일,경기도 동두천시 생연동,중상사고,0,1,0,0,차대사람 - 기타,안전운전불이행,포장 - 건조,맑음,단일로 - 기타,화물,남,52세,상해없음,보행자,남,59세,중상
5534,2021091500100017,2021년 9월 15일 02시,수요일,경기도 여주시 천송동,중상사고,0,1,0,0,차대사람 - 기타,안전운전불이행,포장 - 건조,맑음,단일로 - 기타,승용,남,64세,상해없음,보행자,남,64세,중상
5535,2021091500100032,2021년 9월 15일 05시,수요일,경기도 시흥시 안현동,중상사고,0,1,0,0,차대사람 - 기타,안전운전불이행,포장 - 건조,맑음,기타 - 기타,승용,남,39세,상해없음,보행자,남,55세,중상
5536,2021091500100047,2021년 9월 15일 06시,수요일,경기도 연천군 전곡읍,중상사고,0,1,0,0,차대사람 - 기타,안전운전불이행,포장 - 건조,맑음,교차로 - 교차로부근,승용,여,48세,상해없음,보행자,여,68세,중상
5537,2021091500100054,2021년 9월 15일 07시,수요일,경기도 용인시 기흥구 상갈동,중상사고,0,1,0,0,차대사람 - 횡단중,보행자보호의무위반,포장 - 건조,맑음,단일로 - 기타,승용,여,38세,상해없음,보행자,남,70세,중상
5538,2021091500100092,2021년 9월 15일 08시,수요일,경기도 오산시 오산동,중상사고,0,1,0,0,차대사람 - 차도통행중,보행자보호의무위반,포장 - 건조,맑음,단일로 - 기타,승용,남,52세,상해없음,보행자,남,46세,중상
5539,2021091500100152,2021년 9월 15일 09시,수요일,경기도 용인시 기흥구 신갈동,경상사고,0,0,1,0,차대사람 - 기타,안전운전불이행,포장 - 건조,맑음,단일로 - 기타,개인형이동수단(PM),남,27세,상해없음,보행자,여,55세,경상
5540,2021091500100153,2021년 9월 15일 09시,수요일,경기도 부천시 역곡동,경상사고,0,0,1,0,차대사람 - 기타,교차로운행방법위반,포장 - 건조,맑음,교차로 - 교차로안,승용,남,74세,상해없음,보행자,여,29세,경상
5541,2021091500100154,2021년 9월 15일 09시,수요일,경기도 광명시 광명동,경상사고,0,0,1,0,차대사람 - 기타,안전운전불이행,포장 - 건조,맑음,기타 - 기타,승용,남,58세,상해없음,보행자,여,77세,경상
5542,2021091500100225,2021년 9월 15일 10시,수요일,경기도 의정부시 의정부동,경상사고,0,0,1,0,차대사람 - 횡단중,신호위반,포장 - 건조,맑음,교차로 - 교차로횡단보도내,승용,남,46세,상해없음,보행자,남,60세,경상
5543,2021091500100237,2021년 9월 15일 11시,수요일,경기도 용인시 기흥구 보라동,부상신고사고,0,0,0,1,차대사람 - 차도통행중,안전운전불이행,포장 - 건조,맑음,단일로 - 기타,승용,남,45세,상해없음,보행자,여,70세,부상신고
5544,2021091500100261,2021년 9월 15일 11시,수요일,경기도 파주시 적성면,경상사고,0,0,1,0,차대사람 - 기타,안전운전불이행,포장 - 건조,맑음,주차장 - 주차장,승용,남,72세,상해없음,보행자,남,22세,경상
5545,2021091500100272,2021년 9월 15일 12시,수요일,경기도 수원시 장안구 송죽동,경상사고,0,0,1,0,차대사람 - 횡단중,보행자보호의무위반,포장 - 건조,맑음,단일로 - 기타,승용,여,35세,상해없음,보행자,남,73세,경상
5546,2021091500100273,2021년 9월 15일 12시,수요일,경기도 안성시 석정동,경상사고,0,0,1,0,차대사람 - 횡단중,보행자보호의무위반,포장 - 건조,맑음,교차로 - 교차로횡단보도내,이륜,남,26세,상해없음,보행자,여,61세,경상
5547,2021091500100310,2021년 9월 15일 13시,수요일,경기도 화성시 청계동,경상사고,0,0,1,0,차대사람 - 보도통행중,기타,포장 - 건조,맑음,기타 - 기타,이륜,남,21세,상해없음,보행자,남,26세,경상