,사고번호,사고일시,요일,시군구,사고내용,사망자수,중상자수,경상자수,부상신고자수,사고유형,법규위반,노면상태,기상상태,도로형태,가해운전자 차종,가해운전자 성별,가해운전자 연령,가해운전자 상해정도,피해운전자 차종,피해운전자 성별,피해운전자 연령,피해운전자 상해정도
5775,2021092400100477,2021년 9월 24일 19시,금요일,경기도 부천시 심곡동,중상사고,0,1,0,0,차대사람 - 기타,보행자보호의무위반,포장 - 건조,맑음,단일로 - 기타,이륜,남,36세,상해없음,보행자,남,62세,중상
5776,2021092400100480,2021년 9월 24일 19시,금요일,경기도 하남시 덕풍동,경상사고,0,0,2,0,차대사람 - 기타,안전운전불이행,포장 - 건조,맑음,교차로 - 교차로안,승합,남,33세,상해없음,보행자,남,63세,경상
5777,2021092400100511,2021년 9월 24일 20시,금요일,경기도 김포시 양촌읍,경상사고,0,0,1,0,차대사람 - 횡단중,보행자보호의무위반,포장 - 건조,맑음,단일로 - 기타,이륜,남,32세,상해없음,보행자,남,15세,경상
5778,2021092500100003,2021년 9월 25일 00시,토요일,경기도 수원시 권선구 권선동,중상사고,0,1,0,0,차대사람 - 차도통행중,안전운전불이행,포장 - 건조,맑음,단일로 - 기타,승용,남,43세,상해없음,보행자,남,30세,중상
5779,2021092500100140,2021년 9월 25일 11시,토요일,경기도 고양시 일산서구 탄현동,경상사고,0,0,1,0,차대사람 - 기타,신호위반,포장 - 건조,맑음,교차로 - 교차로횡단보도내,이륜,남,56세,상해없음,보행자,여,66세,경상
5780,2021092500100149,2021년 9월 25일 12시,토요일,경기도 오산시 오산동,경상사고,0,0,1,0,차대사람 - 기타,안전운전불이행,포장 - 건조,맑음,단일로 - 기타,승용,여,44세,상해없음,보행자,여,1세,경상
5781,2021092500100188,2021년 9월 25일 13시,토요일,경기도 고양시 덕양구 토당동,중상사고,0,1,0,0,차대사람 - 횡단중,안전운전불이행,포장 - 기타,맑음,교차로 - 교차로안,화물,남,46세,상해없음,보행자,여,89세,중상
5782,2021092500100202,2021년 9월 25일 14시,토요일,경기도 용인시 처인구 김량장동,경상사고,0,0,1,0,차대사람 - 횡단중,보행자보호의무위반,포장 - 건조,맑음,교차로 - 교차로횡단보도내,승용,여,60세,상해없음,보행자,여,48세,경상
5783,2021092500100205,2021년 9월 25일 14시,토요일,경기도 부천시 중동,경상사고,0,0,2,0,차대사람 - 기타,기타,포장 - 건조,맑음,단일로 - 기타,개인형이동수단(PM),남,17세,상해없음,보행자,여,7세,경상
5784,2021092500100243,2021년 9월 25일 15시,토요일,경기도 성남시 분당구 백현동,경상사고,0,0,2,0,차대사람 - 기타,안전운전불이행,포장 - 건조,맑음,기타 - 기타,승합,남,54세,상해없음,보행자,남,24세,경상
5785,2021092500100273,2021년 9월 25일 16시,토요일,경기도 안산시 단원구 성곡동,중상사고,0,1,0,0,차대사람 - 기타,안전운전불이행,포장 - 건조,맑음,교차로 - 교차로부근,승용,여,35세,상해없음,보행자,남,38세,중상
5786,2021092500100274,2021년 9월 25일 16시,토요일,경기도 안산시 상록구 부곡동,경상사고,0,0,1,0,차대사람 - 보도통행중,신호위반,포장 - 건조,맑음,교차로 - 교차로안,승용,여,40세,상해없음,보행자,여,51세,경상
5787,2021092500100376,2021년 9월 25일 19시,토요일,경기도 성남시 중원구 도촌동,경상사고,0,0,1,0,차대사람 - 보도통행중,안전운전불이행,포장 - 건조,맑음,단일로 - 기타,승용,남,30세,상해없음,보행자,남,57세,경상
5788,2021092500100402,2021년 9월 25일 20시,토요일,경기도 안양시 만안구 안양동,중상사고,0,1,0,0,차대사람 - 횡단중,안전운전불이행,포장 - 건조,맑음,교차로 - 교차로안,이륜,남,30세,상해없음,보행자,남,37세,중상
5789,2021092500100414,2021년 9월 25일 20시,토요일,경기도 파주시 금촌동,중상사고,0,1,0,0,차대사람 - 횡단중,안전운전불이행,포장 - 건조,맑음,단일로 - 기타,이륜,남,25세,상해없음,보행자,남,71세,중상
5790,2021092500100453,2021년 9월 25일 22시,토요일,경기도 김포시 장기동,중상사고,0,1,0,0,차대사람 - 보도통행중,기타,포장 - 건조,맑음,단일로 - 기타,개인형이동수단(PM),여,18세,상해없음,보행자,여,60세,중상
5791,2021092500100456,2021년 9월 25일 22시,토요일,경기도 수원시 팔달구 인계동,경상사고,0,0,1,0,차대사람 - 기타,안전운전불이행,포장 - 건조,맑음,교차로 - 교차로안,승용,여,23세,상해없음,보행자,남,30세,경상
5792,2021092600100049,2021년 9월 26일 08시,일요일,경기도 성남시 중원구 성남동,경상사고,0,0,1,0,차대사람 - 길가장자리구역통행중,안전운전불이행,포장 - 건조,맑음,단일로 - 기타,승용,남,48세,상해없음,보행자,여,40세,경상
5793,2021092600100073,2021년 9월 26일 10시,일요일,경기도 하남시 신장동,중상사고,0,1,0,0,차대사람 - 횡단중,보행자보호의무위반,포장 - 건조,맑음,교차로 - 교차로횡단보도내,화물,남,66세,상해없음,보행자,여,80세,중상
5794,2021092600100150,2021년 9월 26일 13시,일요일,경기도 수원시 영통구 매탄동,중상사고,0,1,0,0,차대사람 - 횡단중,안전운전불이행,포장 - 건조,맑음,교차로 - 교차로안,승용,남,40세,상해없음,보행자,남,12세,중상
5795,2021092600100195,2021년 9월 26일 14시,일요일,경기도 고양시 덕양구 신원동,경상사고,0,0,1,0,차대사람 - 기타,신호위반,포장 - 건조,맑음,교차로 - 교차로안,승용,남,22세,상해없음,보행자,남,16세,경상
5796,2021092600100196,2021년 9월 26일 14시,일요일,경기도 구리시 수택동,경상사고,0,0,1,0,차대사람 - 기타,안전운전불이행,포장 - 건조,맑음,단일로 - 기타,이륜,남,52세,상해없음,보행자,여,67세,경상
5797,2021092600100207,2021년 9월 26일 15시,일요일,경기도 이천시 갈산동,경상사고,0,0,1,0,차대사람 - 횡단중,신호위반,포장 - 건조,맑음,교차로 - 교차로부근,이륜,남,19세,기타불명,보행자,남,18세,경상
5798,2021092600100211,2021년 9월 26일 15시,일요일,경기도 화성시 능동,경상사고,0,0,1,0,차대사람 - 횡단중,안전운전불이행,포장 - 건조,맑음,교차로 - 교차로횡단보도내,화물,남,52세,상해없음,보행자,여,66세,경상
5799,2021092600100264,2021년 9월 26일 17시,일요일,경기도 광명시 철산동,중상사고,0,1,1,0,차대사람 - 기타,안전운전불이행,포장 - 건조,맑음,단일로 - 기타,자전거,여,60세,경상,보행자,남,16세,중상
5800,2021092600100284,2021년 9월 26일 17시,일요일,경기도 파주시 문산읍,경상사고,0,0,1,0,차대사람 - 횡단중,기타,포장 - 건조,맑음,주차장 - 주차장,승용,남,64세,상해없음,보행자,여,42세,경상
5801,2021092600100295,2021년 9월 26일 18시,일요일,경기도 성남시 수정구 신흥동,경상사고,0,0,1,0,차대사람 - 기타,안전운전불이행,포장 - 건조,맑음,단일로 - 기타,승용,남,23세,기타불명,보행자,여,49세,경상
5802,2021092600100296,2021년 9월 26일 18시,일요일,경기도 평택시 세교동,중상사고,0,1,0,0,차대사람 - 횡단중,교차로운행방법위반,포장 - 건조,맑음,교차로 - 교차로안,승용,남,55세,상해없음,보행자,남,59세,중상
5803,2021092600100327,2021년 9월 26일 19시,일요일,경기도 수원시 장안구 율전동,경상사고,0,0,1,0,차대사람 - 기타,안전운전불이행,포장 - 건조,맑음,교차로 - 교차로안,승용,여,46세,상해없음,보행자,남,20세,경상
5804,2021092600100331,2021년 9월 26일 19시,일요일,경기도 안산시 단원구 고잔동,중상사고,0,1,0,0,차대사람 - 기타,안전운전불이행,포장 - 건조,맑음,단일로 - 기타,이륜,남,42세,중상,보행자,남,21세,상해없음
5805,2021092600100332,2021년 9월 26일 19시,일요일,경기도 안산시 단원구 와동,경상사고,0,0,1,0,차대사람 - 기타,안전운전불이행,포장 - 건조,맑음,기타 - 기타,승용,남,35세,기타불명,보행자,남,45세,경상
5806,2021092600100351,2021년 9월 26일 20시,일요일,경기도 부천시 심곡동,경상사고,0,0,1,0,차대사람 - 기타,안전운전불이행,포장 - 건조,맑음,단일로 - 기타,자전거,남,49세,상해없음,보행자,여,19세,경상
5807,2021092600100353,2021년 9월 26일 20시,일요일,경기도 성남시 분당구 분당동,중상사고,0,1,0,0,차대사람 - 보도통행중,기타,포장 - 건조,맑음,단일로 - 기타,개인형이동수단(PM),남,18세,상해없음,보행자,남,49세,중상
5808,2021092600100355,2021년 9월 26일 20시,일요일,경기도 안양시 만안구 석수동,경상사고,0,0,1,0,차대사람 - 기타,안전운전불이행,포장 - 건조,맑음,교차로 - 교차로안,기타불명,기타불명,미분류,기타불명,보행자,여,19세,경상
5809,2021092600100365,2021년 9월 26일 20시,일요일,경기도 고양시 일산동구 정발산동,중상사고,0,1,0,0,차대사람 - 차도통행중,안전운전불이행,포장 - 건조,맑음,교차로 - 교차로안,승용,남,56세,상해없음,보행자,여,55세,중상
5810,2021092700100021,2021년 9월 27일 05시,월요일,경기도 안산시 상록구 성포동,경상사고,0,0,1,0,차대사람 - 기타,안전운전불이행,포장 - 건조,맑음,단일로 - 기타,승용,남,76세,상해없음,보행자,남,26세,경상
5811,2021092700100055,2021년 9월 27일 07시,월요일,경기도 용인시 처인구 모현읍,경상사고,0,0,1,0,차대사람 - 기타,안전운전불이행,포장 - 건조,맑음,단일로 - 기타,화물,남,60세,상해없음,보행자,남,82세,경상
5812,2021092700100059,2021년 9월 27일 07시,월요일,경기도 화성시 송산면,경상사고,0,0,1,0,차대사람 - 횡단중,안전운전불이행,포장 - 건조,맑음,단일로 - 기타,화물,남,65세,상해없음,보행자,남,67세,경상
5813,2021092700100132,2021년 9월 27일 10시,월요일,경기도 평택시 비전동,경상사고,0,0,1,0,차대사람 - 기타,안전운전불이행,포장 - 건조,맑음,교차로 - 교차로부근,승용,여,47세,상해없음,보행자,남,67세,경상
5814,2021092700100138,2021년 9월 27일 10시,월요일,경기도 성남시 분당구 금곡동,중상사고,0,1,0,0,차대사람 - 기타,안전운전불이행,포장 - 건조,맑음,기타 - 기타,승용,여,68세,상해없음,보행자,남,58세,중상
5815,2021092700100166,2021년 9월 27일 11시,월요일,경기도 성남시 수정구 태평동,경상사고,0,0,1,0,차대사람 - 기타,안전운전불이행,포장 - 건조,맑음,기타 - 기타,승용,남,77세,상해없음,보행자,여,55세,경상
5816,2021092700100168,2021년 9월 27일 11시,월요일,경기도 이천시 창전동,중상사고,0,1,0,0,차대사람 - 길가장자리구역통행중,안전운전불이행,포장 - 건조,맑음,단일로 - 기타,승용,남,68세,상해없음,보행자,남,92세,중상
5817,2021092700100193,2021년 9월 27일 11시,월요일,경기도 남양주시 오남읍,경상사고,0,0,1,0,차대사람 - 기타,안전운전불이행,포장 - 건조,맑음,주차장 - 주차장,승용,남,59세,상해없음,보행자,여,77세,경상
5818,2021092700100209,2021년 9월 27일 12시,월요일,경기도 수원시 권선구 금곡동,경상사고,0,0,1,0,차대사람 - 횡단중,보행자보호의무위반,포장 - 건조,맑음,단일로 - 기타,이륜,남,23세,상해없음,보행자,여,31세,경상
5819,2021092700100235,2021년 9월 27일 13시,월요일,경기도 용인시 기흥구 상하동,경상사고,0,0,1,0,차대사람 - 횡단중,보행자보호의무위반,포장 - 건조,맑음,교차로 - 교차로횡단보도내,개인형이동수단(PM),기타불명,미분류,기타불명,보행자,여,6세,경상
5820,2021092700100237,2021년 9월 27일 13시,월요일,경기도 성남시 분당구 야탑동,중상사고,0,1,0,0,차대사람 - 기타,기타,포장 - 건조,맑음,기타 - 기타,승합,남,37세,상해없음,보행자,여,93세,중상
5821,2021092700100298,2021년 9월 27일 15시,월요일,경기도 이천시 중리동,경상사고,0,0,1,0,차대사람 - 기타,안전운전불이행,포장 - 건조,맑음,단일로 - 기타,승합,남,43세,상해없음,보행자,남,47세,경상
5822,2021092700100337,2021년 9월 27일 16시,월요일,경기도 안산시 단원구 원시동,중상사고,0,1,0,0,차대사람 - 기타,안전운전불이행,포장 - 건조,맑음,기타 - 기타,건설기계,남,51세,상해없음,보행자,남,50세,중상
5823,2021092700100338,2021년 9월 27일 16시,월요일,경기도 시흥시 은행동,경상사고,0,0,1,0,차대사람 - 기타,안전운전불이행,포장 - 건조,맑음,단일로 - 기타,화물,남,66세,상해없음,보행자,여,23세,경상
5824,2021092700100340,2021년 9월 27일 16시,월요일,경기도 화성시 향남읍,경상사고,0,0,2,0,차대사람 - 횡단중,보행자보호의무위반,포장 - 젖음/습기,비,교차로 - 교차로횡단보도내,승용,남,22세,상해없음,보행자,여,8세,경상
5825,2021092700100370,2021년 9월 27일 17시,월요일,경기도 양평군 용문면,경상사고,0,0,1,0,차대사람 - 횡단중,안전운전불이행,포장 - 건조,맑음,교차로 - 교차로안,승용,남,39세,상해없음,보행자,여,67세,경상
5826,2021092700100371,2021년 9월 27일 17시,월요일,경기도 부천시 심곡본동,경상사고,0,0,1,0,차대사람 - 기타,안전운전불이행,포장 - 건조,맑음,교차로 - 교차로안,이륜,남,37세,기타불명,보행자,여,31세,경상
5827,2021092700100373,2021년 9월 27일 17시,월요일,경기도 성남시 중원구 성남동,경상사고,0,0,1,0,차대사람 - 길가장자리구역통행중,안전운전불이행,포장 - 젖음/습기,비,단일로 - 기타,승용,남,74세,기타불명,보행자,남,22세,경상
5828,2021092700100413,2021년 9월 27일 18시,월요일,경기도 군포시 산본동,경상사고,0,0,1,0,차대사람 - 횡단중,보행자보호의무위반,포장 - 건조,맑음,교차로 - 교차로안,이륜,남,24세,기타불명,보행자,남,60세,경상
5829,2021092700100417,2021년 9월 27일 18시,월요일,경기도 화성시 청계동,경상사고,0,0,1,0,차대사람 - 횡단중,안전운전불이행,포장 - 건조,맑음,단일로 - 기타,이륜,남,16세,상해없음,보행자,남,10세,경상
5830,2021092700100443,2021년 9월 27일 18시,월요일,경기도 구리시 갈매동,경상사고,0,0,1,0,차대사람 - 횡단중,신호위반,포장 - 건조,맑음,교차로 - 교차로안,승용,남,63세,상해없음,보행자,남,10세,경상
5831,2021092700100455,2021년 9월 27일 19시,월요일,경기도 수원시 팔달구 팔달로2가,중상사고,0,1,0,0,차대사람 - 횡단중,안전운전불이행,포장 - 건조,흐림,단일로 - 기타,승용,여,51세,상해없음,보행자,여,61세,중상
5832,2021092700100457,2021년 9월 27일 19시,월요일,경기도 부천시 심곡동,경상사고,0,0,1,0,차대사람 - 기타,보행자보호의무위반,포장 - 건조,맑음,단일로 - 기타,승용,여,51세,상해없음,보행자,남,37세,경상
5833,2021092700100489,2021년 9월 27일 20시,월요일,경기도 수원시 팔달구 지동,경상사고,0,0,1,0,차대사람 - 기타,안전운전불이행,포장 - 건조,맑음,단일로 - 기타,이륜,남,60세,상해없음,보행자,여,26세,경상
5834,2021092700100493,2021년 9월 27일 20시,월요일,경기도 부천시 역곡동,중상사고,0,1,0,0,차대사람 - 횡단중,안전운전불이행,포장 - 건조,맑음,단일로 - 기타,화물,남,43세,상해없음,보행자,여,66세,중상
5835,2021092700100510,2021년 9월 27일 21시,월요일,경기도 광명시 일직동,부상신고사고,0,0,0,1,차대사람 - 기타,안전운전불이행,포장 - 건조,맑음,단일로 - 기타,승합,남,68세,상해없음,보행자,남,52세,부상신고
5836,2021092700100513,2021년 9월 27일 21시,월요일,경기도 성남시 중원구 상대원동,중상사고,0,1,0,0,차대사람 - 횡단중,안전운전불이행,포장 - 건조,맑음,단일로 - 기타,승용,여,50세,상해없음,보행자,남,71세,중상
5837,2021092800100017,2021년 9월 28일 03시,화요일,경기도 광명시 철산동,경상사고,0,0,1,0,차대사람 - 기타,안전운전불이행,포장 - 건조,맑음,단일로 - 기타,승용,남,20세,상해없음,보행자,남,30세,경상
5838,2021092800100026,2021년 9월 28일 05시,화요일,경기도 평택시 안중읍,사망사고,1,0,0,0,차대사람 - 횡단중,안전운전불이행,포장 - 건조,맑음,교차로 - 교차로안,승용,여,50세,기타불명,보행자,남,80세,사망
5839,2021092800100105,2021년 9월 28일 09시,화요일,경기도 김포시 사우동,중상사고,0,1,0,0,차대사람 - 기타,안전운전불이행,포장 - 건조,맑음,단일로 - 기타,승용,남,47세,상해없음,보행자,여,61세,중상
5840,2021092800100109,2021년 9월 28일 09시,화요일,경기도 성남시 분당구 궁내동,부상신고사고,0,0,0,1,차대사람 - 기타,기타,포장 - 건조,맑음,기타 - 기타,건설기계,남,40세,기타불명,보행자,남,61세,부상신고
5841,2021092800100141,2021년 9월 28일 10시,화요일,경기도 용인시 수지구 죽전동,경상사고,0,0,1,0,차대사람 - 기타,안전운전불이행,포장 - 건조,맑음,교차로 - 교차로부근,승합,남,58세,상해없음,보행자,여,30세,경상
5842,2021092800100192,2021년 9월 28일 12시,화요일,경기도 평택시 비전동,부상신고사고,0,0,0,1,차대사람 - 횡단중,안전운전불이행,포장 - 건조,맑음,교차로 - 교차로부근,승용,여,47세,상해없음,보행자,남,9세,부상신고
5843,2021092800100197,2021년 9월 28일 12시,화요일,경기도 하남시 창우동,중상사고,0,1,0,0,차대사람 - 기타,기타,포장 - 건조,맑음,기타 - 기타,승합,남,64세,기타불명,보행자,여,62세,중상
5844,2021092800100258,2021년 9월 28일 14시,화요일,경기도 광주시 곤지암읍,중상사고,0,1,0,0,차대사람 - 기타,안전운전불이행,포장 - 건조,맑음,기타 - 기타,승용,남,56세,상해없음,보행자,남,77세,중상
5845,2021092800100259,2021년 9월 28일 14시,화요일,경기도 용인시 기흥구 서천동,경상사고,0,0,1,0,차대사람 - 보도통행중,보행자보호의무위반,포장 - 건조,맑음,교차로 - 교차로안,승용,여,37세,상해없음,보행자,여,7세,경상
5846,2021092800100264,2021년 9월 28일 14시,화요일,경기도 하남시 망월동,경상사고,0,0,1,0,차대사람 - 기타,보행자보호의무위반,포장 - 건조,맑음,기타 - 기타,승용,남,46세,상해없음,보행자,여,28세,경상
5847,2021092800100316,2021년 9월 28일 16시,화요일,경기도 성남시 수정구 수진동,경상사고,0,0,1,0,차대사람 - 차도통행중,안전운전불이행,포장 - 건조,맑음,단일로 - 기타,승합,남,42세,기타불명,보행자,남,54세,경상
5848,2021092800100317,2021년 9월 28일 16시,화요일,경기도 성남시 수정구 신흥동,경상사고,0,0,1,0,차대사람 - 차도통행중,안전운전불이행,포장 - 건조,맑음,단일로 - 기타,승용,여,39세,상해없음,보행자,남,54세,경상
5849,2021092800100347,2021년 9월 28일 17시,화요일,경기도 이천시 부발읍,중상사고,0,1,0,0,차대사람 - 차도통행중,안전운전불이행,포장 - 젖음/습기,흐림,단일로 - 기타,승용,여,60세,상해없음,보행자,남,58세,중상
5850,2021092800100351,2021년 9월 28일 17시,화요일,경기도 안산시 단원구 고잔동,경상사고,0,0,1,0,차대사람 - 기타,신호위반,포장 - 건조,맑음,단일로 - 기타,화물,남,81세,상해없음,보행자,남,16세,경상
5851,2021092800100398,2021년 9월 28일 18시,화요일,경기도 오산시 오산동,중상사고,0,1,0,0,차대사람 - 기타,기타,포장 - 젖음/습기,흐림,단일로 - 기타,승합,남,55세,상해없음,보행자,여,71세,중상
5852,2021092800100405,2021년 9월 28일 18시,화요일,경기도 하남시 덕풍동,부상신고사고,0,0,0,1,차대사람 - 보도통행중,안전운전불이행,포장 - 건조,맑음,기타 - 기타,기타불명,기타불명,미분류,기타불명,보행자,남,11세,부상신고
5853,2021092800100406,2021년 9월 28일 18시,화요일,경기도 부천시 삼정동,중상사고,0,1,0,0,차대사람 - 기타,안전운전불이행,포장 - 젖음/습기,흐림,기타 - 기타,건설기계,남,67세,상해없음,보행자,남,57세,중상
5854,2021092800100448,2021년 9월 28일 18시,화요일,경기도 고양시 일산동구 장항동,부상신고사고,0,0,0,1,차대사람 - 기타,기타,포장 - 젖음/습기,비,단일로 - 기타,승용,남,64세,상해없음,보행자,남,72세,부상신고
5855,2021092800100449,2021년 9월 28일 18시,화요일,경기도 남양주시 조안면,경상사고,0,0,1,0,차대사람 - 기타,안전운전불이행,포장 - 건조,맑음,단일로 - 기타,기타불명,기타불명,미분류,기타불명,보행자,여,5세,경상
5856,2021092800100466,2021년 9월 28일 19시,화요일,경기도 용인시 처인구 역북동,중상사고,0,1,0,0,차대사람 - 기타,안전운전불이행,포장 - 젖음/습기,비,교차로 - 교차로안,승용,남,36세,상해없음,보행자,여,73세,중상
5857,2021092800100469,2021년 9월 28일 19시,화요일,경기도 오산시 오산동,경상사고,0,0,1,0,차대사람 - 횡단중,신호위반,포장 - 젖음/습기,비,교차로 - 교차로안,승용,남,23세,상해없음,보행자,여,18세,경상
5858,2021092800100470,2021년 9월 28일 19시,화요일,경기도 부천시 원미동,경상사고,0,0,1,0,차대사람 - 기타,불법유턴,포장 - 건조,맑음,단일로 - 기타,승용,남,70세,상해없음,보행자,여,23세,경상
5859,2021092800100472,2021년 9월 28일 19시,화요일,경기도 수원시 영통구 매탄동,중상사고,0,1,0,0,차대사람 - 차도통행중,안전운전불이행,포장 - 건조,맑음,교차로 - 교차로안,승용,남,54세,상해없음,보행자,여,63세,중상
5860,2021092800100506,2021년 9월 28일 20시,화요일,경기도 평택시 팽성읍,경상사고,0,0,1,0,차대사람 - 기타,안전운전불이행,포장 - 젖음/습기,흐림,교차로 - 교차로안,승용,남,45세,상해없음,보행자,여,52세,경상
5861,2021092800100509,2021년 9월 28일 20시,화요일,경기도 성남시 중원구 금광동,경상사고,0,0,1,0,차대사람 - 기타,보행자보호의무위반,포장 - 젖음/습기,비,단일로 - 기타,이륜,남,29세,상해없음,보행자,남,58세,경상
5862,2021092800100543,2021년 9월 28일 21시,화요일,경기도 안양시 동안구 호계동,중상사고,0,1,0,0,차대사람 - 횡단중,보행자보호의무위반,포장 - 젖음/습기,비,교차로 - 교차로횡단보도내,승용,남,50세,상해없음,보행자,남,30세,중상
5863,2021092800100545,2021년 9월 28일 21시,화요일,경기도 광명시 광명동,경상사고,0,0,1,0,차대사람 - 기타,안전운전불이행,포장 - 기타,기타,교차로 - 교차로안,승용,남,58세,기타불명,보행자,남,18세,경상
5864,2021092800100548,2021년 9월 28일 21시,화요일,경기도 수원시 팔달구 교동,경상사고,0,0,1,0,차대사람 - 횡단중,신호위반,포장 - 젖음/습기,비,교차로 - 교차로안,승용,남,49세,상해없음,보행자,남,27세,경상
5865,2021092800100579,2021년 9월 28일 22시,화요일,경기도 안성시 공도읍,사망사고,1,0,0,0,차대사람 - 기타,과속,포장 - 젖음/습기,비,단일로 - 기타,승용,남,27세,상해없음,보행자,여,53세,사망
5866,2021092800100582,2021년 9월 28일 22시,화요일,경기도 시흥시 논곡동,중상사고,0,1,0,0,차대사람 - 횡단중,신호위반,포장 - 젖음/습기,비,기타 - 기타,승용,남,71세,상해없음,보행자,여,28세,중상
5867,2021092800100598,2021년 9월 28일 22시,화요일,경기도 고양시 덕양구 관산동,경상사고,0,0,1,0,차대사람 - 차도통행중,안전운전불이행,포장 - 젖음/습기,비,단일로 - 기타,승용,여,35세,기타불명,보행자,여,19세,경상
5868,2021092800100599,2021년 9월 28일 22시,화요일,경기도 파주시 문발동,중상사고,0,1,0,0,차대사람 - 횡단중,안전운전불이행,포장 - 젖음/습기,비,교차로 - 교차로횡단보도내,이륜,남,37세,상해없음,보행자,남,56세,중상
5869,2021092900100025,2021년 9월 29일 03시,수요일,경기도 고양시 일산동구 마두동,사망사고,1,0,0,0,차대사람 - 차도통행중,안전운전불이행,포장 - 젖음/습기,흐림,교차로 - 교차로횡단보도내,화물,남,46세,상해없음,보행자,남,55세,사망
5870,2021092900100047,2021년 9월 29일 06시,수요일,경기도 안산시 단원구 고잔동,중상사고,0,1,0,0,차대사람 - 횡단중,보행자보호의무위반,포장 - 건조,맑음,교차로 - 교차로부근,승용,남,50세,상해없음,보행자,남,64세,중상
5871,2021092900100051,2021년 9월 29일 06시,수요일,경기도 양주시 회정동,경상사고,0,0,1,0,차대사람 - 기타,안전운전불이행,포장 - 건조,맑음,단일로 - 기타,승용,남,45세,상해없음,보행자,여,63세,경상
5872,2021092900100080,2021년 9월 29일 08시,수요일,경기도 하남시 덕풍동,부상신고사고,0,0,0,1,차대사람 - 횡단중,안전운전불이행,포장 - 젖음/습기,비,교차로 - 교차로횡단보도내,승용,여,54세,상해없음,보행자,여,62세,부상신고
5873,2021092900100082,2021년 9월 29일 08시,수요일,경기도 화성시 산척동,경상사고,0,0,1,0,차대사람 - 횡단중,보행자보호의무위반,포장 - 젖음/습기,비,교차로 - 교차로횡단보도내,승용,남,33세,상해없음,보행자,남,13세,경상
5874,2021092900100109,2021년 9월 29일 08시,수요일,경기도 의정부시 호원동,사망사고,1,0,0,0,차대사람 - 횡단중,안전운전불이행,포장 - 젖음/습기,비,단일로 - 기타,화물,남,65세,상해없음,보행자,여,93세,사망
5875,2021092900100118,2021년 9월 29일 09시,수요일,경기도 용인시 기흥구 중동,부상신고사고,0,0,0,1,차대사람 - 기타,안전운전불이행,포장 - 젖음/습기,비,기타 - 기타,승합,남,69세,상해없음,보행자,여,32세,부상신고
5876,2021092900100124,2021년 9월 29일 09시,수요일,경기도 화성시 병점동,중상사고,0,1,0,0,차대사람 - 횡단중,보행자보호의무위반,포장 - 젖음/습기,비,교차로 - 교차로부근,승용,남,78세,상해없음,보행자,남,66세,중상
5877,2021092900100172,2021년 9월 29일 10시,수요일,경기도 고양시 덕양구 관산동,중상사고,0,1,0,0,차대사람 - 횡단중,안전운전불이행,포장 - 젖음/습기,흐림,교차로 - 교차로횡단보도내,화물,남,79세,상해없음,보행자,여,79세,중상
5878,2021092900100177,2021년 9월 29일 11시,수요일,경기도 부천시 심곡본동,중상사고,0,1,0,0,차대사람 - 기타,보행자보호의무위반,포장 - 기타,맑음,교차로 - 교차로부근,이륜,남,49세,기타불명,보행자,남,84세,중상
5879,2021092900100201,2021년 9월 29일 11시,수요일,경기도 고양시 덕양구 관산동,경상사고,0,0,1,0,차대사람 - 기타,안전운전불이행,포장 - 기타,맑음,단일로 - 기타,승용,남,50세,상해없음,보행자,남,57세,경상
5880,2021092900100212,2021년 9월 29일 12시,수요일,경기도 성남시 중원구 상대원동,부상신고사고,0,0,0,1,차대사람 - 기타,안전운전불이행,포장 - 건조,맑음,기타 - 기타,승용,남,64세,상해없음,보행자,여,60세,부상신고
5881,2021092900100245,2021년 9월 29일 13시,수요일,경기도 부천시 심곡동,경상사고,0,0,1,0,차대사람 - 기타,신호위반,포장 - 건조,맑음,단일로 - 기타,승용,남,74세,상해없음,보행자,여,15세,경상
5882,2021092900100281,2021년 9월 29일 14시,수요일,경기도 안산시 상록구 사동,중상사고,0,1,0,0,차대사람 - 횡단중,보행자보호의무위반,포장 - 건조,맑음,교차로 - 교차로횡단보도내,승용,여,51세,상해없음,보행자,여,48세,중상
5883,2021092900100282,2021년 9월 29일 14시,수요일,경기도 안산시 상록구 사동,경상사고,0,0,1,0,차대사람 - 기타,보행자보호의무위반,포장 - 젖음/습기,흐림,교차로 - 교차로안,승용,여,59세,기타불명,보행자,여,60세,경상
5884,2021092900100308,2021년 9월 29일 15시,수요일,경기도 부천시 심곡본동,경상사고,0,0,1,0,차대사람 - 기타,안전운전불이행,포장 - 건조,맑음,교차로 - 교차로안,승합,남,37세,상해없음,보행자,여,28세,경상
5885,2021092900100310,2021년 9월 29일 15시,수요일,경기도 성남시 분당구 야탑동,부상신고사고,0,0,0,1,차대사람 - 기타,안전운전불이행,포장 - 건조,맑음,교차로 - 교차로횡단보도내,승용,남,40세,상해없음,보행자,남,78세,부상신고
5886,2021092900100377,2021년 9월 29일 17시,수요일,경기도 안양시 동안구 비산동,경상사고,0,0,1,0,차대사람 - 기타,안전운전불이행,포장 - 젖음/습기,비,기타 - 기타,자전거,기타불명,미분류,기타불명,보행자,여,29세,경상