,사고번호,사고일시,요일,시군구,사고내용,사망자수,중상자수,경상자수,부상신고자수,사고유형,법규위반,노면상태,기상상태,도로형태,가해운전자 차종,가해운전자 성별,가해운전자 연령,가해운전자 상해정도,피해운전자 차종,피해운전자 성별,피해운전자 연령,피해운전자 상해정도
5887,2021092900100383,2021년 9월 29일 17시,수요일,경기도 부천시 원미동,중상사고,0,1,0,0,차대사람 - 기타,안전운전불이행,포장 - 건조,맑음,단일로 - 기타,승용,남,49세,상해없음,보행자,여,74세,중상
5888,2021092900100387,2021년 9월 29일 17시,수요일,경기도 시흥시 정왕동,경상사고,0,0,1,0,차대사람 - 기타,안전운전불이행,포장 - 건조,맑음,기타 - 기타,승용,남,20세,상해없음,보행자,남,53세,경상
5889,2021092900100391,2021년 9월 29일 17시,수요일,경기도 화성시 정남면,중상사고,0,1,0,0,차대사람 - 횡단중,신호위반,포장 - 젖음/습기,흐림,교차로 - 교차로횡단보도내,화물,남,56세,상해없음,보행자,남,85세,중상
5890,2021092900100423,2021년 9월 29일 18시,수요일,경기도 수원시 장안구 영화동,경상사고,0,0,1,0,차대사람 - 기타,안전운전불이행,포장 - 젖음/습기,비,단일로 - 기타,화물,남,57세,상해없음,보행자,여,64세,경상
5891,2021092900100426,2021년 9월 29일 18시,수요일,경기도 평택시 서정동,경상사고,0,0,1,0,차대사람 - 기타,안전운전불이행,포장 - 건조,맑음,단일로 - 기타,기타불명,기타불명,미분류,기타불명,보행자,여,36세,경상
5892,2021092900100429,2021년 9월 29일 18시,수요일,경기도 부천시 괴안동,중상사고,0,1,0,0,차대사람 - 횡단중,안전운전불이행,포장 - 건조,맑음,단일로 - 기타,승용,남,40세,상해없음,보행자,여,64세,중상
5893,2021092900100430,2021년 9월 29일 18시,수요일,경기도 광명시 철산동,중상사고,0,1,0,0,차대사람 - 횡단중,보행자보호의무위반,포장 - 건조,맑음,단일로 - 기타,승용,남,64세,상해없음,보행자,여,69세,중상
5894,2021092900100520,2021년 9월 29일 19시,수요일,경기도 의정부시 민락동,경상사고,0,0,1,0,차대사람 - 기타,중앙선침범,포장 - 건조,맑음,교차로 - 교차로안,이륜,남,18세,상해없음,보행자,남,21세,경상
5895,2021092900100523,2021년 9월 29일 19시,수요일,경기도 동두천시 생연동,경상사고,0,0,1,0,차대사람 - 기타,안전운전불이행,포장 - 건조,맑음,교차로 - 교차로안,승용,남,48세,상해없음,보행자,남,73세,경상
5896,2021092900100550,2021년 9월 29일 20시,수요일,경기도 고양시 일산동구 장항동,경상사고,0,0,1,0,차대사람 - 기타,안전운전불이행,포장 - 건조,맑음,교차로 - 교차로부근,승용,남,53세,상해없음,보행자,남,57세,경상
5897,2021092900100594,2021년 9월 29일 22시,수요일,경기도 안양시 동안구 호계동,중상사고,0,1,0,0,차대사람 - 횡단중,보행자보호의무위반,포장 - 건조,흐림,교차로 - 교차로횡단보도내,승용,여,60세,상해없음,보행자,남,18세,중상
5898,2021092900100595,2021년 9월 29일 22시,수요일,경기도 광주시 회덕동,중상사고,0,1,0,0,차대사람 - 기타,안전운전불이행,포장 - 건조,맑음,기타 - 기타,화물,남,53세,상해없음,보행자,남,28세,중상
5899,2021092900100597,2021년 9월 29일 22시,수요일,경기도 시흥시 광석동,중상사고,0,1,0,0,차대사람 - 횡단중,보행자보호의무위반,포장 - 건조,맑음,교차로 - 교차로횡단보도내,승용,남,85세,상해없음,보행자,남,64세,중상
5900,2021092900100631,2021년 9월 29일 23시,수요일,경기도 성남시 중원구 상대원동,경상사고,0,0,1,0,차대사람 - 기타,안전운전불이행,포장 - 건조,맑음,단일로 - 기타,승용,남,49세,상해없음,보행자,여,44세,경상
5901,2021093000100004,2021년 9월 30일 00시,목요일,경기도 안산시 단원구 원곡동,경상사고,0,0,1,0,차대사람 - 기타,신호위반,포장 - 건조,맑음,단일로 - 기타,이륜,남,17세,상해없음,보행자,남,47세,경상
5902,2021093000100032,2021년 9월 30일 04시,목요일,경기도 군포시 산본동,사망사고,1,0,0,0,차대사람 - 기타,보행자보호의무위반,포장 - 건조,맑음,교차로 - 교차로부근,화물,남,67세,상해없음,보행자,남,75세,사망
5903,2021093000100047,2021년 9월 30일 06시,목요일,경기도 안양시 만안구 안양동,중상사고,0,1,0,0,차대사람 - 기타,안전운전불이행,포장 - 건조,맑음,단일로 - 기타,승용,남,29세,상해없음,보행자,여,71세,중상
5904,2021093000100063,2021년 9월 30일 07시,목요일,경기도 수원시 장안구 파장동,경상사고,0,0,1,0,차대사람 - 기타,안전운전불이행,포장 - 건조,맑음,단일로 - 기타,승용,남,77세,상해없음,보행자,남,31세,경상
5905,2021093000100086,2021년 9월 30일 07시,목요일,경기도 고양시 일산서구 일산동,경상사고,0,0,1,0,차대사람 - 보도통행중,안전운전불이행,포장 - 건조,맑음,기타 - 기타,개인형이동수단(PM),여,25세,상해없음,보행자,여,56세,경상
5906,2021093000100096,2021년 9월 30일 08시,목요일,경기도 안양시 동안구 관양동,중상사고,0,1,0,0,차대사람 - 횡단중,보행자보호의무위반,포장 - 건조,맑음,교차로 - 교차로횡단보도내,승합,남,55세,상해없음,보행자,남,71세,중상
5907,2021093000100143,2021년 9월 30일 09시,목요일,경기도 수원시 권선구 구운동,중상사고,0,1,0,0,차대사람 - 기타,안전운전불이행,포장 - 건조,맑음,단일로 - 기타,이륜,남,35세,상해없음,보행자,여,68세,중상
5908,2021093000100236,2021년 9월 30일 12시,목요일,경기도 이천시 증포동,중상사고,0,1,0,0,차대사람 - 횡단중,안전운전불이행,포장 - 건조,맑음,교차로 - 교차로부근,개인형이동수단(PM),남,14세,상해없음,보행자,여,48세,중상
5909,2021093000100269,2021년 9월 30일 13시,목요일,경기도 평택시 서정동,경상사고,0,0,1,0,차대사람 - 횡단중,보행자보호의무위반,포장 - 건조,맑음,교차로 - 교차로안,승용,남,57세,기타불명,보행자,남,28세,경상
5910,2021093000100271,2021년 9월 30일 13시,목요일,경기도 평택시 이충동,경상사고,0,0,1,0,차대사람 - 기타,안전운전불이행,포장 - 건조,맑음,교차로 - 교차로안,개인형이동수단(PM),여,19세,상해없음,보행자,남,66세,경상
5911,2021093000100291,2021년 9월 30일 13시,목요일,경기도 남양주시 화도읍,경상사고,0,0,1,0,차대사람 - 기타,불법유턴,포장 - 건조,맑음,단일로 - 기타,승용,남,41세,상해없음,보행자,여,45세,경상
5912,2021093000100308,2021년 9월 30일 14시,목요일,경기도 성남시 분당구 야탑동,중상사고,0,1,0,0,차대사람 - 기타,안전운전불이행,포장 - 건조,맑음,기타 - 기타,승용,여,58세,상해없음,보행자,여,82세,중상
5913,2021093000100310,2021년 9월 30일 14시,목요일,경기도 안양시 만안구 안양동,경상사고,0,0,2,0,차대사람 - 차도통행중,안전운전불이행,포장 - 건조,맑음,단일로 - 기타,이륜,남,23세,경상,보행자,남,56세,경상
5914,2021093000100375,2021년 9월 30일 15시,목요일,경기도 의정부시 의정부동,경상사고,0,0,1,0,차대사람 - 기타,안전운전불이행,포장 - 건조,맑음,단일로 - 기타,개인형이동수단(PM),남,47세,상해없음,보행자,여,79세,경상
5915,2021093000100390,2021년 9월 30일 16시,목요일,경기도 수원시 장안구 연무동,중상사고,0,1,0,0,차대사람 - 기타,기타,포장 - 건조,맑음,교차로 - 교차로부근,승용,남,63세,상해없음,보행자,여,90세,중상
5916,2021093000100393,2021년 9월 30일 16시,목요일,경기도 용인시 기흥구 중동,경상사고,0,0,1,0,차대사람 - 기타,보행자보호의무위반,포장 - 건조,맑음,단일로 - 기타,승용,여,56세,상해없음,보행자,남,5세,경상
5917,2021093000100425,2021년 9월 30일 16시,목요일,경기도 고양시 덕양구 화전동,중상사고,0,2,0,1,차대사람 - 기타,안전운전불이행,포장 - 건조,맑음,단일로 - 기타,화물,여,27세,상해없음,보행자,여,58세,중상
5918,2021093000100427,2021년 9월 30일 16시,목요일,경기도 파주시 아동동,중상사고,0,1,0,0,차대사람 - 기타,안전운전불이행,포장 - 건조,맑음,단일로 - 기타,승합,남,59세,상해없음,보행자,남,85세,중상
5919,2021093000100504,2021년 9월 30일 18시,목요일,경기도 용인시 기흥구 서천동,경상사고,0,0,1,0,차대사람 - 횡단중,보행자보호의무위반,포장 - 건조,맑음,교차로 - 교차로안,이륜,남,41세,상해없음,보행자,여,23세,경상
5920,2021093000100507,2021년 9월 30일 18시,목요일,경기도 화성시 봉담읍,경상사고,0,0,1,0,차대사람 - 횡단중,안전운전불이행,포장 - 건조,맑음,교차로 - 교차로안,기타불명,기타불명,미분류,기타불명,보행자,여,19세,경상
5921,2021093000100534,2021년 9월 30일 18시,목요일,경기도 의정부시 호원동,중상사고,0,1,0,0,차대사람 - 횡단중,안전운전불이행,포장 - 건조,맑음,교차로 - 교차로부근,이륜,남,37세,상해없음,보행자,여,85세,중상
5922,2021093000100537,2021년 9월 30일 18시,목요일,경기도 파주시 야동동,중상사고,0,1,0,0,차대사람 - 보도통행중,보행자보호의무위반,포장 - 건조,맑음,단일로 - 지하차도(도로)내,승용,남,40세,상해없음,보행자,여,55세,중상
5923,2021093000100556,2021년 9월 30일 19시,목요일,경기도 광주시 곤지암읍,중상사고,0,1,0,0,차대사람 - 횡단중,신호위반,포장 - 건조,맑음,교차로 - 교차로횡단보도내,승합,남,72세,상해없음,보행자,남,67세,중상
5924,2021093000100562,2021년 9월 30일 19시,목요일,경기도 안산시 상록구 건건동,중상사고,0,1,1,0,차대사람 - 기타,안전운전불이행,포장 - 건조,맑음,단일로 - 기타,승용,남,53세,상해없음,보행자,여,73세,중상
5925,2021093000100580,2021년 9월 30일 19시,목요일,경기도 양주시 남면,경상사고,0,0,2,0,차대사람 - 기타,안전운전불이행,포장 - 건조,맑음,단일로 - 기타,자전거,남,53세,상해없음,보행자,여,66세,경상
5926,2021093000100581,2021년 9월 30일 19시,목요일,경기도 남양주시 진건읍,중상사고,0,1,0,0,차대사람 - 횡단중,중앙선침범,포장 - 건조,맑음,단일로 - 기타,승용,여,52세,상해없음,보행자,여,60세,중상
5927,2021093000100638,2021년 9월 30일 22시,목요일,경기도 화성시 향남읍,경상사고,0,0,1,0,차대사람 - 기타,안전운전불이행,포장 - 건조,맑음,단일로 - 기타,승합,남,41세,상해없음,보행자,남,47세,경상
5928,2021093000100652,2021년 9월 30일 22시,목요일,경기도 의정부시 민락동,경상사고,0,0,1,1,차대사람 - 횡단중,안전운전불이행,포장 - 건조,맑음,교차로 - 교차로부근,이륜,남,18세,부상신고,보행자,남,22세,경상
5929,2021093000100654,2021년 9월 30일 22시,목요일,경기도 고양시 일산동구 정발산동,중상사고,0,1,0,0,차대사람 - 기타,보행자보호의무위반,포장 - 건조,맑음,교차로 - 교차로부근,개인형이동수단(PM),남,22세,기타불명,보행자,여,19세,중상
5930,2021100100100014,2021년 10월 1일 01시,금요일,경기도 광주시 곤지암읍,경상사고,0,0,1,0,차대사람 - 기타,안전운전불이행,포장 - 건조,맑음,단일로 - 기타,화물,남,38세,상해없음,보행자,남,33세,경상
5931,2021100100100026,2021년 10월 1일 05시,금요일,경기도 김포시 풍무동,중상사고,0,1,0,0,차대사람 - 횡단중,보행자보호의무위반,포장 - 건조,맑음,교차로 - 교차로횡단보도내,승용,남,67세,상해없음,보행자,여,25세,중상
5932,2021100100100075,2021년 10월 1일 08시,금요일,경기도 성남시 중원구 상대원동,경상사고,0,0,1,0,차대사람 - 횡단중,중앙선침범,포장 - 건조,흐림,단일로 - 기타,승용,남,31세,상해없음,보행자,여,61세,경상
5933,2021100100100077,2021년 10월 1일 08시,금요일,경기도 하남시 덕풍동,부상신고사고,0,0,0,1,차대사람 - 기타,안전운전불이행,포장 - 젖음/습기,맑음,단일로 - 터널,기타불명,기타불명,미분류,기타불명,보행자,여,25세,부상신고
5934,2021100100100215,2021년 10월 1일 11시,금요일,경기도 고양시 덕양구 관산동,중상사고,0,1,0,0,차대사람 - 기타,기타,포장 - 건조,맑음,단일로 - 기타,승합,남,68세,상해없음,보행자,여,79세,중상
5935,2021100100100222,2021년 10월 1일 12시,금요일,경기도 광주시 역동,경상사고,0,0,1,0,차대사람 - 기타,안전운전불이행,포장 - 건조,맑음,교차로 - 교차로부근,승용,여,74세,상해없음,보행자,남,41세,경상
5936,2021100100100223,2021년 10월 1일 12시,금요일,경기도 광주시 장지동,경상사고,0,0,2,0,차대사람 - 기타,안전운전불이행,포장 - 건조,맑음,단일로 - 기타,승용,여,53세,상해없음,보행자,여,19세,경상
5937,2021100100100227,2021년 10월 1일 12시,금요일,경기도 용인시 수지구 죽전동,경상사고,0,0,1,0,차대사람 - 기타,안전운전불이행,포장 - 건조,맑음,기타 - 기타,승용,여,61세,상해없음,보행자,남,46세,경상
5938,2021100100100266,2021년 10월 1일 13시,금요일,경기도 안성시 당왕동,부상신고사고,0,0,0,1,차대사람 - 기타,안전운전불이행,포장 - 건조,맑음,기타 - 기타,기타불명,기타불명,미분류,기타불명,보행자,여,8세,부상신고
5939,2021100100100351,2021년 10월 1일 15시,금요일,경기도 용인시 수지구 신봉동,중상사고,0,1,0,0,차대사람 - 보도통행중,안전운전불이행,포장 - 건조,맑음,교차로 - 교차로부근,승합,남,70세,상해없음,보행자,여,61세,중상
5940,2021100100100376,2021년 10월 1일 15시,금요일,경기도 의정부시 장암동,경상사고,0,0,1,0,차대사람 - 보도통행중,기타,포장 - 건조,맑음,기타 - 기타,승합,남,51세,상해없음,보행자,여,27세,경상
5941,2021100100100378,2021년 10월 1일 15시,금요일,경기도 고양시 일산동구 백석동,경상사고,0,0,1,0,차대사람 - 보도통행중,기타,포장 - 건조,맑음,단일로 - 기타,이륜,남,52세,기타불명,보행자,남,12세,경상
5942,2021100100100399,2021년 10월 1일 16시,금요일,경기도 광주시 목현동,중상사고,0,1,0,0,차대사람 - 차도통행중,안전운전불이행,포장 - 건조,맑음,단일로 - 기타,승용,남,66세,상해없음,보행자,여,63세,중상
5943,2021100100100445,2021년 10월 1일 17시,금요일,경기도 수원시 장안구 연무동,경상사고,0,0,1,0,차대사람 - 기타,교차로운행방법위반,포장 - 건조,맑음,교차로 - 교차로안,승용,남,51세,상해없음,보행자,여,23세,경상
5944,2021100100100446,2021년 10월 1일 17시,금요일,경기도 수원시 팔달구 우만동,경상사고,0,0,1,0,차대사람 - 횡단중,신호위반,포장 - 건조,맑음,교차로 - 교차로부근,승용,남,38세,상해없음,보행자,여,70세,경상
5945,2021100100100472,2021년 10월 1일 17시,금요일,경기도 고양시 일산동구 정발산동,경상사고,0,0,1,0,차대사람 - 횡단중,안전운전불이행,포장 - 건조,맑음,단일로 - 기타,승용,여,62세,상해없음,보행자,여,66세,경상
5946,2021100100100488,2021년 10월 1일 18시,금요일,경기도 광주시 역동,경상사고,0,0,1,0,차대사람 - 횡단중,안전운전불이행,포장 - 건조,맑음,단일로 - 기타,승합,남,63세,상해없음,보행자,여,54세,경상
5947,2021100100100561,2021년 10월 1일 19시,금요일,경기도 부천시 역곡동,중상사고,0,1,0,0,차대사람 - 기타,안전운전불이행,포장 - 건조,맑음,기타 - 기타,개인형이동수단(PM),남,21세,상해없음,보행자,여,30세,중상
5948,2021100100100565,2021년 10월 1일 19시,금요일,경기도 화성시 병점동,경상사고,0,0,1,0,차대사람 - 기타,안전운전불이행,포장 - 건조,맑음,단일로 - 기타,승용,남,67세,상해없음,보행자,여,45세,경상
5949,2021100100100586,2021년 10월 1일 19시,금요일,경기도 파주시 금촌동,경상사고,0,0,1,0,차대사람 - 기타,보행자보호의무위반,포장 - 건조,맑음,단일로 - 기타,승용,남,38세,상해없음,보행자,여,49세,경상
5950,2021100100100596,2021년 10월 1일 20시,금요일,경기도 안성시 일죽면,사망사고,1,0,0,0,차대사람 - 길가장자리구역통행중,안전운전불이행,포장 - 건조,맑음,단일로 - 기타,승용,남,60세,상해없음,보행자,남,64세,사망
5951,2021100100100633,2021년 10월 1일 21시,금요일,경기도 고양시 일산동구 마두동,중상사고,0,1,0,0,차대사람 - 기타,안전운전불이행,포장 - 건조,맑음,단일로 - 기타,승용,남,46세,상해없음,보행자,여,27세,중상
5952,2021100100100658,2021년 10월 1일 22시,금요일,경기도 수원시 장안구 영화동,경상사고,0,0,1,0,차대사람 - 기타,안전운전불이행,포장 - 젖음/습기,비,단일로 - 기타,승합,남,56세,상해없음,보행자,남,38세,경상
5953,2021100100100661,2021년 10월 1일 22시,금요일,경기도 수원시 권선구 호매실동,경상사고,0,0,1,0,차대사람 - 기타,안전운전불이행,포장 - 젖음/습기,비,단일로 - 기타,승용,남,47세,상해없음,보행자,남,64세,경상
5954,2021100100100662,2021년 10월 1일 22시,금요일,경기도 화성시 향남읍,사망사고,1,0,0,0,차대사람 - 횡단중,안전운전불이행,포장 - 건조,흐림,교차로 - 교차로횡단보도내,승용,남,37세,상해없음,보행자,남,50세,사망
5955,2021100100100689,2021년 10월 1일 22시,금요일,경기도 의정부시 용현동,경상사고,0,0,1,0,차대사람 - 기타,안전운전불이행,포장 - 젖음/습기,비,교차로 - 교차로부근,승용,여,50세,상해없음,보행자,남,18세,경상
5956,2021100100100691,2021년 10월 1일 22시,금요일,경기도 구리시 인창동,부상신고사고,0,0,0,1,차대사람 - 횡단중,신호위반,포장 - 젖음/습기,비,교차로 - 교차로안,승용,남,61세,상해없음,보행자,여,19세,부상신고
5957,2021100100100700,2021년 10월 1일 23시,금요일,경기도 성남시 수정구 신흥동,중상사고,0,1,0,0,차대사람 - 횡단중,안전운전불이행,포장 - 젖음/습기,비,단일로 - 기타,이륜,남,25세,상해없음,보행자,남,40세,중상
5958,2021100100100701,2021년 10월 1일 23시,금요일,경기도 평택시 지제동,중상사고,0,1,0,0,차대사람 - 기타,기타,포장 - 젖음/습기,흐림,교차로 - 교차로부근,승용,남,63세,상해없음,보행자,남,30세,중상
5959,2021100100100703,2021년 10월 1일 23시,금요일,경기도 여주시 상동,중상사고,0,1,0,0,차대사람 - 차도통행중,안전운전불이행,포장 - 젖음/습기,비,단일로 - 기타,승용,남,25세,상해없음,보행자,남,46세,중상
5960,2021100200100107,2021년 10월 2일 09시,토요일,경기도 남양주시 화도읍,경상사고,0,0,1,0,차대사람 - 차도통행중,안전운전불이행,포장 - 건조,맑음,기타 - 기타,자전거,남,13세,상해없음,보행자,남,48세,경상
5961,2021100200100115,2021년 10월 2일 10시,토요일,경기도 용인시 기흥구 상하동,중상사고,0,1,0,0,차대사람 - 횡단중,신호위반,포장 - 건조,맑음,교차로 - 교차로안,화물,남,54세,상해없음,보행자,남,85세,중상
5962,2021100200100117,2021년 10월 2일 10시,토요일,경기도 용인시 기흥구 상하동,중상사고,0,1,0,1,차대사람 - 기타,안전운전불이행,포장 - 건조,맑음,기타 - 기타,자전거,남,58세,중상,보행자,남,54세,부상신고
5963,2021100200100166,2021년 10월 2일 11시,토요일,경기도 성남시 중원구 은행동,경상사고,0,0,1,0,차대사람 - 차도통행중,안전운전불이행,포장 - 건조,맑음,단일로 - 기타,이륜,남,27세,상해없음,보행자,여,77세,경상
5964,2021100200100167,2021년 10월 2일 11시,토요일,경기도 시흥시 대야동,중상사고,0,1,0,0,차대사람 - 횡단중,안전운전불이행,포장 - 건조,맑음,교차로 - 교차로안,화물,남,40세,상해없음,보행자,여,89세,중상
5965,2021100200100168,2021년 10월 2일 11시,토요일,경기도 수원시 권선구 탑동,경상사고,0,0,1,0,차대사람 - 기타,안전운전불이행,포장 - 건조,맑음,교차로 - 교차로부근,승용,남,68세,상해없음,보행자,남,54세,경상
5966,2021100200100195,2021년 10월 2일 11시,토요일,경기도 파주시 금촌동,경상사고,0,0,1,0,차대사람 - 기타,기타,포장 - 기타,맑음,단일로 - 기타,화물,남,61세,상해없음,보행자,여,38세,경상
5967,2021100200100290,2021년 10월 2일 14시,토요일,경기도 부천시 심곡동,경상사고,0,0,1,0,차대사람 - 기타,안전운전불이행,포장 - 건조,맑음,단일로 - 기타,승용,남,63세,상해없음,보행자,남,77세,경상
5968,2021100200100310,2021년 10월 2일 14시,토요일,경기도 고양시 일산동구 백석동,경상사고,0,0,1,0,차대사람 - 기타,안전운전불이행,포장 - 건조,맑음,교차로 - 교차로부근,승용,남,60세,상해없음,보행자,남,26세,경상
5969,2021100200100323,2021년 10월 2일 15시,토요일,경기도 시흥시 하중동,경상사고,0,0,1,0,차대사람 - 기타,안전운전불이행,포장 - 건조,맑음,단일로 - 기타,승용,남,63세,상해없음,보행자,여,76세,경상
5970,2021100200100355,2021년 10월 2일 15시,토요일,경기도 의정부시 민락동,경상사고,0,0,1,0,차대사람 - 횡단중,기타,포장 - 건조,맑음,단일로 - 기타,개인형이동수단(PM),남,19세,상해없음,보행자,남,5세,경상
5971,2021100200100356,2021년 10월 2일 15시,토요일,경기도 의정부시 의정부동,경상사고,0,0,1,0,차대사람 - 차도통행중,안전운전불이행,포장 - 건조,맑음,단일로 - 기타,승용,여,56세,상해없음,보행자,남,44세,경상
5972,2021100200100357,2021년 10월 2일 15시,토요일,경기도 파주시 야당동,경상사고,0,0,1,0,차대사람 - 기타,안전운전불이행,포장 - 건조,맑음,기타 - 기타,자전거,남,24세,상해없음,보행자,남,4세,경상
5973,2021100200100376,2021년 10월 2일 16시,토요일,경기도 안산시 단원구 선부동,부상신고사고,0,0,0,1,차대사람 - 보도통행중,안전운전불이행,포장 - 건조,맑음,단일로 - 기타,자전거,기타불명,미분류,기타불명,보행자,남,6세,부상신고
5974,2021100200100381,2021년 10월 2일 16시,토요일,경기도 부천시 원종동,경상사고,0,0,1,0,차대사람 - 횡단중,안전운전불이행,포장 - 건조,맑음,기타 - 기타,승용,여,34세,기타불명,보행자,여,16세,경상
5975,2021100200100418,2021년 10월 2일 17시,토요일,경기도 안산시 상록구 본오동,경상사고,0,0,1,0,차대사람 - 횡단중,신호위반,포장 - 건조,맑음,단일로 - 기타,이륜,남,17세,상해없음,보행자,남,26세,경상
5976,2021100200100493,2021년 10월 2일 18시,토요일,경기도 연천군 왕징면,중상사고,0,1,0,0,차대사람 - 차도통행중,안전운전불이행,포장 - 건조,맑음,단일로 - 지하차도(도로)내,승용,남,73세,상해없음,보행자,남,89세,중상
5977,2021100200100545,2021년 10월 2일 20시,토요일,경기도 부천시 중동,경상사고,0,0,1,0,차대사람 - 기타,안전운전불이행,포장 - 건조,맑음,교차로 - 교차로안,승용,남,63세,상해없음,보행자,남,24세,경상
5978,2021100200100547,2021년 10월 2일 20시,토요일,경기도 부천시 고강동,경상사고,0,0,1,0,차대사람 - 차도통행중,안전운전불이행,포장 - 건조,맑음,단일로 - 기타,이륜,남,18세,상해없음,보행자,남,53세,경상
5979,2021100200100614,2021년 10월 2일 22시,토요일,경기도 남양주시 퇴계원읍,경상사고,0,0,2,0,차대사람 - 횡단중,안전운전불이행,포장 - 건조,맑음,단일로 - 기타,승용,남,35세,상해없음,보행자,남,29세,경상
5980,2021100200100626,2021년 10월 2일 23시,토요일,경기도 부천시 도당동,부상신고사고,0,0,0,1,차대사람 - 기타,안전운전불이행,포장 - 건조,맑음,단일로 - 기타,화물,남,65세,상해없음,보행자,남,51세,부상신고
5981,2021100200100628,2021년 10월 2일 23시,토요일,경기도 수원시 팔달구 인계동,경상사고,0,0,1,0,차대사람 - 기타,안전운전불이행,포장 - 건조,맑음,단일로 - 기타,이륜,남,22세,상해없음,보행자,남,50세,경상
5982,2021100300100005,2021년 10월 3일 00시,일요일,경기도 평택시 서정동,경상사고,0,0,1,0,차대사람 - 기타,안전운전불이행,포장 - 건조,맑음,단일로 - 기타,기타불명,기타불명,미분류,기타불명,보행자,여,24세,경상
5983,2021100300100047,2021년 10월 3일 07시,일요일,경기도 김포시 풍무동,경상사고,0,0,1,0,차대사람 - 횡단중,보행자보호의무위반,포장 - 건조,맑음,교차로 - 교차로횡단보도내,승용,남,28세,상해없음,보행자,여,52세,경상
5984,2021100300100069,2021년 10월 3일 09시,일요일,경기도 안양시 만안구 석수동,경상사고,0,0,1,0,차대사람 - 기타,보행자보호의무위반,포장 - 건조,맑음,단일로 - 기타,승용,남,54세,상해없음,보행자,남,15세,경상
5985,2021100300100112,2021년 10월 3일 11시,일요일,경기도 군포시 대야미동,중상사고,0,1,0,0,차대사람 - 기타,안전운전불이행,포장 - 건조,맑음,교차로 - 교차로부근,승용,여,63세,상해없음,보행자,여,69세,중상
5986,2021100300100157,2021년 10월 3일 12시,일요일,경기도 의왕시 삼동,경상사고,0,0,1,0,차대사람 - 차도통행중,안전운전불이행,포장 - 건조,맑음,단일로 - 기타,승용,여,66세,상해없음,보행자,남,60세,경상
5987,2021100300100183,2021년 10월 3일 13시,일요일,경기도 여주시 연양동,중상사고,0,1,1,0,차대사람 - 기타,안전운전불이행,포장 - 건조,맑음,기타 - 기타,자전거,남,29세,경상,보행자,여,35세,중상
5988,2021100300100248,2021년 10월 3일 14시,일요일,경기도 포천시 소흘읍,사망사고,1,0,0,0,차대사람 - 차도통행중,중앙선침범,포장 - 건조,맑음,단일로 - 기타,승용,여,52세,상해없음,보행자,남,86세,사망
5989,2021100300100263,2021년 10월 3일 15시,일요일,경기도 용인시 수지구 풍덕천동,경상사고,0,0,1,0,차대사람 - 기타,안전운전불이행,포장 - 건조,맑음,단일로 - 기타,승용,여,26세,상해없음,보행자,남,26세,경상
5990,2021100300100289,2021년 10월 3일 16시,일요일,경기도 광주시 남한산성면,중상사고,0,1,0,0,차대사람 - 차도통행중,안전운전불이행,포장 - 건조,맑음,단일로 - 기타,승용,남,60세,상해없음,보행자,남,13세,중상
5991,2021100300100290,2021년 10월 3일 16시,일요일,경기도 용인시 기흥구 상하동,경상사고,0,0,1,1,차대사람 - 기타,안전운전불이행,포장 - 건조,맑음,단일로 - 기타,자전거,남,67세,부상신고,보행자,여,72세,경상
5992,2021100300100320,2021년 10월 3일 17시,일요일,경기도 여주시 가남읍,경상사고,0,0,1,0,차대사람 - 횡단중,안전운전불이행,포장 - 건조,맑음,교차로 - 교차로안,승용,여,59세,상해없음,보행자,여,49세,경상
5993,2021100300100322,2021년 10월 3일 17시,일요일,경기도 김포시 고촌읍,중상사고,0,1,0,0,차대사람 - 보도통행중,기타,포장 - 건조,맑음,기타 - 기타,개인형이동수단(PM),남,34세,상해없음,보행자,여,79세,중상
5994,2021100300100400,2021년 10월 3일 19시,일요일,경기도 안양시 동안구 관양동,중상사고,0,1,0,0,차대사람 - 보도통행중,안전운전불이행,포장 - 건조,맑음,기타 - 기타,자전거,남,39세,상해없음,보행자,여,60세,중상
5995,2021100300100401,2021년 10월 3일 19시,일요일,경기도 김포시 북변동,경상사고,0,0,1,0,차대사람 - 기타,보행자보호의무위반,포장 - 건조,맑음,교차로 - 교차로안,승합,남,54세,상해없음,보행자,남,57세,경상
5996,2021100300100402,2021년 10월 3일 19시,일요일,경기도 부천시 괴안동,경상사고,0,0,1,0,차대사람 - 기타,안전운전불이행,포장 - 건조,맑음,교차로 - 교차로안,이륜,남,24세,상해없음,보행자,여,64세,경상
5997,2021100300100406,2021년 10월 3일 19시,일요일,경기도 성남시 중원구 상대원동,경상사고,0,0,1,0,차대사람 - 기타,안전운전불이행,포장 - 건조,맑음,단일로 - 기타,승용,남,62세,상해없음,보행자,여,48세,경상
5998,2021100300100409,2021년 10월 3일 19시,일요일,경기도 화성시 장안면,중상사고,0,1,1,0,차대사람 - 차도통행중,안전운전불이행,포장 - 건조,맑음,단일로 - 기타,승용,남,40세,상해없음,보행자,남,38세,중상
5999,2021100300100430,2021년 10월 3일 19시,일요일,경기도 고양시 덕양구 도내동,중상사고,0,1,0,0,차대사람 - 기타,안전운전불이행,포장 - 건조,맑음,단일로 - 기타,개인형이동수단(PM),남,16세,상해없음,보행자,여,24세,중상