,사고번호,사고일시,요일,시군구,사고내용,사망자수,중상자수,경상자수,부상신고자수,사고유형,법규위반,노면상태,기상상태,도로형태,가해운전자 차종,가해운전자 성별,가해운전자 연령,가해운전자 상해정도,피해운전자 차종,피해운전자 성별,피해운전자 연령,피해운전자 상해정도
6000,2021100300100439,2021년 10월 3일 20시,일요일,경기도 평택시 서정동,중상사고,0,1,0,0,차대사람 - 횡단중,신호위반,포장 - 건조,맑음,단일로 - 기타,승용,남,27세,상해없음,보행자,여,19세,중상
6001,2021100300100444,2021년 10월 3일 20시,일요일,경기도 성남시 분당구 이매동,경상사고,0,0,1,0,차대사람 - 기타,안전운전불이행,포장 - 건조,맑음,단일로 - 기타,이륜,남,17세,상해없음,보행자,여,64세,경상
6002,2021100300100457,2021년 10월 3일 20시,일요일,경기도 의정부시 의정부동,중상사고,0,1,0,0,차대사람 - 횡단중,안전운전불이행,포장 - 건조,맑음,단일로 - 기타,승용,남,39세,상해없음,보행자,남,56세,중상
6003,2021100300100485,2021년 10월 3일 21시,일요일,경기도 파주시 월롱면,경상사고,0,0,1,0,차대사람 - 기타,안전운전불이행,포장 - 건조,맑음,단일로 - 기타,승용,남,52세,상해없음,보행자,남,52세,경상
6004,2021100300100500,2021년 10월 3일 22시,일요일,경기도 화성시 팔탄면,경상사고,0,0,1,0,차대사람 - 기타,안전운전불이행,포장 - 건조,맑음,기타 - 기타,승용,여,56세,상해없음,보행자,여,37세,경상
6005,2021100400100031,2021년 10월 4일 05시,월요일,경기도 안산시 단원구 원곡동,경상사고,0,0,1,0,차대사람 - 기타,안전운전불이행,포장 - 건조,맑음,기타 - 기타,승용,남,71세,상해없음,보행자,여,55세,경상
6006,2021100400100035,2021년 10월 4일 06시,월요일,경기도 평택시 팽성읍,사망사고,1,0,0,0,차대사람 - 횡단중,안전운전불이행,포장 - 젖음/습기,안개,단일로 - 기타,승용,남,41세,상해없음,보행자,여,80세,사망
6007,2021100400100071,2021년 10월 4일 09시,월요일,경기도 평택시 팽성읍,중상사고,0,2,0,0,차대사람 - 기타,안전운전불이행,포장 - 건조,맑음,교차로 - 교차로부근,화물,남,52세,상해없음,보행자,여,56세,중상
6008,2021100400100091,2021년 10월 4일 09시,월요일,경기도 의정부시 신곡동,중상사고,0,1,0,0,차대사람 - 보도통행중,안전운전불이행,포장 - 건조,맑음,기타 - 기타,기타불명,여,56세,상해없음,보행자,여,85세,중상
6009,2021100400100138,2021년 10월 4일 12시,월요일,경기도 수원시 장안구 연무동,중상사고,0,1,0,0,차대사람 - 기타,안전운전불이행,포장 - 건조,맑음,기타 - 기타,승용,남,72세,상해없음,보행자,남,38세,중상
6010,2021100400100197,2021년 10월 4일 13시,월요일,경기도 고양시 덕양구 주교동,중상사고,0,1,0,0,차대사람 - 기타,보행자보호의무위반,포장 - 건조,맑음,단일로 - 기타,화물,남,60세,상해없음,보행자,남,59세,중상
6011,2021100400100203,2021년 10월 4일 14시,월요일,경기도 안양시 동안구 호계동,경상사고,0,0,2,0,차대사람 - 기타,신호위반,포장 - 건조,맑음,교차로 - 교차로안,승용,남,65세,상해없음,보행자,남,31세,경상
6012,2021100400100208,2021년 10월 4일 14시,월요일,경기도 화성시 향남읍,중상사고,0,1,0,0,차대사람 - 기타,안전운전불이행,포장 - 건조,맑음,기타 - 기타,승용,남,66세,상해없음,보행자,여,73세,중상
6013,2021100400100311,2021년 10월 4일 17시,월요일,경기도 수원시 팔달구 인계동,경상사고,0,0,1,0,차대사람 - 횡단중,안전운전불이행,포장 - 건조,맑음,교차로 - 교차로횡단보도내,승용,여,22세,상해없음,보행자,여,51세,경상
6014,2021100400100313,2021년 10월 4일 17시,월요일,경기도 안산시 상록구 본오동,경상사고,0,0,1,0,차대사람 - 횡단중,안전운전불이행,포장 - 건조,맑음,단일로 - 기타,승용,여,41세,상해없음,보행자,남,27세,경상
6015,2021100400100314,2021년 10월 4일 17시,월요일,경기도 안산시 상록구 본오동,경상사고,0,0,1,0,차대사람 - 기타,안전운전불이행,포장 - 건조,맑음,단일로 - 기타,승용,여,44세,상해없음,보행자,남,10세,경상
6016,2021100400100346,2021년 10월 4일 18시,월요일,경기도 양평군 개군면,중상사고,0,1,0,0,차대사람 - 기타,과속,포장 - 젖음/습기,비,단일로 - 기타,화물,남,75세,상해없음,보행자,여,56세,중상
6017,2021100400100410,2021년 10월 4일 19시,월요일,경기도 파주시 문산읍,중상사고,0,1,0,0,차대사람 - 횡단중,안전운전불이행,포장 - 젖음/습기,비,단일로 - 지하차도(도로)내,승용,여,65세,상해없음,보행자,남,57세,중상
6018,2021100400100421,2021년 10월 4일 20시,월요일,경기도 오산시 갈곶동,중상사고,0,1,0,0,차대사람 - 횡단중,안전운전불이행,포장 - 건조,맑음,교차로 - 교차로안,승용,남,26세,상해없음,보행자,남,55세,중상
6019,2021100400100424,2021년 10월 4일 20시,월요일,경기도 시흥시 정왕동,경상사고,0,0,1,0,차대사람 - 길가장자리구역통행중,안전운전불이행,포장 - 건조,맑음,단일로 - 기타,화물,남,63세,상해없음,보행자,여,37세,경상
6020,2021100400100453,2021년 10월 4일 21시,월요일,경기도 평택시 팽성읍,경상사고,0,0,1,0,차대사람 - 차도통행중,안전운전불이행,포장 - 건조,맑음,교차로 - 교차로부근,승용,남,42세,상해없음,보행자,남,24세,경상
6021,2021100400100454,2021년 10월 4일 21시,월요일,경기도 오산시 원동,경상사고,0,0,1,0,차대사람 - 기타,안전운전불이행,포장 - 건조,맑음,단일로 - 기타,승용,남,20세,상해없음,보행자,남,27세,경상
6022,2021100400100468,2021년 10월 4일 21시,월요일,경기도 고양시 일산동구 백석동,사망사고,1,0,0,0,차대사람 - 횡단중,안전운전불이행,포장 - 젖음/습기,비,단일로 - 기타,승합,남,66세,상해없음,보행자,남,59세,사망
6023,2021100400100476,2021년 10월 4일 22시,월요일,경기도 안산시 단원구 선부동,경상사고,0,0,1,0,차대사람 - 기타,교차로운행방법위반,포장 - 건조,기타,교차로 - 교차로안,승용,남,40세,상해없음,보행자,남,45세,경상
6024,2021100500100001,2021년 10월 5일 00시,화요일,경기도 안성시 대덕면,중상사고,0,1,0,0,차대사람 - 기타,안전운전불이행,포장 - 건조,맑음,단일로 - 기타,승용,남,41세,상해없음,보행자,남,42세,중상
6025,2021100500100020,2021년 10월 5일 05시,화요일,경기도 시흥시 신천동,경상사고,0,0,1,0,차대사람 - 기타,안전운전불이행,포장 - 건조,맑음,기타 - 기타,승용,남,56세,상해없음,보행자,남,62세,경상
6026,2021100500100028,2021년 10월 5일 06시,화요일,경기도 용인시 기흥구 언남동,중상사고,0,1,0,0,차대사람 - 횡단중,신호위반,포장 - 건조,맑음,교차로 - 교차로안,승용,여,77세,상해없음,보행자,남,79세,중상
6027,2021100500100037,2021년 10월 5일 07시,화요일,경기도 평택시 고덕면,경상사고,0,0,1,0,차대사람 - 횡단중,보행자보호의무위반,포장 - 건조,맑음,교차로 - 교차로횡단보도내,승용,남,29세,상해없음,보행자,남,25세,경상
6028,2021100500100038,2021년 10월 5일 07시,화요일,경기도 안성시 석정동,중상사고,0,1,0,0,차대사람 - 횡단중,보행자보호의무위반,포장 - 건조,맑음,단일로 - 기타,승합,남,54세,상해없음,보행자,남,16세,중상
6029,2021100500100041,2021년 10월 5일 07시,화요일,경기도 부천시 송내동,경상사고,0,0,1,0,차대사람 - 기타,안전운전불이행,포장 - 건조,맑음,단일로 - 기타,승용,여,62세,상해없음,보행자,남,66세,경상
6030,2021100500100072,2021년 10월 5일 08시,화요일,경기도 광주시 송정동,경상사고,0,0,1,0,차대사람 - 횡단중,보행자보호의무위반,포장 - 건조,맑음,교차로 - 교차로안,승용,여,30세,상해없음,보행자,여,41세,경상
6031,2021100500100078,2021년 10월 5일 08시,화요일,경기도 성남시 중원구 상대원동,경상사고,0,0,1,0,차대사람 - 기타,안전운전불이행,포장 - 건조,맑음,기타 - 기타,승합,남,60세,상해없음,보행자,여,17세,경상
6032,2021100500100079,2021년 10월 5일 08시,화요일,경기도 화성시 향남읍,부상신고사고,0,0,0,1,차대사람 - 보도통행중,안전운전불이행,포장 - 건조,맑음,교차로 - 교차로안,승용,남,74세,상해없음,보행자,여,13세,부상신고
6033,2021100500100132,2021년 10월 5일 09시,화요일,경기도 고양시 덕양구 행신동,중상사고,0,1,0,0,차대사람 - 기타,안전운전불이행,포장 - 건조,맑음,교차로 - 교차로안,승용,여,36세,상해없음,보행자,남,59세,중상
6034,2021100500100134,2021년 10월 5일 09시,화요일,경기도 고양시 일산동구 백석동,사망사고,1,0,0,0,차대사람 - 기타,안전운전불이행,포장 - 건조,맑음,교차로 - 교차로안,건설기계,남,63세,상해없음,보행자,남,82세,사망
6035,2021100500100183,2021년 10월 5일 11시,화요일,경기도 수원시 팔달구 매교동,경상사고,0,0,1,0,차대사람 - 차도통행중,안전운전불이행,포장 - 건조,맑음,단일로 - 기타,승용,여,57세,상해없음,보행자,남,55세,경상
6036,2021100500100222,2021년 10월 5일 12시,화요일,경기도 평택시 모곡동,경상사고,0,0,1,0,차대사람 - 횡단중,안전운전불이행,포장 - 건조,맑음,교차로 - 교차로안,승용,남,34세,상해없음,보행자,남,60세,경상
6037,2021100500100224,2021년 10월 5일 12시,화요일,경기도 부천시 상동,경상사고,0,0,1,0,차대사람 - 보도통행중,안전운전불이행,포장 - 건조,맑음,교차로 - 교차로횡단보도내,승용,남,50세,상해없음,보행자,여,74세,경상
6038,2021100500100266,2021년 10월 5일 13시,화요일,경기도 화성시 병점동,부상신고사고,0,0,0,1,차대사람 - 차도통행중,안전운전불이행,포장 - 건조,맑음,단일로 - 기타,기타불명,기타불명,미분류,기타불명,보행자,남,8세,부상신고
6039,2021100500100304,2021년 10월 5일 14시,화요일,경기도 시흥시 정왕동,부상신고사고,0,0,0,1,차대사람 - 기타,안전운전불이행,포장 - 건조,맑음,단일로 - 기타,화물,남,29세,상해없음,보행자,남,41세,부상신고
6040,2021100500100335,2021년 10월 5일 14시,화요일,경기도 의정부시 가능동,부상신고사고,0,0,0,1,차대사람 - 차도통행중,안전운전불이행,포장 - 건조,맑음,교차로 - 교차로부근,승용,여,43세,상해없음,보행자,남,10세,부상신고
6041,2021100500100344,2021년 10월 5일 15시,화요일,경기도 광주시 오포읍,경상사고,0,0,1,0,차대사람 - 기타,안전운전불이행,포장 - 건조,맑음,기타 - 기타,승용,여,61세,상해없음,보행자,남,36세,경상
6042,2021100500100382,2021년 10월 5일 16시,화요일,경기도 평택시 비전동,경상사고,0,0,1,0,차대사람 - 횡단중,신호위반,포장 - 건조,맑음,교차로 - 교차로횡단보도내,승용,남,60세,상해없음,보행자,남,10세,경상
6043,2021100500100385,2021년 10월 5일 16시,화요일,경기도 수원시 팔달구 인계동,중상사고,0,1,0,0,차대사람 - 기타,안전운전불이행,포장 - 건조,맑음,교차로 - 교차로안,승용,남,69세,상해없음,보행자,남,74세,중상
6044,2021100500100425,2021년 10월 5일 17시,화요일,경기도 평택시 통복동,경상사고,0,0,1,0,차대사람 - 횡단중,안전운전불이행,포장 - 건조,맑음,단일로 - 기타,승용,여,63세,상해없음,보행자,여,53세,경상
6045,2021100500100433,2021년 10월 5일 17시,화요일,경기도 부천시 상동,경상사고,0,0,1,0,차대사람 - 횡단중,보행자보호의무위반,포장 - 건조,맑음,기타 - 기타,승용,남,34세,상해없음,보행자,여,18세,경상
6046,2021100500100437,2021년 10월 5일 17시,화요일,경기도 부천시 원종동,경상사고,0,0,2,0,차대사람 - 기타,안전운전불이행,포장 - 건조,맑음,단일로 - 기타,승용,남,68세,상해없음,보행자,여,79세,경상
6047,2021100500100481,2021년 10월 5일 18시,화요일,경기도 부천시 중동,경상사고,0,0,1,0,차대사람 - 기타,안전운전불이행,포장 - 건조,맑음,기타 - 기타,기타불명,기타불명,미분류,기타불명,보행자,남,37세,경상
6048,2021100500100482,2021년 10월 5일 18시,화요일,경기도 수원시 팔달구 인계동,경상사고,0,0,1,0,차대사람 - 보도통행중,보행자보호의무위반,포장 - 건조,맑음,교차로 - 교차로안,승용,남,60세,상해없음,보행자,남,30세,경상
6049,2021100500100522,2021년 10월 5일 18시,화요일,경기도 고양시 일산동구 마두동,경상사고,0,0,1,0,차대사람 - 보도통행중,안전운전불이행,포장 - 건조,맑음,단일로 - 기타,개인형이동수단(PM),여,24세,상해없음,보행자,여,24세,경상
6050,2021100500100525,2021년 10월 5일 18시,화요일,경기도 고양시 일산서구 대화동,중상사고,0,1,0,0,차대사람 - 기타,신호위반,포장 - 건조,맑음,교차로 - 교차로안,승용,여,81세,상해없음,보행자,남,62세,중상
6051,2021100500100565,2021년 10월 5일 19시,화요일,경기도 의정부시 의정부동,경상사고,0,0,1,0,차대사람 - 차도통행중,신호위반,포장 - 젖음/습기,비,교차로 - 교차로안,승용,여,36세,상해없음,보행자,여,43세,경상
6052,2021100500100575,2021년 10월 5일 20시,화요일,경기도 수원시 장안구 천천동,경상사고,0,0,1,0,차대사람 - 기타,보행자보호의무위반,포장 - 건조,맑음,교차로 - 교차로안,이륜,남,18세,기타불명,보행자,여,20세,경상
6053,2021100500100577,2021년 10월 5일 20시,화요일,경기도 광주시 목현동,중상사고,0,1,0,0,차대사람 - 기타,안전운전불이행,포장 - 건조,맑음,기타 - 기타,화물,남,25세,상해없음,보행자,여,58세,중상
6054,2021100500100580,2021년 10월 5일 20시,화요일,경기도 성남시 중원구 상대원동,중상사고,0,1,0,0,차대사람 - 기타,안전운전불이행,포장 - 건조,맑음,교차로 - 교차로부근,승용,여,51세,상해없음,보행자,남,61세,중상
6055,2021100500100605,2021년 10월 5일 21시,화요일,경기도 수원시 장안구 조원동,중상사고,0,1,0,0,차대사람 - 차도통행중,안전운전불이행,포장 - 건조,맑음,단일로 - 기타,이륜,남,21세,상해없음,보행자,여,68세,중상
6056,2021100500100616,2021년 10월 5일 21시,화요일,경기도 남양주시 별내동,경상사고,0,0,1,0,차대사람 - 기타,안전운전불이행,포장 - 건조,맑음,단일로 - 기타,자전거,여,13세,상해없음,보행자,남,54세,경상
6057,2021100500100623,2021년 10월 5일 22시,화요일,경기도 부천시 소사본동,경상사고,0,0,1,0,차대사람 - 횡단중,안전운전불이행,포장 - 건조,맑음,교차로 - 교차로안,이륜,남,26세,상해없음,보행자,남,42세,경상
6058,2021100500100626,2021년 10월 5일 22시,화요일,경기도 화성시 방교동,경상사고,0,0,1,0,차대사람 - 기타,안전운전불이행,포장 - 건조,맑음,교차로 - 교차로부근,승용,남,64세,상해없음,보행자,남,36세,경상
6059,2021100500100660,2021년 10월 5일 23시,화요일,경기도 고양시 덕양구 화정동,경상사고,0,0,1,0,차대사람 - 횡단중,신호위반,포장 - 건조,맑음,단일로 - 기타,승용,남,61세,상해없음,보행자,남,22세,경상
6060,2021100600100083,2021년 10월 6일 08시,수요일,경기도 수원시 팔달구 팔달로2가,경상사고,0,0,1,0,차대사람 - 횡단중,안전운전불이행,포장 - 건조,맑음,교차로 - 교차로부근,승용,남,79세,상해없음,보행자,남,25세,경상
6061,2021100600100087,2021년 10월 6일 08시,수요일,경기도 용인시 기흥구 영덕동,경상사고,0,0,1,0,차대사람 - 횡단중,보행자보호의무위반,포장 - 건조,맑음,교차로 - 교차로안,승용,남,30세,상해없음,보행자,남,28세,경상
6062,2021100600100115,2021년 10월 6일 08시,수요일,경기도 의정부시 금오동,경상사고,0,0,1,0,차대사람 - 횡단중,보행자보호의무위반,포장 - 젖음/습기,비,교차로 - 교차로부근,승용,여,48세,상해없음,보행자,남,64세,경상
6063,2021100600100142,2021년 10월 6일 09시,수요일,경기도 의정부시 호원동,중상사고,0,1,0,0,차대사람 - 횡단중,보행자보호의무위반,포장 - 건조,맑음,교차로 - 교차로안,승용,남,62세,상해없음,보행자,남,65세,중상
6064,2021100600100184,2021년 10월 6일 11시,수요일,경기도 이천시 창전동,경상사고,0,0,1,0,차대사람 - 기타,안전운전불이행,포장 - 젖음/습기,비,교차로 - 교차로부근,개인형이동수단(PM),남,17세,상해없음,보행자,여,27세,경상
6065,2021100600100218,2021년 10월 6일 12시,수요일,경기도 여주시 북내면,경상사고,0,0,1,0,차대사람 - 횡단중,안전운전불이행,포장 - 건조,맑음,기타 - 기타,화물,남,61세,상해없음,보행자,여,2세,경상
6066,2021100600100249,2021년 10월 6일 13시,수요일,경기도 평택시 서정동,경상사고,0,0,2,0,차대사람 - 횡단중,보행자보호의무위반,포장 - 건조,맑음,교차로 - 교차로횡단보도내,승용,여,34세,상해없음,보행자,남,80세,경상
6067,2021100600100283,2021년 10월 6일 14시,수요일,경기도 부천시 심곡본동,중상사고,0,1,0,0,차대사람 - 기타,불법유턴,포장 - 건조,맑음,단일로 - 기타,화물,남,33세,상해없음,보행자,남,78세,중상
6068,2021100600100350,2021년 10월 6일 15시,수요일,경기도 남양주시 진접읍,사망사고,1,0,0,0,차대사람 - 횡단중,안전운전불이행,포장 - 건조,맑음,단일로 - 기타,화물,남,51세,상해없음,보행자,남,82세,사망
6069,2021100600100358,2021년 10월 6일 16시,수요일,경기도 안양시 동안구 관양동,중상사고,0,1,0,0,차대사람 - 기타,안전운전불이행,포장 - 건조,맑음,교차로 - 교차로안,이륜,남,61세,상해없음,보행자,남,7세,중상
6070,2021100600100360,2021년 10월 6일 16시,수요일,경기도 오산시 금암동,부상신고사고,0,0,0,1,차대사람 - 보도통행중,안전운전불이행,포장 - 건조,맑음,단일로 - 기타,자전거,기타불명,미분류,기타불명,보행자,여,13세,부상신고
6071,2021100600100401,2021년 10월 6일 17시,수요일,경기도 부천시 괴안동,중상사고,0,1,0,0,차대사람 - 횡단중,안전운전불이행,포장 - 건조,맑음,교차로 - 교차로횡단보도내,승합,남,61세,상해없음,보행자,남,87세,중상
6072,2021100600100406,2021년 10월 6일 17시,수요일,경기도 화성시 남양읍,중상사고,0,1,0,0,차대사람 - 기타,신호위반,포장 - 건조,맑음,교차로 - 교차로안,건설기계,남,61세,상해없음,보행자,여,20세,중상
6073,2021100600100486,2021년 10월 6일 19시,수요일,경기도 김포시 통진읍,중상사고,0,1,0,0,차대사람 - 기타,안전운전불이행,포장 - 건조,맑음,단일로 - 기타,승합,남,42세,상해없음,보행자,남,56세,중상
6074,2021100600100487,2021년 10월 6일 19시,수요일,경기도 오산시 원동,경상사고,0,0,1,0,차대사람 - 기타,안전운전불이행,포장 - 건조,맑음,단일로 - 기타,승용,여,57세,상해없음,보행자,남,60세,경상
6075,2021100600100493,2021년 10월 6일 19시,수요일,경기도 부천시 고강동,경상사고,0,0,1,0,차대사람 - 기타,안전운전불이행,포장 - 건조,맑음,교차로 - 교차로부근,승용,여,50세,상해없음,보행자,남,53세,경상
6076,2021100600100525,2021년 10월 6일 19시,수요일,경기도 고양시 덕양구 행신동,경상사고,0,0,1,0,차대사람 - 기타,신호위반,포장 - 건조,맑음,교차로 - 교차로안,화물,남,64세,상해없음,보행자,남,27세,경상
6077,2021100600100545,2021년 10월 6일 20시,수요일,경기도 시흥시 방산동,사망사고,1,0,0,0,차대사람 - 차도통행중,안전운전불이행,포장 - 건조,맑음,단일로 - 기타,승용,남,39세,상해없음,보행자,남,95세,사망
6078,2021100600100549,2021년 10월 6일 20시,수요일,경기도 남양주시 화도읍,경상사고,0,0,1,0,차대사람 - 횡단중,보행자보호의무위반,포장 - 젖음/습기,흐림,단일로 - 기타,승용,여,49세,상해없음,보행자,여,28세,경상
6079,2021100700100016,2021년 10월 7일 04시,목요일,경기도 안양시 만안구 안양동,사망사고,1,0,0,0,차대사람 - 기타,안전운전불이행,포장 - 젖음/습기,비,단일로 - 기타,승합,남,59세,상해없음,보행자,여,75세,사망
6080,2021100700100032,2021년 10월 7일 06시,목요일,경기도 용인시 처인구 양지면,중상사고,0,1,0,0,차대사람 - 횡단중,안전운전불이행,포장 - 건조,맑음,단일로 - 기타,승용,남,76세,상해없음,보행자,여,65세,중상
6081,2021100700100050,2021년 10월 7일 07시,목요일,경기도 부천시 송내동,경상사고,0,0,1,0,차대사람 - 횡단중,보행자보호의무위반,포장 - 건조,맑음,단일로 - 기타,승용,남,59세,상해없음,보행자,남,25세,경상
6082,2021100700100052,2021년 10월 7일 07시,목요일,경기도 시흥시 정왕동,중상사고,0,1,0,0,차대사람 - 기타,안전운전불이행,포장 - 건조,맑음,단일로 - 기타,자전거,여,53세,중상,보행자,남,44세,상해없음
6083,2021100700100087,2021년 10월 7일 08시,목요일,경기도 성남시 수정구 단대동,중상사고,0,1,0,0,차대사람 - 기타,안전운전불이행,포장 - 젖음/습기,흐림,교차로 - 교차로안,승용,여,30세,상해없음,보행자,여,69세,중상
6084,2021100700100144,2021년 10월 7일 10시,목요일,경기도 수원시 장안구 천천동,중상사고,0,1,0,0,차대사람 - 기타,안전운전불이행,포장 - 젖음/습기,흐림,교차로 - 교차로안,승용,남,57세,상해없음,보행자,여,72세,중상
6085,2021100700100148,2021년 10월 7일 10시,목요일,경기도 김포시 대곶면,중상사고,0,1,0,0,차대사람 - 기타,불법유턴,포장 - 건조,맑음,단일로 - 기타,화물,남,71세,상해없음,보행자,남,61세,중상
6086,2021100700100186,2021년 10월 7일 11시,목요일,경기도 광명시 소하동,경상사고,0,0,1,0,차대사람 - 횡단중,보행자보호의무위반,포장 - 건조,맑음,교차로 - 교차로횡단보도내,화물,남,50세,상해없음,보행자,여,63세,경상
6087,2021100700100212,2021년 10월 7일 11시,목요일,경기도 구리시 인창동,경상사고,0,0,1,0,차대사람 - 횡단중,보행자보호의무위반,포장 - 건조,맑음,교차로 - 교차로안,승용,남,64세,상해없음,보행자,여,77세,경상
6088,2021100700100219,2021년 10월 7일 12시,목요일,경기도 수원시 장안구 영화동,경상사고,0,0,1,0,차대사람 - 횡단중,안전운전불이행,포장 - 건조,맑음,교차로 - 교차로안,승용,여,61세,상해없음,보행자,남,29세,경상
6089,2021100700100240,2021년 10월 7일 12시,목요일,경기도 동두천시 생연동,경상사고,0,0,1,0,차대사람 - 보도통행중,기타,포장 - 건조,맑음,단일로 - 기타,승용,여,59세,상해없음,보행자,여,77세,경상
6090,2021100700100290,2021년 10월 7일 14시,목요일,경기도 수원시 장안구 영화동,중상사고,0,1,0,0,차대사람 - 차도통행중,안전운전불이행,포장 - 건조,맑음,단일로 - 기타,이륜,남,54세,상해없음,보행자,남,51세,중상
6091,2021100700100294,2021년 10월 7일 14시,목요일,경기도 안산시 단원구 와동,부상신고사고,0,0,0,1,차대사람 - 횡단중,보행자보호의무위반,포장 - 기타,맑음,기타 - 기타,승용,여,51세,상해없음,보행자,남,22세,부상신고
6092,2021100700100310,2021년 10월 7일 14시,목요일,경기도 양주시 백석읍,경상사고,0,0,1,0,차대사람 - 기타,안전운전불이행,포장 - 건조,맑음,단일로 - 기타,승용,남,62세,상해없음,보행자,여,65세,경상
6093,2021100700100322,2021년 10월 7일 15시,목요일,경기도 부천시 오정동,중상사고,0,1,0,0,차대사람 - 기타,안전운전불이행,포장 - 건조,맑음,기타 - 기타,승용,남,21세,상해없음,보행자,남,30세,중상
6094,2021100700100378,2021년 10월 7일 16시,목요일,경기도 구리시 수택동,중상사고,0,2,1,0,차대사람 - 횡단중,보행자보호의무위반,포장 - 건조,맑음,교차로 - 교차로횡단보도내,승용,여,38세,상해없음,보행자,여,70세,중상
6095,2021100700100387,2021년 10월 7일 17시,목요일,경기도 성남시 중원구 도촌동,경상사고,0,0,1,0,차대사람 - 기타,안전운전불이행,포장 - 건조,맑음,교차로 - 교차로안,승합,남,60세,상해없음,보행자,남,65세,경상
6096,2021100700100426,2021년 10월 7일 18시,목요일,경기도 평택시 서정동,경상사고,0,0,1,0,차대사람 - 횡단중,보행자보호의무위반,포장 - 젖음/습기,흐림,단일로 - 기타,이륜,남,47세,상해없음,보행자,남,10세,경상
6097,2021100700100427,2021년 10월 7일 18시,목요일,경기도 평택시 장안동,경상사고,0,0,1,0,차대사람 - 보도통행중,신호위반,포장 - 건조,맑음,단일로 - 기타,승용,남,60세,기타불명,보행자,남,6세,경상
6098,2021100700100432,2021년 10월 7일 18시,목요일,경기도 수원시 영통구 이의동,경상사고,0,0,1,0,차대사람 - 횡단중,보행자보호의무위반,포장 - 건조,맑음,단일로 - 기타,이륜,남,19세,상해없음,보행자,남,61세,경상
6099,2021100700100470,2021년 10월 7일 18시,목요일,경기도 남양주시 와부읍,사망사고,1,0,0,0,차대사람 - 기타,안전운전불이행,포장 - 건조,맑음,단일로 - 기타,승용,남,69세,상해없음,보행자,여,80세,사망
6100,2021100700100522,2021년 10월 7일 19시,목요일,경기도 파주시 월롱면,중상사고,0,1,0,0,차대사람 - 기타,안전운전불이행,포장 - 건조,맑음,단일로 - 기타,승용,여,55세,상해없음,보행자,남,62세,중상
6101,2021100700100573,2021년 10월 7일 22시,목요일,경기도 수원시 팔달구 인계동,경상사고,0,0,1,0,차대사람 - 횡단중,보행자보호의무위반,포장 - 건조,맑음,교차로 - 교차로횡단보도내,승용,남,45세,상해없음,보행자,남,51세,경상
6102,2021100800100077,2021년 10월 8일 08시,금요일,경기도 용인시 처인구 양지면,경상사고,0,0,1,0,차대사람 - 기타,안전운전불이행,포장 - 젖음/습기,비,교차로 - 교차로안,승용,여,57세,상해없음,보행자,여,66세,경상
6103,2021100800100087,2021년 10월 8일 08시,금요일,경기도 부천시 고강동,경상사고,0,0,1,0,차대사람 - 기타,안전운전불이행,포장 - 건조,맑음,교차로 - 교차로안,화물,남,62세,상해없음,보행자,여,44세,경상
6104,2021100800100118,2021년 10월 8일 09시,금요일,경기도 수원시 장안구 송죽동,경상사고,0,0,1,0,차대사람 - 횡단중,기타,포장 - 젖음/습기,비,교차로 - 교차로부근,화물,남,28세,기타불명,보행자,남,28세,경상
6105,2021100800100171,2021년 10월 8일 10시,금요일,경기도 고양시 덕양구 고양동,경상사고,0,0,1,0,차대사람 - 차도통행중,안전운전불이행,포장 - 건조,맑음,교차로 - 교차로안,화물,남,48세,상해없음,보행자,남,79세,경상
6106,2021100800100181,2021년 10월 8일 11시,금요일,경기도 광주시 경안동,경상사고,0,0,1,0,차대사람 - 기타,안전운전불이행,포장 - 건조,맑음,단일로 - 기타,승용,여,48세,상해없음,보행자,남,72세,경상
6107,2021100800100205,2021년 10월 8일 11시,금요일,경기도 고양시 일산동구 중산동,중상사고,0,1,0,0,차대사람 - 기타,안전운전불이행,포장 - 건조,맑음,기타 - 기타,승용,남,72세,상해없음,보행자,여,83세,중상
6108,2021100800100281,2021년 10월 8일 13시,금요일,경기도 고양시 덕양구 고양동,경상사고,0,0,1,0,차대사람 - 차도통행중,안전운전불이행,포장 - 건조,맑음,단일로 - 기타,승용,남,71세,상해없음,보행자,남,65세,경상
6109,2021100800100300,2021년 10월 8일 14시,금요일,경기도 안산시 단원구 원곡동,중상사고,0,1,0,0,차대사람 - 기타,안전운전불이행,포장 - 젖음/습기,비,교차로 - 교차로안,화물,남,40세,상해없음,보행자,여,49세,중상
6110,2021100800100323,2021년 10월 8일 14시,금요일,경기도 남양주시 별내동,경상사고,0,0,1,0,차대사람 - 횡단중,보행자보호의무위반,포장 - 젖음/습기,비,교차로 - 교차로횡단보도내,화물,남,27세,상해없음,보행자,여,78세,경상
6111,2021100800100373,2021년 10월 8일 16시,금요일,경기도 용인시 처인구 김량장동,부상신고사고,0,0,0,1,차대사람 - 차도통행중,안전운전불이행,포장 - 건조,흐림,단일로 - 기타,승용,여,61세,상해없음,보행자,여,41세,부상신고
6112,2021100800100375,2021년 10월 8일 16시,금요일,경기도 오산시 오산동,부상신고사고,0,0,0,1,차대사람 - 기타,안전운전불이행,포장 - 건조,맑음,교차로 - 교차로안,승용,남,48세,상해없음,보행자,여,70세,부상신고