,사고번호,사고일시,요일,시군구,사고내용,사망자수,중상자수,경상자수,부상신고자수,사고유형,법규위반,노면상태,기상상태,도로형태,가해운전자 차종,가해운전자 성별,가해운전자 연령,가해운전자 상해정도,피해운전자 차종,피해운전자 성별,피해운전자 연령,피해운전자 상해정도
6113,2021100800100408,2021년 10월 8일 17시,금요일,경기도 평택시 지산동,중상사고,0,1,0,0,차대사람 - 보도통행중,안전운전불이행,포장 - 건조,맑음,교차로 - 교차로안,승용,여,60세,상해없음,보행자,여,55세,중상
6114,2021100800100414,2021년 10월 8일 17시,금요일,경기도 시흥시 월곶동,경상사고,0,0,1,0,차대사람 - 보도통행중,보행자보호의무위반,포장 - 건조,맑음,기타 - 기타,승용,남,68세,상해없음,보행자,남,48세,경상
6115,2021100800100466,2021년 10월 8일 18시,금요일,경기도 수원시 장안구 정자동,경상사고,0,0,1,0,차대사람 - 기타,안전운전불이행,포장 - 젖음/습기,비,교차로 - 교차로부근,이륜,남,19세,상해없음,보행자,여,67세,경상
6116,2021100800100473,2021년 10월 8일 18시,금요일,경기도 오산시 오산동,경상사고,0,0,1,0,차대사람 - 기타,안전운전불이행,포장 - 건조,맑음,기타 - 기타,기타불명,기타불명,미분류,기타불명,보행자,여,32세,경상
6117,2021100800100478,2021년 10월 8일 18시,금요일,경기도 성남시 중원구 하대원동,경상사고,0,0,1,0,차대사람 - 기타,기타,포장 - 건조,맑음,단일로 - 기타,승합,남,39세,상해없음,보행자,여,64세,경상
6118,2021100800100485,2021년 10월 8일 18시,금요일,경기도 용인시 수지구 성복동,경상사고,0,0,1,0,차대사람 - 횡단중,보행자보호의무위반,포장 - 젖음/습기,흐림,교차로 - 교차로횡단보도내,승용,남,62세,상해없음,보행자,여,67세,경상
6119,2021100800100530,2021년 10월 8일 18시,금요일,경기도 가평군 가평읍,경상사고,0,0,1,0,차대사람 - 차도통행중,안전운전불이행,포장 - 건조,흐림,단일로 - 기타,승용,여,48세,상해없음,보행자,여,75세,경상
6120,2021100800100531,2021년 10월 8일 18시,금요일,경기도 남양주시 별내동,경상사고,0,0,1,0,차대사람 - 횡단중,신호위반,포장 - 젖음/습기,흐림,교차로 - 교차로횡단보도내,이륜,남,36세,상해없음,보행자,여,14세,경상
6121,2021100800100594,2021년 10월 8일 19시,금요일,경기도 포천시 군내면,중상사고,0,2,0,0,차대사람 - 보도통행중,보행자보호의무위반,포장 - 건조,맑음,교차로 - 교차로횡단보도내,승용,남,59세,상해없음,보행자,남,78세,중상
6122,2021100800100597,2021년 10월 8일 19시,금요일,경기도 고양시 일산서구 덕이동,중상사고,0,1,0,0,차대사람 - 기타,안전운전불이행,포장 - 건조,기타,단일로 - 기타,승합,남,63세,상해없음,보행자,남,61세,중상
6123,2021100800100606,2021년 10월 8일 20시,금요일,경기도 부천시 송내동,경상사고,0,0,1,0,차대사람 - 차도통행중,안전운전불이행,포장 - 건조,흐림,단일로 - 기타,승용,남,36세,상해없음,보행자,여,28세,경상
6124,2021100800100643,2021년 10월 8일 21시,금요일,경기도 성남시 수정구 금토동,중상사고,0,1,0,0,차대사람 - 기타,안전운전불이행,포장 - 건조,맑음,단일로 - 기타,승용,남,60세,상해없음,보행자,남,28세,중상
6125,2021100800100654,2021년 10월 8일 21시,금요일,경기도 의정부시 의정부동,부상신고사고,0,0,0,1,차대사람 - 기타,안전운전불이행,포장 - 건조,맑음,교차로 - 교차로안,화물,남,52세,상해없음,보행자,남,63세,부상신고
6126,2021100800100695,2021년 10월 8일 22시,금요일,경기도 동두천시 지행동,경상사고,0,0,2,0,차대사람 - 기타,안전운전불이행,포장 - 건조,맑음,단일로 - 기타,승용,남,24세,상해없음,보행자,남,21세,경상
6127,2021100800100701,2021년 10월 8일 23시,금요일,경기도 군포시 산본동,부상신고사고,0,0,0,1,차대사람 - 기타,안전운전불이행,포장 - 젖음/습기,흐림,교차로 - 교차로횡단보도내,승용,남,56세,상해없음,보행자,여,23세,부상신고
6128,2021100900100021,2021년 10월 9일 04시,토요일,경기도 화성시 반월동,경상사고,0,0,1,0,차대사람 - 기타,안전운전불이행,포장 - 건조,맑음,기타 - 기타,승용,남,40세,상해없음,보행자,남,61세,경상
6129,2021100900100052,2021년 10월 9일 07시,토요일,경기도 가평군 청평면,경상사고,0,0,1,0,차대사람 - 횡단중,보행자보호의무위반,포장 - 젖음/습기,비,교차로 - 교차로안,화물,남,57세,상해없음,보행자,여,52세,경상
6130,2021100900100056,2021년 10월 9일 08시,토요일,경기도 부천시 괴안동,경상사고,0,0,1,0,차대사람 - 차도통행중,안전운전불이행,포장 - 건조,맑음,단일로 - 기타,승용,남,30세,상해없음,보행자,여,36세,경상
6131,2021100900100071,2021년 10월 9일 09시,토요일,경기도 용인시 수지구 풍덕천동,경상사고,0,0,1,0,차대사람 - 기타,안전운전불이행,포장 - 건조,맑음,단일로 - 기타,승용,여,57세,상해없음,보행자,남,29세,경상
6132,2021100900100089,2021년 10월 9일 10시,토요일,경기도 성남시 분당구 분당동,중상사고,0,1,0,0,차대사람 - 기타,안전운전불이행,포장 - 건조,맑음,기타 - 기타,자전거,남,23세,상해없음,보행자,남,81세,중상
6133,2021100900100107,2021년 10월 9일 11시,토요일,경기도 양평군 양평읍,중상사고,0,1,0,0,차대사람 - 횡단중,안전운전불이행,포장 - 건조,맑음,교차로 - 교차로안,화물,남,65세,상해없음,보행자,여,63세,중상
6134,2021100900100109,2021년 10월 9일 11시,토요일,경기도 수원시 권선구 서둔동,경상사고,0,0,1,0,차대사람 - 기타,안전운전불이행,포장 - 건조,맑음,교차로 - 교차로안,승합,남,67세,상해없음,보행자,남,50세,경상
6135,2021100900100135,2021년 10월 9일 11시,토요일,경기도 파주시 탄현면,부상신고사고,0,0,0,1,차대사람 - 기타,안전운전불이행,포장 - 건조,맑음,단일로 - 기타,승용,남,47세,상해없음,보행자,남,5세,부상신고
6136,2021100900100213,2021년 10월 9일 14시,토요일,경기도 광주시 퇴촌면,경상사고,0,0,1,0,차대사람 - 기타,기타,포장 - 젖음/습기,맑음,교차로 - 교차로부근,승용,여,50세,상해없음,보행자,남,6세,경상
6137,2021100900100220,2021년 10월 9일 14시,토요일,경기도 안산시 단원구 신길동,중상사고,0,1,0,0,차대사람 - 횡단중,신호위반,포장 - 건조,맑음,교차로 - 교차로횡단보도내,승용,남,54세,상해없음,보행자,여,48세,중상
6138,2021100900100247,2021년 10월 9일 14시,토요일,경기도 고양시 덕양구 효자동,경상사고,0,0,1,0,차대사람 - 차도통행중,안전운전불이행,포장 - 건조,흐림,단일로 - 지하차도(도로)내,기타불명,기타불명,미분류,기타불명,보행자,남,64세,경상
6139,2021100900100312,2021년 10월 9일 16시,토요일,경기도 파주시 금촌동,경상사고,0,0,1,1,차대사람 - 횡단중,보행자보호의무위반,포장 - 건조,맑음,단일로 - 기타,자전거,여,57세,부상신고,보행자,여,75세,경상
6140,2021100900100320,2021년 10월 9일 17시,토요일,경기도 수원시 팔달구 우만동,중상사고,0,1,0,0,차대사람 - 기타,안전운전불이행,포장 - 건조,맑음,단일로 - 기타,승용,남,49세,상해없음,보행자,여,53세,중상
6141,2021100900100326,2021년 10월 9일 17시,토요일,경기도 하남시 망월동,중상사고,0,1,0,0,차대사람 - 횡단중,보행자보호의무위반,포장 - 건조,맑음,단일로 - 기타,승용,여,27세,상해없음,보행자,여,20세,중상
6142,2021100900100349,2021년 10월 9일 17시,토요일,경기도 고양시 덕양구 행신동,경상사고,0,0,1,0,차대사람 - 길가장자리구역통행중,안전운전불이행,포장 - 건조,흐림,단일로 - 지하차도(도로)내,승용,남,60세,상해없음,보행자,남,72세,경상
6143,2021100900100368,2021년 10월 9일 18시,토요일,경기도 광주시 오포읍,경상사고,0,0,1,0,차대사람 - 기타,보행자보호의무위반,포장 - 건조,맑음,단일로 - 기타,승용,남,40세,상해없음,보행자,여,10세,경상
6144,2021100900100372,2021년 10월 9일 18시,토요일,경기도 부천시 역곡동,경상사고,0,0,1,0,차대사람 - 기타,안전운전불이행,포장 - 건조,맑음,단일로 - 기타,자전거,남,71세,상해없음,보행자,남,64세,경상
6145,2021100900100375,2021년 10월 9일 18시,토요일,경기도 시흥시 정왕동,부상신고사고,0,0,0,1,차대사람 - 차도통행중,안전운전불이행,포장 - 건조,맑음,단일로 - 기타,승용,남,50세,상해없음,보행자,여,5세,부상신고
6146,2021100900100426,2021년 10월 9일 19시,토요일,경기도 김포시 북변동,경상사고,0,0,1,0,차대사람 - 기타,보행자보호의무위반,포장 - 건조,맑음,교차로 - 교차로부근,이륜,남,60세,상해없음,보행자,남,56세,경상
6147,2021100900100433,2021년 10월 9일 19시,토요일,경기도 하남시 망월동,중상사고,0,1,1,0,차대사람 - 횡단중,신호위반,포장 - 건조,맑음,교차로 - 교차로안,이륜,남,43세,경상,보행자,남,72세,중상
6148,2021100900100475,2021년 10월 9일 20시,토요일,경기도 광주시 곤지암읍,경상사고,0,0,3,0,차대사람 - 기타,안전운전불이행,포장 - 건조,맑음,단일로 - 기타,승용,남,37세,상해없음,보행자,남,45세,경상
6149,2021100900100480,2021년 10월 9일 20시,토요일,경기도 시흥시 정왕동,경상사고,0,0,1,0,차대사람 - 기타,안전운전불이행,포장 - 건조,맑음,단일로 - 기타,승용,남,18세,상해없음,보행자,남,59세,경상
6150,2021100900100519,2021년 10월 9일 21시,토요일,경기도 의정부시 의정부동,경상사고,0,0,1,0,차대사람 - 기타,안전운전불이행,포장 - 건조,맑음,단일로 - 기타,승용,남,29세,상해없음,보행자,여,19세,경상
6151,2021100900100530,2021년 10월 9일 22시,토요일,경기도 부천시 상동,중상사고,0,1,0,0,차대사람 - 횡단중,보행자보호의무위반,포장 - 건조,맑음,단일로 - 기타,승합,남,47세,상해없음,보행자,남,60세,중상
6152,2021100900100536,2021년 10월 9일 22시,토요일,경기도 안산시 상록구 월피동,경상사고,0,0,1,0,차대사람 - 횡단중,보행자보호의무위반,포장 - 건조,맑음,교차로 - 교차로안,승용,남,62세,상해없음,보행자,여,58세,경상
6153,2021101000100015,2021년 10월 10일 00시,일요일,경기도 포천시 신읍동,경상사고,0,0,1,0,차대사람 - 기타,안전운전불이행,포장 - 건조,맑음,교차로 - 교차로부근,승용,남,62세,상해없음,보행자,남,26세,경상
6154,2021101000100054,2021년 10월 10일 08시,일요일,경기도 용인시 처인구 남사읍,중상사고,0,1,0,0,차대사람 - 기타,안전운전불이행,포장 - 건조,맑음,기타 - 기타,승용,남,63세,상해없음,보행자,여,79세,중상
6155,2021101000100066,2021년 10월 10일 09시,일요일,경기도 광주시 쌍령동,사망사고,1,0,0,0,차대사람 - 횡단중,보행자보호의무위반,포장 - 건조,흐림,단일로 - 기타,건설기계,남,58세,상해없음,보행자,남,82세,사망
6156,2021101000100158,2021년 10월 10일 12시,일요일,경기도 동두천시 생연동,경상사고,0,0,1,0,차대사람 - 기타,안전운전불이행,포장 - 건조,맑음,교차로 - 교차로안,승용,남,65세,상해없음,보행자,남,67세,경상
6157,2021101000100236,2021년 10월 10일 15시,일요일,경기도 안산시 상록구 사동,부상신고사고,0,0,0,1,차대사람 - 차도통행중,안전운전불이행,포장 - 젖음/습기,비,단일로 - 기타,승용,남,71세,상해없음,보행자,남,24세,부상신고
6158,2021101000100262,2021년 10월 10일 15시,일요일,경기도 남양주시 별내동,경상사고,0,0,2,0,차대사람 - 횡단중,신호위반,포장 - 젖음/습기,비,교차로 - 교차로횡단보도내,이륜,남,55세,경상,보행자,여,58세,경상
6159,2021101000100310,2021년 10월 10일 17시,일요일,경기도 화성시 새솔동,경상사고,0,0,1,0,차대사람 - 기타,안전운전불이행,포장 - 건조,맑음,기타 - 기타,승용,여,53세,상해없음,보행자,여,52세,경상
6160,2021101000100353,2021년 10월 10일 18시,일요일,경기도 화성시 봉담읍,경상사고,0,0,1,0,차대사람 - 차도통행중,안전운전불이행,포장 - 젖음/습기,비,교차로 - 교차로안,승용,남,47세,상해없음,보행자,남,53세,경상
6161,2021101000100382,2021년 10월 10일 18시,일요일,경기도 양주시 덕정동,중상사고,0,1,0,0,차대사람 - 횡단중,신호위반,포장 - 젖음/습기,비,단일로 - 기타,이륜,남,45세,상해없음,보행자,여,23세,중상
6162,2021101000100389,2021년 10월 10일 19시,일요일,경기도 평택시 평택동,중상사고,0,1,0,0,차대사람 - 차도통행중,보행자보호의무위반,포장 - 젖음/습기,비,단일로 - 기타,승용,여,45세,상해없음,보행자,여,74세,중상
6163,2021101000100432,2021년 10월 10일 20시,일요일,경기도 부천시 중동,경상사고,0,0,1,0,차대사람 - 횡단중,신호위반,포장 - 젖음/습기,비,교차로 - 교차로횡단보도내,이륜,남,18세,상해없음,보행자,여,60세,경상
6164,2021101000100437,2021년 10월 10일 20시,일요일,경기도 화성시 봉담읍,경상사고,0,0,1,0,차대사람 - 차도통행중,안전운전불이행,포장 - 젖음/습기,비,교차로 - 교차로안,승용,남,34세,상해없음,보행자,남,48세,경상
6165,2021101000100463,2021년 10월 10일 20시,일요일,경기도 남양주시 진건읍,중상사고,0,1,0,0,차대사람 - 횡단중,안전운전불이행,포장 - 젖음/습기,흐림,교차로 - 교차로안,이륜,남,19세,상해없음,보행자,여,75세,중상
6166,2021101000100475,2021년 10월 10일 21시,일요일,경기도 화성시 봉담읍,경상사고,0,0,1,0,차대사람 - 차도통행중,안전운전불이행,포장 - 건조,맑음,단일로 - 기타,이륜,남,16세,상해없음,보행자,남,16세,경상
6167,2021101000100498,2021년 10월 10일 21시,일요일,경기도 고양시 덕양구 고양동,경상사고,0,0,1,0,차대사람 - 횡단중,보행자보호의무위반,포장 - 젖음/습기,비,교차로 - 교차로횡단보도내,승용,남,61세,상해없음,보행자,남,43세,경상
6168,2021101100100048,2021년 10월 11일 06시,월요일,경기도 포천시 군내면,경상사고,0,0,1,0,차대사람 - 횡단중,안전운전불이행,포장 - 건조,흐림,단일로 - 기타,승용,남,59세,상해없음,보행자,남,84세,경상
6169,2021101100100075,2021년 10월 11일 09시,월요일,경기도 하남시 덕풍동,경상사고,0,0,1,0,차대사람 - 기타,안전운전불이행,포장 - 건조,맑음,단일로 - 기타,승용,여,55세,상해없음,보행자,여,60세,경상
6170,2021101100100112,2021년 10월 11일 10시,월요일,경기도 고양시 일산동구 풍동,중상사고,0,1,0,0,차대사람 - 횡단중,안전운전불이행,포장 - 건조,맑음,교차로 - 교차로안,승용,남,52세,상해없음,보행자,여,76세,중상
6171,2021101100100158,2021년 10월 11일 12시,월요일,경기도 여주시 월송동,경상사고,0,0,1,0,차대사람 - 기타,안전운전불이행,포장 - 젖음/습기,흐림,기타 - 기타,승용,남,30세,상해없음,보행자,여,37세,경상
6172,2021101100100161,2021년 10월 11일 12시,월요일,경기도 부천시 심곡동,경상사고,0,0,1,0,차대사람 - 기타,안전운전불이행,포장 - 건조,흐림,교차로 - 교차로안,승용,남,67세,상해없음,보행자,여,33세,경상
6173,2021101100100162,2021년 10월 11일 12시,월요일,경기도 시흥시 정왕동,중상사고,0,1,1,0,차대사람 - 차도통행중,안전운전불이행,포장 - 건조,맑음,단일로 - 기타,이륜,남,40세,경상,보행자,여,71세,중상
6174,2021101100100191,2021년 10월 11일 13시,월요일,경기도 부천시 심곡동,중상사고,0,1,0,0,차대사람 - 기타,안전운전불이행,포장 - 건조,맑음,교차로 - 교차로안,승용,남,66세,상해없음,보행자,여,60세,중상
6175,2021101100100192,2021년 10월 11일 13시,월요일,경기도 성남시 중원구 성남동,중상사고,0,1,0,0,차대사람 - 기타,기타,포장 - 건조,맑음,단일로 - 기타,화물,여,71세,상해없음,보행자,여,76세,중상
6176,2021101100100194,2021년 10월 11일 13시,월요일,경기도 성남시 분당구 야탑동,경상사고,0,0,1,0,차대사람 - 기타,안전운전불이행,포장 - 건조,맑음,단일로 - 기타,기타불명,기타불명,미분류,기타불명,보행자,여,29세,경상
6177,2021101100100262,2021년 10월 11일 15시,월요일,경기도 성남시 중원구 성남동,경상사고,0,0,1,0,차대사람 - 기타,안전운전불이행,포장 - 건조,맑음,단일로 - 기타,승용,남,43세,상해없음,보행자,남,38세,경상
6178,2021101100100362,2021년 10월 11일 18시,월요일,경기도 수원시 장안구 송죽동,경상사고,0,0,1,0,차대사람 - 횡단중,신호위반,포장 - 건조,맑음,단일로 - 기타,승용,남,22세,상해없음,보행자,여,60세,경상
6179,2021101100100419,2021년 10월 11일 19시,월요일,경기도 용인시 기흥구 언남동,경상사고,0,0,1,0,차대사람 - 횡단중,신호위반,포장 - 건조,기타,교차로 - 교차로안,승용,남,29세,상해없음,보행자,여,65세,경상
6180,2021101100100542,2021년 10월 11일 23시,월요일,경기도 이천시 대월면,경상사고,0,0,1,0,차대사람 - 차도통행중,안전운전불이행,포장 - 건조,맑음,단일로 - 기타,이륜,남,23세,상해없음,보행자,남,53세,경상
6181,2021101200100021,2021년 10월 12일 05시,화요일,경기도 수원시 장안구 송죽동,경상사고,0,0,1,0,차대사람 - 횡단중,보행자보호의무위반,포장 - 건조,맑음,교차로 - 교차로안,승용,남,63세,상해없음,보행자,남,41세,경상
6182,2021101200100050,2021년 10월 12일 07시,화요일,경기도 수원시 장안구 정자동,중상사고,0,1,0,0,차대사람 - 기타,안전운전불이행,포장 - 건조,흐림,교차로 - 교차로안,승용,남,52세,상해없음,보행자,여,74세,중상
6183,2021101200100084,2021년 10월 12일 08시,화요일,경기도 광주시 곤지암읍,경상사고,0,0,1,0,차대사람 - 횡단중,안전운전불이행,포장 - 건조,맑음,단일로 - 기타,승용,남,76세,상해없음,보행자,여,8세,경상
6184,2021101200100122,2021년 10월 12일 09시,화요일,경기도 수원시 팔달구 화서동,경상사고,0,0,2,0,차대사람 - 기타,안전운전불이행,포장 - 건조,맑음,교차로 - 교차로안,승용,남,25세,기타불명,보행자,여,7세,경상
6185,2021101200100168,2021년 10월 12일 10시,화요일,경기도 수원시 팔달구 매산로1가,경상사고,0,0,1,0,차대사람 - 기타,안전운전불이행,포장 - 건조,맑음,기타 - 기타,승용,남,27세,상해없음,보행자,남,27세,경상
6186,2021101200100198,2021년 10월 12일 11시,화요일,경기도 수원시 영통구 영통동,중상사고,0,1,0,0,차대사람 - 기타,안전운전불이행,포장 - 건조,맑음,단일로 - 기타,승합,남,60세,상해없음,보행자,여,75세,중상
6187,2021101200100199,2021년 10월 12일 11시,화요일,경기도 화성시 팔탄면,중상사고,0,1,0,0,차대사람 - 기타,안전운전불이행,포장 - 젖음/습기,맑음,기타 - 기타,승용,남,50세,상해없음,보행자,남,48세,중상
6188,2021101200100262,2021년 10월 12일 13시,화요일,경기도 구리시 인창동,중상사고,0,1,0,0,차대사람 - 기타,안전운전불이행,포장 - 건조,맑음,단일로 - 기타,승용,여,70세,상해없음,보행자,남,66세,중상
6189,2021101200100323,2021년 10월 12일 15시,화요일,경기도 양주시 덕계동,중상사고,0,1,0,0,차대사람 - 기타,기타,포장 - 건조,맑음,교차로 - 교차로부근,승합,남,61세,상해없음,보행자,여,79세,중상
6190,2021101200100340,2021년 10월 12일 16시,화요일,경기도 안산시 상록구 본오동,경상사고,0,0,1,0,차대사람 - 차도통행중,안전운전불이행,포장 - 건조,맑음,단일로 - 기타,승용,남,38세,상해없음,보행자,여,24세,경상
6191,2021101200100341,2021년 10월 12일 16시,화요일,경기도 용인시 수지구 상현동,중상사고,0,1,0,0,차대사람 - 보도통행중,신호위반,포장 - 건조,맑음,교차로 - 교차로부근,화물,남,60세,기타불명,보행자,남,12세,중상
6192,2021101200100371,2021년 10월 12일 17시,화요일,경기도 부천시 괴안동,중상사고,0,1,0,0,차대사람 - 기타,보행자보호의무위반,포장 - 기타,맑음,교차로 - 교차로횡단보도내,승용,여,39세,상해없음,보행자,여,74세,중상
6193,2021101200100376,2021년 10월 12일 17시,화요일,경기도 하남시 덕풍동,경상사고,0,0,1,0,차대사람 - 기타,안전운전불이행,포장 - 건조,맑음,기타 - 기타,기타불명,기타불명,미분류,기타불명,보행자,여,8세,경상
6194,2021101200100417,2021년 10월 12일 18시,화요일,경기도 광명시 노온사동,중상사고,0,1,0,0,차대사람 - 기타,기타,포장 - 건조,맑음,단일로 - 기타,승용,남,47세,상해없음,보행자,남,51세,중상
6195,2021101200100468,2021년 10월 12일 19시,화요일,경기도 부천시 심곡본동,경상사고,0,0,1,0,차대사람 - 기타,안전운전불이행,포장 - 기타,맑음,단일로 - 기타,승용,여,49세,상해없음,보행자,남,61세,경상
6196,2021101200100472,2021년 10월 12일 19시,화요일,경기도 시흥시 조남동,중상사고,0,1,0,0,차대사람 - 차도통행중,안전운전불이행,포장 - 건조,맑음,단일로 - 기타,이륜,남,35세,상해없음,보행자,여,88세,중상
6197,2021101200100473,2021년 10월 12일 19시,화요일,경기도 부천시 원종동,부상신고사고,0,0,0,1,차대사람 - 보도통행중,안전운전불이행,포장 - 건조,맑음,단일로 - 기타,이륜,남,50세,상해없음,보행자,남,48세,부상신고
6198,2021101200100500,2021년 10월 12일 20시,화요일,경기도 수원시 장안구 조원동,경상사고,0,0,1,0,차대사람 - 기타,안전운전불이행,포장 - 건조,맑음,단일로 - 기타,화물,남,42세,상해없음,보행자,여,44세,경상
6199,2021101200100504,2021년 10월 12일 20시,화요일,경기도 군포시 부곡동,경상사고,0,0,1,0,차대사람 - 보도통행중,신호위반,포장 - 건조,맑음,교차로 - 교차로횡단보도내,승용,남,49세,상해없음,보행자,남,47세,경상
6200,2021101300100047,2021년 10월 13일 07시,수요일,경기도 김포시 통진읍,경상사고,0,0,1,0,차대사람 - 보도통행중,기타,포장 - 건조,맑음,단일로 - 기타,원동기,남,28세,상해없음,보행자,남,35세,경상
6201,2021101300100048,2021년 10월 13일 07시,수요일,경기도 안산시 단원구 고잔동,중상사고,0,1,0,0,차대사람 - 횡단중,신호위반,포장 - 건조,맑음,단일로 - 기타,건설기계,남,30세,상해없음,보행자,여,56세,중상
6202,2021101300100068,2021년 10월 13일 08시,수요일,경기도 안산시 단원구 와동,경상사고,0,0,1,0,차대사람 - 기타,안전운전불이행,포장 - 건조,맑음,단일로 - 기타,자전거,여,34세,상해없음,보행자,여,46세,경상
6203,2021101300100072,2021년 10월 13일 08시,수요일,경기도 성남시 중원구 도촌동,경상사고,0,0,1,0,차대사람 - 횡단중,신호위반,포장 - 건조,맑음,교차로 - 교차로횡단보도내,화물,남,70세,상해없음,보행자,여,25세,경상
6204,2021101300100095,2021년 10월 13일 08시,수요일,경기도 양주시 광적면,경상사고,0,0,1,0,차대사람 - 기타,안전운전불이행,포장 - 건조,맑음,단일로 - 기타,승합,남,50세,상해없음,보행자,여,49세,경상
6205,2021101300100098,2021년 10월 13일 08시,수요일,경기도 남양주시 진접읍,경상사고,0,0,1,0,차대사람 - 기타,안전운전불이행,포장 - 건조,맑음,단일로 - 기타,농기계,남,81세,상해없음,보행자,남,13세,경상
6206,2021101300100141,2021년 10월 13일 09시,수요일,경기도 의정부시 용현동,경상사고,0,0,1,0,차대사람 - 보도통행중,안전운전불이행,포장 - 건조,맑음,단일로 - 기타,승용,남,51세,상해없음,보행자,여,40세,경상
6207,2021101300100279,2021년 10월 13일 14시,수요일,경기도 성남시 분당구 서현동,부상신고사고,0,0,0,1,차대사람 - 기타,안전운전불이행,포장 - 건조,맑음,교차로 - 교차로안,승용,남,77세,상해없음,보행자,남,54세,부상신고
6208,2021101300100321,2021년 10월 13일 15시,수요일,경기도 평택시 서탄면,경상사고,0,0,1,0,차대사람 - 기타,안전운전불이행,포장 - 건조,맑음,주차장 - 주차장,승용,남,79세,상해없음,보행자,남,68세,경상
6209,2021101300100322,2021년 10월 13일 15시,수요일,경기도 광주시 장지동,부상신고사고,0,0,0,1,차대사람 - 기타,안전운전불이행,포장 - 건조,맑음,기타 - 기타,자전거,남,14세,상해없음,보행자,여,61세,부상신고
6210,2021101300100349,2021년 10월 13일 15시,수요일,경기도 의정부시 녹양동,경상사고,0,0,1,0,차대사람 - 길가장자리구역통행중,안전운전불이행,포장 - 건조,맑음,단일로 - 기타,승용,남,60세,상해없음,보행자,남,25세,경상
6211,2021101300100365,2021년 10월 13일 16시,수요일,경기도 오산시 궐동,중상사고,0,1,0,0,차대사람 - 차도통행중,안전운전불이행,포장 - 건조,맑음,단일로 - 기타,승용,남,73세,상해없음,보행자,여,14세,중상
6212,2021101300100389,2021년 10월 13일 16시,수요일,경기도 구리시 토평동,중상사고,0,1,0,0,차대사람 - 기타,안전운전불이행,포장 - 건조,맑음,단일로 - 기타,건설기계,남,61세,상해없음,보행자,여,15세,중상
6213,2021101300100398,2021년 10월 13일 17시,수요일,경기도 평택시 평택동,중상사고,0,1,0,0,차대사람 - 횡단중,보행자보호의무위반,포장 - 건조,맑음,교차로 - 교차로안,승합,남,66세,상해없음,보행자,여,64세,중상
6214,2021101300100403,2021년 10월 13일 17시,수요일,경기도 광명시 광명동,경상사고,0,0,1,0,차대사람 - 기타,안전운전불이행,포장 - 건조,맑음,단일로 - 기타,화물,남,58세,상해없음,보행자,남,70세,경상
6215,2021101300100404,2021년 10월 13일 17시,수요일,경기도 수원시 권선구 구운동,부상신고사고,0,0,0,1,차대사람 - 기타,안전운전불이행,포장 - 건조,맑음,기타 - 기타,승용,남,70세,상해없음,보행자,여,60세,부상신고
6216,2021101300100450,2021년 10월 13일 18시,수요일,경기도 광주시 삼동,중상사고,0,1,1,0,차대사람 - 기타,안전운전불이행,포장 - 건조,맑음,주차장 - 주차장,승용,여,64세,상해없음,보행자,여,52세,중상
6217,2021101300100492,2021년 10월 13일 18시,수요일,경기도 파주시 문산읍,중상사고,0,1,0,0,차대사람 - 기타,안전운전불이행,포장 - 건조,맑음,단일로 - 기타,승합,남,58세,상해없음,보행자,여,54세,중상
6218,2021101300100505,2021년 10월 13일 19시,수요일,경기도 평택시 서정동,경상사고,0,0,1,0,차대사람 - 횡단중,신호위반,포장 - 건조,맑음,교차로 - 교차로횡단보도내,이륜,남,16세,상해없음,보행자,여,49세,경상
6219,2021101300100507,2021년 10월 13일 19시,수요일,경기도 안성시 보개면,경상사고,0,0,1,0,차대사람 - 기타,안전운전불이행,포장 - 건조,맑음,교차로 - 교차로부근,승용,여,55세,상해없음,보행자,남,64세,경상
6220,2021101300100514,2021년 10월 13일 19시,수요일,경기도 화성시 봉담읍,경상사고,0,0,1,0,차대사람 - 횡단중,보행자보호의무위반,포장 - 건조,맑음,교차로 - 교차로안,승용,여,27세,상해없음,보행자,남,22세,경상
6221,2021101300100564,2021년 10월 13일 20시,수요일,경기도 남양주시 다산동,경상사고,0,0,1,0,차대사람 - 횡단중,보행자보호의무위반,포장 - 건조,맑음,교차로 - 교차로횡단보도내,승용,남,64세,상해없음,보행자,여,17세,경상
6222,2021101300100621,2021년 10월 13일 23시,수요일,경기도 광주시 오포읍,경상사고,0,0,1,0,차대사람 - 기타,안전운전불이행,포장 - 건조,맑음,기타 - 기타,승용,남,32세,상해없음,보행자,남,36세,경상
6223,2021101400100005,2021년 10월 14일 00시,목요일,경기도 광주시 초월읍,경상사고,0,0,1,0,차대사람 - 기타,안전운전불이행,포장 - 건조,맑음,단일로 - 기타,승용,남,23세,상해없음,보행자,여,53세,경상
6224,2021101400100049,2021년 10월 14일 06시,목요일,경기도 성남시 중원구 성남동,사망사고,1,0,0,0,차대사람 - 횡단중,안전운전불이행,포장 - 건조,맑음,교차로 - 교차로안,승용,남,58세,상해없음,보행자,여,76세,사망