,사고번호,사고일시,요일,시군구,사고내용,사망자수,중상자수,경상자수,부상신고자수,사고유형,법규위반,노면상태,기상상태,도로형태,가해운전자 차종,가해운전자 성별,가해운전자 연령,가해운전자 상해정도,피해운전자 차종,피해운전자 성별,피해운전자 연령,피해운전자 상해정도
6225,2021101400100100,2021년 10월 14일 08시,목요일,경기도 이천시 마장면,경상사고,0,0,1,0,차대사람 - 기타,안전운전불이행,포장 - 건조,맑음,단일로 - 기타,승용,남,31세,상해없음,보행자,남,60세,경상
6226,2021101400100144,2021년 10월 14일 09시,목요일,경기도 안성시 대천동,경상사고,0,0,1,0,차대사람 - 기타,안전운전불이행,포장 - 건조,맑음,기타 - 기타,개인형이동수단(PM),남,18세,상해없음,보행자,남,33세,경상
6227,2021101400100149,2021년 10월 14일 09시,목요일,경기도 안산시 상록구 본오동,중상사고,0,1,0,0,차대사람 - 기타,안전운전불이행,포장 - 건조,맑음,교차로 - 교차로부근,승용,여,37세,상해없음,보행자,남,57세,중상
6228,2021101400100312,2021년 10월 14일 13시,목요일,경기도 파주시 아동동,경상사고,0,0,1,0,차대사람 - 횡단중,보행자보호의무위반,포장 - 건조,맑음,기타 - 기타,승용,여,47세,상해없음,보행자,남,8세,경상
6229,2021101400100435,2021년 10월 14일 17시,목요일,경기도 성남시 수정구 창곡동,부상신고사고,0,0,0,1,차대사람 - 횡단중,안전운전불이행,포장 - 건조,맑음,단일로 - 기타,승용,남,43세,상해없음,보행자,남,12세,부상신고
6230,2021101400100484,2021년 10월 14일 18시,목요일,경기도 용인시 처인구 김량장동,부상신고사고,0,0,0,1,차대사람 - 보도통행중,안전운전불이행,포장 - 건조,맑음,단일로 - 기타,이륜,남,30세,상해없음,보행자,남,22세,부상신고
6231,2021101400100568,2021년 10월 14일 19시,목요일,경기도 양주시 장흥면,중상사고,0,1,0,0,차대사람 - 횡단중,안전운전불이행,포장 - 건조,맑음,교차로 - 교차로부근,승용,남,41세,상해없음,보행자,여,29세,중상
6232,2021101400100582,2021년 10월 14일 20시,목요일,경기도 성남시 중원구 상대원동,경상사고,0,0,1,0,차대사람 - 길가장자리구역통행중,안전운전불이행,포장 - 건조,맑음,단일로 - 기타,승용,여,57세,기타불명,보행자,남,49세,경상
6233,2021101400100583,2021년 10월 14일 20시,목요일,경기도 성남시 분당구 삼평동,경상사고,0,0,1,0,차대사람 - 횡단중,안전운전불이행,포장 - 건조,맑음,단일로 - 기타,승용,남,34세,상해없음,보행자,남,47세,경상
6234,2021101400100604,2021년 10월 14일 21시,목요일,경기도 하남시 망월동,경상사고,0,0,1,0,차대사람 - 기타,신호위반,포장 - 건조,맑음,기타 - 기타,자전거,남,23세,상해없음,보행자,여,66세,경상
6235,2021101400100605,2021년 10월 14일 21시,목요일,경기도 하남시 신장동,중상사고,0,1,0,0,차대사람 - 기타,안전운전불이행,포장 - 건조,맑음,단일로 - 기타,승합,남,47세,상해없음,보행자,남,50세,중상
6236,2021101400100619,2021년 10월 14일 22시,목요일,경기도 광명시 철산동,중상사고,0,1,0,0,차대사람 - 횡단중,안전운전불이행,포장 - 건조,맑음,단일로 - 기타,승용,여,38세,상해없음,보행자,남,70세,중상
6237,2021101500100002,2021년 10월 15일 00시,금요일,경기도 부천시 역곡동,경상사고,0,0,1,0,차대사람 - 기타,안전운전불이행,포장 - 건조,맑음,단일로 - 기타,승용,남,80세,상해없음,보행자,남,81세,경상
6238,2021101500100074,2021년 10월 15일 08시,금요일,경기도 안성시 인지동,중상사고,0,1,0,0,차대사람 - 기타,안전운전불이행,포장 - 건조,맑음,단일로 - 기타,화물,남,64세,상해없음,보행자,남,73세,중상
6239,2021101500100109,2021년 10월 15일 08시,금요일,경기도 남양주시 와부읍,경상사고,0,0,2,0,차대사람 - 기타,안전운전불이행,포장 - 건조,맑음,단일로 - 기타,승용,여,67세,상해없음,보행자,남,62세,경상
6240,2021101500100112,2021년 10월 15일 08시,금요일,경기도 동두천시 지행동,경상사고,0,0,1,0,차대사람 - 기타,안전운전불이행,포장 - 건조,맑음,교차로 - 교차로안,승용,남,46세,상해없음,보행자,남,47세,경상
6241,2021101500100160,2021년 10월 15일 10시,금요일,경기도 오산시 오산동,경상사고,0,0,1,0,차대사람 - 기타,신호위반,포장 - 건조,맑음,단일로 - 기타,승용,남,73세,상해없음,보행자,여,75세,경상
6242,2021101500100162,2021년 10월 15일 10시,금요일,경기도 수원시 권선구 곡반정동,경상사고,0,0,1,0,차대사람 - 횡단중,신호위반,포장 - 건조,맑음,단일로 - 기타,이륜,남,25세,상해없음,보행자,여,70세,경상
6243,2021101500100210,2021년 10월 15일 11시,금요일,경기도 시흥시 장곡동,경상사고,0,0,1,0,차대사람 - 보도통행중,기타,포장 - 건조,맑음,기타 - 기타,개인형이동수단(PM),여,18세,상해없음,보행자,남,63세,경상
6244,2021101500100212,2021년 10월 15일 11시,금요일,경기도 하남시 신장동,경상사고,0,0,1,0,차대사람 - 횡단중,보행자보호의무위반,포장 - 젖음/습기,흐림,교차로 - 교차로횡단보도내,승용,여,75세,상해없음,보행자,남,62세,경상
6245,2021101500100227,2021년 10월 15일 11시,금요일,경기도 고양시 덕양구 행신동,경상사고,0,0,1,0,차대사람 - 기타,안전운전불이행,포장 - 젖음/습기,흐림,교차로 - 교차로부근,승용,여,41세,상해없음,보행자,남,59세,경상
6246,2021101500100228,2021년 10월 15일 11시,금요일,경기도 고양시 덕양구 주교동,중상사고,0,1,0,0,차대사람 - 차도통행중,안전운전불이행,포장 - 건조,맑음,단일로 - 기타,화물,남,74세,상해없음,보행자,여,82세,중상
6247,2021101500100246,2021년 10월 15일 12시,금요일,경기도 수원시 권선구 권선동,중상사고,0,1,0,0,차대사람 - 기타,안전운전불이행,포장 - 건조,맑음,단일로 - 기타,승용,여,60세,상해없음,보행자,여,74세,중상
6248,2021101500100266,2021년 10월 15일 12시,금요일,경기도 남양주시 다산동,경상사고,0,0,1,0,차대사람 - 횡단중,보행자보호의무위반,포장 - 건조,맑음,교차로 - 교차로안,승용,여,44세,상해없음,보행자,남,47세,경상
6249,2021101500100269,2021년 10월 15일 13시,금요일,경기도 부천시 심곡동,중상사고,0,1,0,0,차대사람 - 기타,보행자보호의무위반,포장 - 건조,맑음,교차로 - 교차로안,승용,남,71세,상해없음,보행자,남,68세,중상
6250,2021101500100327,2021년 10월 15일 14시,금요일,경기도 의정부시 호원동,경상사고,0,0,1,0,차대사람 - 횡단중,보행자보호의무위반,포장 - 건조,맑음,단일로 - 기타,승용,여,71세,상해없음,보행자,남,50세,경상
6251,2021101500100337,2021년 10월 15일 15시,금요일,경기도 용인시 처인구 포곡읍,경상사고,0,0,1,0,차대사람 - 기타,안전운전불이행,포장 - 건조,맑음,기타 - 기타,기타불명,기타불명,미분류,기타불명,보행자,여,36세,경상
6252,2021101500100356,2021년 10월 15일 15시,금요일,경기도 고양시 덕양구 행신동,경상사고,0,0,1,0,차대사람 - 기타,안전운전불이행,포장 - 기타,맑음,교차로 - 교차로부근,승용,남,43세,상해없음,보행자,여,9세,경상
6253,2021101500100368,2021년 10월 15일 16시,금요일,경기도 성남시 분당구 정자동,부상신고사고,0,0,0,1,차대사람 - 기타,안전운전불이행,포장 - 건조,맑음,단일로 - 기타,승용,여,36세,상해없음,보행자,남,65세,부상신고
6254,2021101500100370,2021년 10월 15일 16시,금요일,경기도 수원시 권선구 당수동,경상사고,0,0,1,0,차대사람 - 차도통행중,안전운전불이행,포장 - 건조,맑음,단일로 - 기타,승합,여,46세,상해없음,보행자,여,8세,경상
6255,2021101500100371,2021년 10월 15일 16시,금요일,경기도 의왕시 오전동,경상사고,0,0,1,0,차대사람 - 기타,안전운전불이행,포장 - 건조,맑음,기타 - 기타,승용,여,57세,상해없음,보행자,여,43세,경상
6256,2021101500100408,2021년 10월 15일 17시,금요일,경기도 김포시 사우동,중상사고,0,1,0,0,차대사람 - 횡단중,신호위반,포장 - 건조,맑음,교차로 - 교차로안,승용,남,59세,상해없음,보행자,여,60세,중상
6257,2021101500100454,2021년 10월 15일 18시,금요일,경기도 용인시 기흥구 보라동,중상사고,0,1,0,0,차대사람 - 기타,안전운전불이행,포장 - 건조,맑음,기타 - 기타,자전거,남,12세,상해없음,보행자,여,74세,중상
6258,2021101500100457,2021년 10월 15일 18시,금요일,경기도 안산시 단원구 신길동,경상사고,0,0,1,0,차대사람 - 기타,교차로운행방법위반,포장 - 건조,맑음,교차로 - 교차로안,승용,여,49세,상해없음,보행자,여,83세,경상
6259,2021101500100519,2021년 10월 15일 19시,금요일,경기도 광명시 광명동,경상사고,0,0,1,0,차대사람 - 차도통행중,안전운전불이행,포장 - 건조,흐림,단일로 - 기타,이륜,남,37세,상해없음,보행자,남,53세,경상
6260,2021101500100524,2021년 10월 15일 19시,금요일,경기도 안산시 상록구 부곡동,경상사고,0,0,1,0,차대사람 - 기타,안전운전불이행,포장 - 건조,맑음,기타 - 기타,승합,남,44세,상해없음,보행자,여,62세,경상
6261,2021101500100592,2021년 10월 15일 20시,금요일,경기도 의정부시 호원동,경상사고,0,0,1,0,차대사람 - 기타,보행자보호의무위반,포장 - 건조,맑음,교차로 - 교차로안,승용,남,38세,상해없음,보행자,남,26세,경상
6262,2021101500100599,2021년 10월 15일 21시,금요일,경기도 부천시 역곡동,경상사고,0,0,2,0,차대사람 - 횡단중,보행자보호의무위반,포장 - 건조,맑음,교차로 - 교차로횡단보도내,승용,남,37세,상해없음,보행자,남,37세,경상
6263,2021101500100600,2021년 10월 15일 21시,금요일,경기도 성남시 중원구 하대원동,부상신고사고,0,0,0,1,차대사람 - 차도통행중,안전운전불이행,포장 - 건조,맑음,교차로 - 교차로부근,승용,남,63세,상해없음,보행자,남,52세,부상신고
6264,2021101500100601,2021년 10월 15일 21시,금요일,경기도 하남시 신장동,중상사고,0,1,0,0,차대사람 - 횡단중,신호위반,포장 - 건조,맑음,교차로 - 교차로부근,이륜,남,18세,상해없음,보행자,남,60세,중상
6265,2021101500100658,2021년 10월 15일 22시,금요일,경기도 동두천시 지행동,경상사고,0,0,1,0,차대사람 - 횡단중,안전운전불이행,포장 - 건조,맑음,교차로 - 교차로횡단보도내,승용,남,32세,상해없음,보행자,여,39세,경상
6266,2021101500100670,2021년 10월 15일 23시,금요일,경기도 부천시 심곡동,사망사고,1,0,0,0,차대사람 - 차도통행중,안전운전불이행,포장 - 건조,맑음,교차로 - 교차로부근,승용,남,62세,상해없음,보행자,여,66세,사망
6267,2021101500100684,2021년 10월 15일 23시,금요일,경기도 고양시 일산동구 백석동,경상사고,0,0,1,0,차대사람 - 횡단중,안전운전불이행,포장 - 건조,맑음,교차로 - 교차로횡단보도내,승용,여,25세,상해없음,보행자,남,44세,경상
6268,2021101600100021,2021년 10월 16일 00시,토요일,경기도 포천시 소흘읍,중상사고,0,1,0,0,차대사람 - 횡단중,신호위반,포장 - 건조,맑음,교차로 - 교차로횡단보도내,원동기,남,19세,상해없음,보행자,여,21세,중상
6269,2021101600100058,2021년 10월 16일 06시,토요일,경기도 부천시 소사본동,중상사고,0,2,0,0,차대사람 - 기타,신호위반,포장 - 건조,맑음,교차로 - 교차로부근,자전거,남,37세,중상,보행자,남,50세,중상
6270,2021101600100125,2021년 10월 16일 09시,토요일,경기도 파주시 교하동,중상사고,0,1,0,0,차대사람 - 기타,안전운전불이행,포장 - 건조,맑음,기타 - 기타,승용,남,61세,상해없음,보행자,여,69세,중상
6271,2021101600100157,2021년 10월 16일 11시,토요일,경기도 수원시 팔달구 화서동,경상사고,0,0,1,0,차대사람 - 기타,안전운전불이행,포장 - 건조,맑음,단일로 - 기타,자전거,남,51세,상해없음,보행자,여,50세,경상
6272,2021101600100159,2021년 10월 16일 11시,토요일,경기도 안양시 동안구 호계동,경상사고,0,0,1,0,차대사람 - 기타,기타,포장 - 건조,맑음,기타 - 기타,승용,남,34세,기타불명,보행자,남,71세,경상
6273,2021101600100174,2021년 10월 16일 11시,토요일,경기도 남양주시 화도읍,경상사고,0,0,1,0,차대사람 - 기타,안전운전불이행,포장 - 건조,맑음,단일로 - 기타,승용,남,37세,상해없음,보행자,여,78세,경상
6274,2021101600100188,2021년 10월 16일 12시,토요일,경기도 성남시 분당구 수내동,중상사고,0,1,0,0,차대사람 - 보도통행중,안전운전불이행,포장 - 건조,맑음,기타 - 기타,자전거,기타불명,미분류,기타불명,보행자,여,57세,중상
6275,2021101600100215,2021년 10월 16일 12시,토요일,경기도 고양시 덕양구 토당동,경상사고,0,0,1,0,차대사람 - 보도통행중,보행자보호의무위반,포장 - 건조,맑음,교차로 - 교차로안,승용,여,58세,상해없음,보행자,남,81세,경상
6276,2021101600100300,2021년 10월 16일 15시,토요일,경기도 광주시 오포읍,경상사고,0,0,1,0,차대사람 - 보도통행중,기타,포장 - 건조,맑음,기타 - 기타,승용,남,56세,상해없음,보행자,남,33세,경상
6277,2021101600100303,2021년 10월 16일 15시,토요일,경기도 양평군 양평읍,경상사고,0,0,1,0,차대사람 - 횡단중,보행자보호의무위반,포장 - 건조,맑음,교차로 - 교차로안,승용,여,73세,기타불명,보행자,남,22세,경상
6278,2021101600100373,2021년 10월 16일 17시,토요일,경기도 남양주시 오남읍,경상사고,0,0,2,0,차대사람 - 차도통행중,안전운전불이행,포장 - 건조,맑음,단일로 - 기타,이륜,남,25세,경상,보행자,남,62세,경상
6279,2021101600100389,2021년 10월 16일 18시,토요일,경기도 광명시 하안동,경상사고,0,0,1,0,차대사람 - 횡단중,보행자보호의무위반,포장 - 건조,맑음,교차로 - 교차로부근,승용,남,38세,상해없음,보행자,여,48세,경상
6280,2021101600100455,2021년 10월 16일 20시,토요일,경기도 성남시 수정구 태평동,부상신고사고,0,0,0,1,차대사람 - 기타,안전운전불이행,포장 - 건조,맑음,단일로 - 기타,승용,남,50세,상해없음,보행자,남,55세,부상신고
6281,2021101600100526,2021년 10월 16일 22시,토요일,경기도 의정부시 의정부동,부상신고사고,0,0,0,1,차대사람 - 기타,안전운전불이행,포장 - 기타,기타,단일로 - 기타,승용,남,32세,상해없음,보행자,남,27세,부상신고
6282,2021101600100547,2021년 10월 16일 23시,토요일,경기도 남양주시 와부읍,경상사고,0,0,1,0,차대사람 - 보도통행중,보행자보호의무위반,포장 - 건조,맑음,교차로 - 교차로부근,승용,남,47세,상해없음,보행자,여,22세,경상
6283,2021101600100548,2021년 10월 16일 23시,토요일,경기도 양주시 덕계동,경상사고,0,0,1,0,차대사람 - 차도통행중,안전운전불이행,포장 - 건조,맑음,교차로 - 교차로부근,승용,남,27세,상해없음,보행자,남,58세,경상
6284,2021101700100097,2021년 10월 17일 11시,일요일,경기도 용인시 기흥구 신갈동,중상사고,0,1,0,0,차대사람 - 기타,안전운전불이행,포장 - 건조,맑음,단일로 - 기타,승용,남,64세,상해없음,보행자,여,52세,중상
6285,2021101700100127,2021년 10월 17일 12시,일요일,경기도 성남시 중원구 성남동,경상사고,0,0,1,0,차대사람 - 길가장자리구역통행중,안전운전불이행,포장 - 건조,맑음,단일로 - 기타,승용,남,50세,상해없음,보행자,여,59세,경상
6286,2021101700100210,2021년 10월 17일 15시,일요일,경기도 부천시 중동,중상사고,0,2,0,0,차대사람 - 횡단중,안전운전불이행,포장 - 건조,맑음,단일로 - 기타,이륜,남,30세,중상,보행자,남,64세,중상
6287,2021101700100211,2021년 10월 17일 15시,일요일,경기도 화성시 서신면,경상사고,0,0,1,0,차대사람 - 횡단중,보행자보호의무위반,포장 - 건조,맑음,교차로 - 교차로안,승용,여,43세,상해없음,보행자,여,7세,경상
6288,2021101700100269,2021년 10월 17일 17시,일요일,경기도 성남시 중원구 은행동,중상사고,0,1,1,0,차대사람 - 횡단중,신호위반,포장 - 건조,맑음,교차로 - 교차로부근,이륜,남,55세,상해없음,보행자,여,45세,경상
6289,2021101700100311,2021년 10월 17일 18시,일요일,경기도 안양시 동안구 비산동,경상사고,0,0,1,0,차대사람 - 기타,안전운전불이행,포장 - 건조,맑음,단일로 - 기타,승용,남,41세,상해없음,보행자,여,23세,경상
6290,2021101700100415,2021년 10월 17일 21시,일요일,경기도 용인시 기흥구 보라동,중상사고,0,1,0,0,차대사람 - 기타,신호위반,포장 - 건조,맑음,교차로 - 교차로안,원동기,남,34세,상해없음,보행자,여,18세,중상
6291,2021101700100431,2021년 10월 17일 22시,일요일,경기도 하남시 신장동,경상사고,0,0,1,0,차대사람 - 기타,안전운전불이행,포장 - 건조,맑음,단일로 - 기타,승용,남,36세,상해없음,보행자,남,46세,경상
6292,2021101800100020,2021년 10월 18일 05시,월요일,경기도 안산시 단원구 원곡동,중상사고,0,1,0,0,차대사람 - 차도통행중,안전운전불이행,포장 - 건조,맑음,교차로 - 교차로안,승합,남,31세,상해없음,보행자,남,68세,중상
6293,2021101800100033,2021년 10월 18일 06시,월요일,경기도 안양시 동안구 관양동,경상사고,0,0,1,0,차대사람 - 기타,안전운전불이행,포장 - 건조,맑음,단일로 - 기타,승용,남,64세,상해없음,보행자,여,64세,경상
6294,2021101800100054,2021년 10월 18일 07시,월요일,경기도 평택시 진위면,중상사고,0,1,0,0,차대사람 - 기타,안전운전불이행,포장 - 건조,맑음,기타 - 기타,건설기계,남,28세,상해없음,보행자,남,85세,중상
6295,2021101800100101,2021년 10월 18일 08시,월요일,경기도 부천시 상동,중상사고,0,1,0,0,차대사람 - 기타,안전운전불이행,포장 - 건조,맑음,교차로 - 교차로횡단보도내,승용,남,44세,상해없음,보행자,여,75세,중상
6296,2021101800100102,2021년 10월 18일 08시,월요일,경기도 부천시 중동,중상사고,0,1,0,0,차대사람 - 기타,안전운전불이행,포장 - 건조,맑음,단일로 - 기타,개인형이동수단(PM),남,16세,상해없음,보행자,여,45세,중상
6297,2021101800100106,2021년 10월 18일 08시,월요일,경기도 시흥시 정왕동,중상사고,0,1,0,0,차대사람 - 차도통행중,안전운전불이행,포장 - 건조,맑음,교차로 - 교차로안,승용,남,34세,상해없음,보행자,남,65세,중상
6298,2021101800100108,2021년 10월 18일 08시,월요일,경기도 용인시 수지구 상현동,중상사고,0,1,0,0,차대사람 - 기타,안전운전불이행,포장 - 건조,맑음,단일로 - 기타,승합,남,31세,상해없음,보행자,여,76세,중상
6299,2021101800100182,2021년 10월 18일 09시,월요일,경기도 남양주시 화도읍,부상신고사고,0,0,0,1,차대사람 - 기타,기타,포장 - 건조,맑음,단일로 - 기타,기타불명,기타불명,미분류,기타불명,보행자,여,27세,부상신고
6300,2021101800100190,2021년 10월 18일 10시,월요일,경기도 이천시 증포동,경상사고,0,0,1,0,차대사람 - 차도통행중,안전운전불이행,포장 - 건조,맑음,단일로 - 기타,승용,여,24세,상해없음,보행자,남,75세,경상
6301,2021101800100197,2021년 10월 18일 10시,월요일,경기도 성남시 분당구 분당동,부상신고사고,0,0,0,1,차대사람 - 기타,안전운전불이행,포장 - 건조,맑음,교차로 - 교차로부근,화물,남,55세,상해없음,보행자,남,29세,부상신고
6302,2021101800100266,2021년 10월 18일 12시,월요일,경기도 수원시 영통구 이의동,경상사고,0,0,1,0,차대사람 - 기타,안전운전불이행,포장 - 건조,맑음,단일로 - 기타,화물,남,26세,상해없음,보행자,남,7세,경상
6303,2021101800100288,2021년 10월 18일 12시,월요일,경기도 남양주시 별내면,경상사고,0,0,1,0,차대사람 - 기타,안전운전불이행,포장 - 건조,맑음,주차장 - 주차장,승용,남,36세,상해없음,보행자,남,55세,경상
6304,2021101800100298,2021년 10월 18일 13시,월요일,경기도 용인시 처인구 마평동,경상사고,0,0,1,0,차대사람 - 기타,교차로운행방법위반,포장 - 건조,맑음,교차로 - 교차로안,화물,남,71세,상해없음,보행자,남,71세,경상
6305,2021101800100331,2021년 10월 18일 14시,월요일,경기도 부천시 심곡본동,경상사고,0,0,1,0,차대사람 - 기타,보행자보호의무위반,포장 - 건조,맑음,교차로 - 교차로부근,화물,남,60세,상해없음,보행자,남,69세,경상
6306,2021101800100332,2021년 10월 18일 14시,월요일,경기도 광명시 광명동,경상사고,0,0,1,0,차대사람 - 차도통행중,안전운전불이행,포장 - 건조,맑음,단일로 - 기타,승용,남,37세,상해없음,보행자,여,95세,경상
6307,2021101800100334,2021년 10월 18일 14시,월요일,경기도 성남시 분당구 정자동,경상사고,0,0,1,0,차대사람 - 기타,신호위반,포장 - 건조,맑음,교차로 - 교차로횡단보도내,승용,남,63세,상해없음,보행자,남,9세,경상
6308,2021101800100376,2021년 10월 18일 15시,월요일,경기도 화성시 봉담읍,중상사고,0,1,0,0,차대사람 - 기타,안전운전불이행,포장 - 건조,맑음,단일로 - 기타,승합,남,56세,상해없음,보행자,여,72세,중상
6309,2021101800100402,2021년 10월 18일 16시,월요일,경기도 수원시 장안구 파장동,중상사고,0,1,0,0,차대사람 - 횡단중,신호위반,포장 - 건조,맑음,교차로 - 교차로안,승용,남,46세,상해없음,보행자,남,10세,중상
6310,2021101800100405,2021년 10월 18일 16시,월요일,경기도 시흥시 거모동,경상사고,0,0,1,0,차대사람 - 횡단중,보행자보호의무위반,포장 - 건조,맑음,교차로 - 교차로안,승용,여,33세,상해없음,보행자,남,8세,경상
6311,2021101800100432,2021년 10월 18일 16시,월요일,경기도 남양주시 와부읍,중상사고,0,1,0,0,차대사람 - 횡단중,신호위반,포장 - 건조,맑음,교차로 - 교차로횡단보도내,화물,남,87세,상해없음,보행자,여,82세,중상
6312,2021101800100449,2021년 10월 18일 17시,월요일,경기도 안산시 단원구 원곡동,중상사고,0,1,0,0,차대사람 - 횡단중,안전운전불이행,포장 - 건조,맑음,교차로 - 교차로안,승합,남,35세,상해없음,보행자,여,64세,중상
6313,2021101800100474,2021년 10월 18일 17시,월요일,경기도 남양주시 화도읍,경상사고,0,0,1,0,차대사람 - 길가장자리구역통행중,안전운전불이행,포장 - 건조,맑음,교차로 - 교차로부근,화물,남,62세,상해없음,보행자,남,14세,경상
6314,2021101800100496,2021년 10월 18일 18시,월요일,경기도 평택시 팽성읍,경상사고,0,0,1,0,차대사람 - 기타,안전운전불이행,포장 - 건조,맑음,단일로 - 기타,화물,남,62세,상해없음,보행자,남,58세,경상
6315,2021101800100500,2021년 10월 18일 18시,월요일,경기도 용인시 기흥구 신갈동,중상사고,0,1,0,0,차대사람 - 횡단중,안전운전불이행,포장 - 건조,맑음,교차로 - 교차로안,승용,남,54세,상해없음,보행자,남,59세,중상
6316,2021101800100502,2021년 10월 18일 18시,월요일,경기도 김포시 통진읍,경상사고,0,0,1,0,차대사람 - 차도통행중,안전운전불이행,포장 - 젖음/습기,비,교차로 - 교차로안,승용,여,57세,상해없음,보행자,남,11세,경상
6317,2021101800100553,2021년 10월 18일 18시,월요일,경기도 파주시 적성면,중상사고,0,1,1,0,차대사람 - 기타,안전운전불이행,포장 - 젖음/습기,비,교차로 - 교차로안,승용,남,40세,상해없음,보행자,여,64세,중상
6318,2021101800100595,2021년 10월 18일 19시,월요일,경기도 남양주시 다산동,중상사고,0,1,0,0,차대사람 - 기타,안전운전불이행,포장 - 젖음/습기,맑음,교차로 - 교차로안,승용,남,48세,상해없음,보행자,여,37세,중상
6319,2021101800100596,2021년 10월 18일 19시,월요일,경기도 파주시 아동동,중상사고,0,1,0,0,차대사람 - 횡단중,보행자보호의무위반,포장 - 젖음/습기,비,교차로 - 교차로횡단보도내,승용,남,27세,상해없음,보행자,남,58세,중상
6320,2021101800100597,2021년 10월 18일 19시,월요일,경기도 파주시 야당동,경상사고,0,0,1,0,차대사람 - 횡단중,안전운전불이행,포장 - 젖음/습기,비,단일로 - 기타,승합,남,65세,상해없음,보행자,여,12세,경상
6321,2021101800100623,2021년 10월 18일 20시,월요일,경기도 양주시 고암동,경상사고,0,0,1,0,차대사람 - 횡단중,신호위반,포장 - 젖음/습기,비,교차로 - 교차로횡단보도내,이륜,남,26세,상해없음,보행자,남,65세,경상
6322,2021101800100634,2021년 10월 18일 21시,월요일,경기도 김포시 구래동,경상사고,0,0,1,0,차대사람 - 횡단중,보행자보호의무위반,포장 - 젖음/습기,비,교차로 - 교차로횡단보도내,승용,여,45세,상해없음,보행자,남,15세,경상
6323,2021101800100638,2021년 10월 18일 21시,월요일,경기도 군포시 산본동,경상사고,0,0,1,0,차대사람 - 길가장자리구역통행중,안전운전불이행,포장 - 젖음/습기,비,단일로 - 기타,승용,남,40세,상해없음,보행자,남,47세,경상
6324,2021101800100655,2021년 10월 18일 21시,월요일,경기도 고양시 덕양구 삼송동,경상사고,0,0,1,0,차대사람 - 기타,안전운전불이행,포장 - 젖음/습기,비,단일로 - 기타,승용,남,52세,상해없음,보행자,여,25세,경상
6325,2021101800100667,2021년 10월 18일 22시,월요일,경기도 안산시 단원구 고잔동,중상사고,0,1,0,0,차대사람 - 차도통행중,안전운전불이행,포장 - 젖음/습기,흐림,단일로 - 기타,화물,남,28세,상해없음,보행자,여,39세,중상
6326,2021101900100019,2021년 10월 19일 02시,화요일,경기도 용인시 수지구 풍덕천동,중상사고,0,1,0,0,차대사람 - 횡단중,안전운전불이행,포장 - 젖음/습기,비,교차로 - 교차로안,승용,남,51세,상해없음,보행자,남,81세,중상
6327,2021101900100095,2021년 10월 19일 08시,화요일,경기도 고양시 덕양구 성사동,부상신고사고,0,0,0,1,차대사람 - 보도통행중,안전운전불이행,포장 - 건조,맑음,단일로 - 기타,승용,여,55세,상해없음,보행자,남,17세,부상신고
6328,2021101900100123,2021년 10월 19일 09시,화요일,경기도 파주시 문산읍,중상사고,0,1,0,0,차대사람 - 횡단중,보행자보호의무위반,포장 - 건조,맑음,교차로 - 교차로안,승용,여,57세,상해없음,보행자,남,81세,중상
6329,2021101900100213,2021년 10월 19일 13시,화요일,경기도 성남시 중원구 성남동,경상사고,0,0,1,0,차대사람 - 기타,안전운전불이행,포장 - 건조,맑음,기타 - 기타,승용,남,74세,상해없음,보행자,여,56세,경상
6330,2021101900100214,2021년 10월 19일 13시,화요일,경기도 하남시 신장동,경상사고,0,0,1,0,차대사람 - 보도통행중,기타,포장 - 건조,맑음,단일로 - 기타,승용,남,61세,상해없음,보행자,여,72세,경상
6331,2021101900100238,2021년 10월 19일 13시,화요일,경기도 남양주시 화도읍,경상사고,0,0,1,0,차대사람 - 길가장자리구역통행중,안전운전불이행,포장 - 건조,맑음,단일로 - 기타,승용,남,54세,상해없음,보행자,남,80세,경상
6332,2021101900100250,2021년 10월 19일 14시,화요일,경기도 안산시 단원구 고잔동,경상사고,0,0,1,0,차대사람 - 기타,안전운전불이행,포장 - 건조,맑음,주차장 - 주차장,승용,남,68세,상해없음,보행자,남,22세,경상
6333,2021101900100318,2021년 10월 19일 16시,화요일,경기도 안산시 상록구 건건동,중상사고,0,1,0,0,차대사람 - 기타,안전운전불이행,포장 - 건조,맑음,단일로 - 기타,승용,남,54세,상해없음,보행자,여,70세,중상
6334,2021101900100322,2021년 10월 19일 16시,화요일,경기도 화성시 청계동,경상사고,0,0,1,0,차대사람 - 횡단중,보행자보호의무위반,포장 - 건조,맑음,교차로 - 교차로안,승용,여,44세,상해없음,보행자,남,11세,경상
6335,2021101900100352,2021년 10월 19일 16시,화요일,경기도 구리시 인창동,경상사고,0,0,1,0,차대사람 - 기타,안전운전불이행,포장 - 건조,맑음,기타 - 기타,이륜,남,57세,상해없음,보행자,남,28세,경상
6336,2021101900100381,2021년 10월 19일 17시,화요일,경기도 고양시 일산동구 장항동,중상사고,0,1,0,0,차대사람 - 횡단중,안전운전불이행,포장 - 건조,맑음,단일로 - 기타,승용,여,59세,상해없음,보행자,여,38세,중상