,사고번호,사고일시,요일,시군구,사고내용,사망자수,중상자수,경상자수,부상신고자수,사고유형,법규위반,노면상태,기상상태,도로형태,가해운전자 차종,가해운전자 성별,가해운전자 연령,가해운전자 상해정도,피해운전자 차종,피해운전자 성별,피해운전자 연령,피해운전자 상해정도
6337,2021101900100402,2021년 10월 19일 18시,화요일,경기도 시흥시 정왕동,경상사고,0,0,1,0,차대사람 - 보도통행중,보행자보호의무위반,포장 - 건조,맑음,기타 - 기타,개인형이동수단(PM),남,55세,상해없음,보행자,여,66세,경상
6338,2021101900100404,2021년 10월 19일 18시,화요일,경기도 수원시 권선구 서둔동,경상사고,0,0,1,0,차대사람 - 횡단중,안전운전불이행,포장 - 건조,맑음,기타 - 기타,승용,남,24세,상해없음,보행자,남,26세,경상
6339,2021101900100405,2021년 10월 19일 18시,화요일,경기도 용인시 수지구 상현동,경상사고,0,0,1,0,차대사람 - 횡단중,신호위반,포장 - 건조,맑음,교차로 - 교차로횡단보도내,승용,남,41세,상해없음,보행자,남,30세,경상
6340,2021101900100457,2021년 10월 19일 18시,화요일,경기도 고양시 일산동구 풍동,부상신고사고,0,0,0,1,차대사람 - 기타,안전운전불이행,포장 - 건조,맑음,기타 - 기타,기타불명,기타불명,미분류,기타불명,보행자,남,42세,부상신고
6341,2021101900100474,2021년 10월 19일 19시,화요일,경기도 수원시 영통구 영통동,경상사고,0,0,1,0,차대사람 - 횡단중,신호위반,포장 - 건조,맑음,교차로 - 교차로횡단보도내,승용,여,45세,상해없음,보행자,남,36세,경상
6342,2021101900100480,2021년 10월 19일 19시,화요일,경기도 부천시 원종동,경상사고,0,0,1,0,차대사람 - 보도통행중,기타,포장 - 건조,맑음,단일로 - 기타,승용,남,58세,상해없음,보행자,여,63세,경상
6343,2021101900100531,2021년 10월 19일 21시,화요일,경기도 평택시 서정동,경상사고,0,0,1,0,차대사람 - 기타,안전운전불이행,포장 - 건조,맑음,교차로 - 교차로부근,승용,남,35세,상해없음,보행자,남,48세,경상
6344,2021101900100566,2021년 10월 19일 22시,화요일,경기도 수원시 팔달구 고등동,경상사고,0,0,1,0,차대사람 - 기타,안전운전불이행,포장 - 건조,맑음,단일로 - 기타,이륜,남,23세,상해없음,보행자,남,52세,경상
6345,2021102000100002,2021년 10월 20일 00시,수요일,경기도 안양시 동안구 관양동,중상사고,0,1,0,0,차대사람 - 횡단중,신호위반,포장 - 건조,맑음,교차로 - 교차로부근,승용,남,31세,상해없음,보행자,남,33세,중상
6346,2021102000100022,2021년 10월 20일 05시,수요일,경기도 포천시 가산면,부상신고사고,0,0,0,1,차대사람 - 횡단중,안전운전불이행,포장 - 건조,맑음,교차로 - 교차로안,승용,남,54세,상해없음,보행자,여,65세,부상신고
6347,2021102000100035,2021년 10월 20일 06시,수요일,경기도 고양시 덕양구 화정동,중상사고,0,1,0,0,차대사람 - 횡단중,안전운전불이행,포장 - 건조,맑음,교차로 - 교차로부근,승합,남,65세,기타불명,보행자,여,84세,중상
6348,2021102000100062,2021년 10월 20일 08시,수요일,경기도 김포시 걸포동,경상사고,0,0,1,0,차대사람 - 기타,보행자보호의무위반,포장 - 건조,맑음,기타 - 기타,승용,여,29세,상해없음,보행자,여,39세,경상
6349,2021102000100065,2021년 10월 20일 08시,수요일,경기도 성남시 분당구 수내동,경상사고,0,0,1,0,차대사람 - 기타,안전운전불이행,포장 - 건조,맑음,주차장 - 주차장,승용,여,46세,상해없음,보행자,여,62세,경상
6350,2021102000100087,2021년 10월 20일 08시,수요일,경기도 남양주시 평내동,경상사고,0,0,1,0,차대사람 - 횡단중,보행자보호의무위반,포장 - 건조,맑음,교차로 - 교차로횡단보도내,승용,남,66세,상해없음,보행자,여,53세,경상
6351,2021102000100088,2021년 10월 20일 08시,수요일,경기도 구리시 인창동,경상사고,0,0,1,0,차대사람 - 기타,보행자보호의무위반,포장 - 건조,맑음,단일로 - 기타,승용,남,19세,상해없음,보행자,남,8세,경상
6352,2021102000100121,2021년 10월 20일 09시,수요일,경기도 고양시 일산서구 일산동,중상사고,0,1,0,0,차대사람 - 기타,안전운전불이행,포장 - 건조,맑음,교차로 - 교차로부근,승용,여,50세,상해없음,보행자,남,48세,중상
6353,2021102000100126,2021년 10월 20일 10시,수요일,경기도 수원시 팔달구 북수동,경상사고,0,0,1,0,차대사람 - 기타,안전운전불이행,포장 - 건조,맑음,교차로 - 교차로안,승용,여,29세,상해없음,보행자,남,80세,경상
6354,2021102000100130,2021년 10월 20일 10시,수요일,경기도 평택시 서정동,중상사고,0,1,0,0,차대사람 - 횡단중,보행자보호의무위반,포장 - 건조,맑음,교차로 - 교차로횡단보도내,승용,여,72세,상해없음,보행자,여,40세,중상
6355,2021102000100198,2021년 10월 20일 12시,수요일,경기도 시흥시 매화동,중상사고,0,1,0,0,차대사람 - 횡단중,보행자보호의무위반,포장 - 건조,맑음,교차로 - 교차로횡단보도내,승용,남,46세,상해없음,보행자,남,83세,중상
6356,2021102000100242,2021년 10월 20일 13시,수요일,경기도 여주시 홍문동,경상사고,0,0,1,0,차대사람 - 보도통행중,안전운전불이행,포장 - 건조,맑음,기타 - 기타,개인형이동수단(PM),남,13세,상해없음,보행자,남,21세,경상
6357,2021102000100277,2021년 10월 20일 13시,수요일,경기도 고양시 일산동구 백석동,중상사고,0,1,0,0,차대사람 - 횡단중,안전운전불이행,포장 - 건조,맑음,교차로 - 교차로횡단보도내,이륜,남,27세,상해없음,보행자,여,77세,중상
6358,2021102000100314,2021년 10월 20일 15시,수요일,경기도 광명시 광명동,경상사고,0,0,1,0,차대사람 - 기타,안전운전불이행,포장 - 건조,맑음,단일로 - 기타,승용,남,70세,상해없음,보행자,남,50세,경상
6359,2021102000100319,2021년 10월 20일 15시,수요일,경기도 하남시 신장동,부상신고사고,0,0,0,1,차대사람 - 기타,안전운전불이행,포장 - 건조,맑음,단일로 - 기타,기타불명,기타불명,미분류,기타불명,보행자,여,20세,부상신고
6360,2021102000100400,2021년 10월 20일 17시,수요일,경기도 안양시 동안구 관양동,경상사고,0,0,1,0,차대사람 - 기타,안전운전불이행,포장 - 건조,맑음,단일로 - 기타,승용,남,66세,상해없음,보행자,남,7세,경상
6361,2021102000100403,2021년 10월 20일 17시,수요일,경기도 부천시 중동,중상사고,0,1,0,0,차대사람 - 차도통행중,안전운전불이행,포장 - 건조,맑음,교차로 - 교차로부근,이륜,남,63세,상해없음,보행자,남,6세,중상
6362,2021102000100455,2021년 10월 20일 18시,수요일,경기도 용인시 처인구 이동읍,중상사고,0,1,0,0,차대사람 - 기타,안전운전불이행,포장 - 건조,맑음,교차로 - 교차로안,화물,남,74세,상해없음,보행자,남,11세,중상
6363,2021102000100456,2021년 10월 20일 18시,수요일,경기도 부천시 송내동,경상사고,0,0,1,0,차대사람 - 기타,안전운전불이행,포장 - 건조,맑음,기타 - 기타,승용,남,80세,상해없음,보행자,남,57세,경상
6364,2021102000100465,2021년 10월 20일 18시,수요일,경기도 화성시 반월동,중상사고,0,1,0,0,차대사람 - 횡단중,보행자보호의무위반,포장 - 건조,맑음,교차로 - 교차로횡단보도내,승용,남,40세,상해없음,보행자,남,55세,중상
6365,2021102000100504,2021년 10월 20일 18시,수요일,경기도 고양시 덕양구 화전동,경상사고,0,0,1,0,차대사람 - 횡단중,신호위반,포장 - 기타,맑음,교차로 - 교차로안,이륜,남,43세,상해없음,보행자,남,64세,경상
6366,2021102000100509,2021년 10월 20일 18시,수요일,경기도 남양주시 오남읍,중상사고,0,1,0,0,차대사람 - 차도통행중,안전운전불이행,포장 - 건조,맑음,단일로 - 기타,이륜,남,17세,상해없음,보행자,여,62세,중상
6367,2021102000100529,2021년 10월 20일 19시,수요일,경기도 성남시 분당구 서현동,경상사고,0,0,1,0,차대사람 - 기타,보행자보호의무위반,포장 - 건조,맑음,단일로 - 기타,승용,여,32세,상해없음,보행자,여,15세,경상
6368,2021102000100553,2021년 10월 20일 19시,수요일,경기도 의정부시 장암동,중상사고,0,1,0,0,차대사람 - 횡단중,신호위반,포장 - 건조,흐림,단일로 - 기타,승합,남,55세,상해없음,보행자,남,41세,중상
6369,2021102000100556,2021년 10월 20일 19시,수요일,경기도 포천시 소흘읍,중상사고,0,1,0,0,차대사람 - 횡단중,안전운전불이행,포장 - 건조,맑음,단일로 - 기타,승용,남,71세,상해없음,보행자,남,59세,중상
6370,2021102000100588,2021년 10월 20일 21시,수요일,경기도 광명시 일직동,경상사고,0,0,2,0,차대사람 - 횡단중,안전운전불이행,포장 - 건조,맑음,교차로 - 교차로횡단보도내,승용,남,65세,상해없음,보행자,남,38세,경상
6371,2021102000100632,2021년 10월 20일 22시,수요일,경기도 파주시 금촌동,중상사고,0,1,0,0,차대사람 - 차도통행중,안전운전불이행,포장 - 건조,맑음,교차로 - 교차로안,이륜,남,20세,상해없음,보행자,여,69세,중상
6372,2021102000100637,2021년 10월 20일 23시,수요일,경기도 성남시 분당구 구미동,경상사고,0,0,1,0,차대사람 - 기타,안전운전불이행,포장 - 건조,맑음,교차로 - 교차로횡단보도내,승용,남,64세,상해없음,보행자,여,38세,경상
6373,2021102100100033,2021년 10월 21일 05시,목요일,경기도 수원시 영통구 신동,경상사고,0,0,1,0,차대사람 - 차도통행중,안전운전불이행,포장 - 건조,맑음,교차로 - 교차로안,승용,남,62세,상해없음,보행자,남,29세,경상
6374,2021102100100039,2021년 10월 21일 06시,목요일,경기도 평택시 군문동,경상사고,0,0,1,0,차대사람 - 횡단중,보행자보호의무위반,포장 - 건조,맑음,교차로 - 교차로부근,승용,남,73세,상해없음,보행자,여,51세,경상
6375,2021102100100043,2021년 10월 21일 06시,목요일,경기도 부천시 오정동,중상사고,0,1,0,0,차대사람 - 기타,안전운전불이행,포장 - 건조,맑음,기타 - 기타,건설기계,남,61세,상해없음,보행자,여,55세,중상
6376,2021102100100081,2021년 10월 21일 08시,목요일,경기도 용인시 수지구 신봉동,경상사고,0,0,1,0,차대사람 - 보도통행중,신호위반,포장 - 건조,맑음,교차로 - 교차로횡단보도내,승용,여,48세,상해없음,보행자,남,56세,경상
6377,2021102100100129,2021년 10월 21일 09시,목요일,경기도 양주시 장흥면,경상사고,0,0,1,0,차대사람 - 기타,안전운전불이행,비포장 - 건조,맑음,단일로 - 기타,승용,여,49세,상해없음,보행자,여,52세,경상
6378,2021102100100138,2021년 10월 21일 10시,목요일,경기도 부천시 상동,경상사고,0,0,1,0,차대사람 - 보도통행중,기타,포장 - 건조,맑음,교차로 - 교차로부근,이륜,남,48세,상해없음,보행자,남,29세,경상
6379,2021102100100167,2021년 10월 21일 11시,목요일,경기도 시흥시 정왕동,경상사고,0,0,1,0,차대사람 - 기타,안전운전불이행,포장 - 건조,맑음,교차로 - 교차로안,승용,여,59세,상해없음,보행자,남,63세,경상
6380,2021102100100200,2021년 10월 21일 12시,목요일,경기도 수원시 장안구 조원동,중상사고,0,1,0,0,차대사람 - 횡단중,안전운전불이행,포장 - 건조,맑음,단일로 - 기타,승용,남,45세,상해없음,보행자,여,79세,중상
6381,2021102100100233,2021년 10월 21일 13시,목요일,경기도 수원시 팔달구 인계동,경상사고,0,0,1,0,차대사람 - 기타,보행자보호의무위반,포장 - 건조,맑음,교차로 - 교차로횡단보도내,승용,여,62세,상해없음,보행자,여,27세,경상
6382,2021102100100234,2021년 10월 21일 13시,목요일,경기도 하남시 미사동,중상사고,0,1,0,0,차대사람 - 횡단중,신호위반,포장 - 건조,맑음,단일로 - 기타,개인형이동수단(PM),남,17세,상해없음,보행자,여,55세,중상
6383,2021102100100270,2021년 10월 21일 14시,목요일,경기도 수원시 영통구 매탄동,중상사고,0,1,0,0,차대사람 - 차도통행중,안전운전불이행,포장 - 건조,맑음,단일로 - 기타,이륜,남,16세,상해없음,보행자,여,18세,중상
6384,2021102100100273,2021년 10월 21일 14시,목요일,경기도 화성시 산척동,경상사고,0,0,1,0,차대사람 - 기타,안전운전불이행,포장 - 건조,맑음,교차로 - 교차로부근,승용,여,47세,상해없음,보행자,남,30세,경상
6385,2021102100100305,2021년 10월 21일 14시,목요일,경기도 포천시 소흘읍,경상사고,0,0,2,0,차대사람 - 차도통행중,중앙선침범,포장 - 건조,맑음,단일로 - 기타,승용,남,71세,상해없음,보행자,여,66세,경상
6386,2021102100100318,2021년 10월 21일 15시,목요일,경기도 성남시 분당구 구미동,경상사고,0,0,1,0,차대사람 - 기타,안전운전불이행,포장 - 건조,맑음,기타 - 기타,자전거,남,53세,상해없음,보행자,남,29세,경상
6387,2021102100100336,2021년 10월 21일 16시,목요일,경기도 광주시 장지동,경상사고,0,0,1,0,차대사람 - 보도통행중,기타,포장 - 건조,맑음,기타 - 기타,개인형이동수단(PM),남,18세,상해없음,보행자,여,7세,경상
6388,2021102100100337,2021년 10월 21일 16시,목요일,경기도 광주시 장지동,경상사고,0,0,1,0,차대사람 - 기타,보행자보호의무위반,포장 - 건조,맑음,교차로 - 교차로안,승용,남,40세,상해없음,보행자,남,13세,경상
6389,2021102100100338,2021년 10월 21일 16시,목요일,경기도 안산시 상록구 월피동,중상사고,0,1,0,0,차대사람 - 횡단중,교차로운행방법위반,포장 - 건조,맑음,교차로 - 교차로안,승용,남,63세,상해없음,보행자,여,63세,중상
6390,2021102100100356,2021년 10월 21일 16시,목요일,경기도 고양시 덕양구 신원동,중상사고,0,1,0,0,차대사람 - 기타,안전운전불이행,포장 - 건조,맑음,단일로 - 기타,화물,남,46세,상해없음,보행자,여,8세,중상
6391,2021102100100357,2021년 10월 21일 16시,목요일,경기도 고양시 덕양구 삼송동,중상사고,0,1,0,0,차대사람 - 횡단중,안전운전불이행,포장 - 건조,맑음,교차로 - 교차로횡단보도내,건설기계,남,51세,상해없음,보행자,여,55세,중상
6392,2021102100100358,2021년 10월 21일 16시,목요일,경기도 고양시 일산동구 백석동,중상사고,0,1,0,0,차대사람 - 횡단중,보행자보호의무위반,포장 - 건조,맑음,단일로 - 기타,승용,남,71세,상해없음,보행자,여,58세,중상
6393,2021102100100371,2021년 10월 21일 17시,목요일,경기도 이천시 중리동,중상사고,0,1,0,0,차대사람 - 횡단중,안전운전불이행,포장 - 건조,맑음,교차로 - 교차로부근,승용,남,42세,상해없음,보행자,여,84세,중상
6394,2021102100100408,2021년 10월 21일 17시,목요일,경기도 고양시 일산서구 주엽동,경상사고,0,0,1,0,차대사람 - 횡단중,안전운전불이행,포장 - 건조,맑음,기타 - 기타,자전거,남,29세,상해없음,보행자,남,22세,경상
6395,2021102100100428,2021년 10월 21일 18시,목요일,경기도 김포시 구래동,중상사고,0,1,1,0,차대사람 - 횡단중,신호위반,포장 - 건조,맑음,교차로 - 교차로부근,이륜,남,37세,상해없음,보행자,남,54세,경상
6396,2021102100100430,2021년 10월 21일 18시,목요일,경기도 안산시 단원구 선부동,중상사고,0,1,0,0,차대사람 - 횡단중,보행자보호의무위반,포장 - 건조,흐림,교차로 - 교차로안,승용,남,53세,상해없음,보행자,여,62세,중상
6397,2021102100100433,2021년 10월 21일 18시,목요일,경기도 성남시 분당구 수내동,경상사고,0,0,1,0,차대사람 - 기타,보행자보호의무위반,포장 - 건조,맑음,교차로 - 교차로횡단보도내,승용,여,62세,상해없음,보행자,남,8세,경상
6398,2021102100100476,2021년 10월 21일 18시,목요일,경기도 고양시 일산동구 정발산동,경상사고,0,0,1,0,차대사람 - 보도통행중,보행자보호의무위반,포장 - 건조,맑음,교차로 - 교차로부근,승용,여,40세,상해없음,보행자,남,43세,경상
6399,2021102100100493,2021년 10월 21일 19시,목요일,경기도 성남시 수정구 태평동,경상사고,0,0,1,0,차대사람 - 기타,안전운전불이행,포장 - 건조,맑음,단일로 - 기타,승합,남,31세,상해없음,보행자,남,16세,경상
6400,2021102100100500,2021년 10월 21일 19시,목요일,경기도 용인시 수지구 성복동,경상사고,0,0,1,0,차대사람 - 보도통행중,보행자보호의무위반,포장 - 건조,맑음,교차로 - 교차로횡단보도내,승용,남,79세,상해없음,보행자,여,30세,경상
6401,2021102100100531,2021년 10월 21일 19시,목요일,경기도 파주시 야당동,경상사고,0,0,1,0,차대사람 - 길가장자리구역통행중,안전운전불이행,포장 - 건조,맑음,단일로 - 기타,승용,여,60세,상해없음,보행자,여,22세,경상
6402,2021102100100598,2021년 10월 21일 22시,목요일,경기도 수원시 권선구 권선동,경상사고,0,0,1,0,차대사람 - 차도통행중,안전운전불이행,포장 - 건조,맑음,기타 - 기타,승용,남,24세,상해없음,보행자,남,24세,경상
6403,2021102100100599,2021년 10월 21일 22시,목요일,경기도 수원시 영통구 원천동,경상사고,0,0,1,0,차대사람 - 차도통행중,안전운전불이행,포장 - 건조,맑음,단일로 - 기타,원동기,남,24세,상해없음,보행자,남,19세,경상
6404,2021102200100085,2021년 10월 22일 08시,금요일,경기도 김포시 통진읍,사망사고,1,0,0,0,차대사람 - 횡단중,안전운전불이행,포장 - 건조,맑음,단일로 - 기타,승용,남,24세,상해없음,보행자,여,71세,사망
6405,2021102200100123,2021년 10월 22일 09시,금요일,경기도 수원시 장안구 천천동,중상사고,0,1,0,0,차대사람 - 보도통행중,기타,포장 - 건조,맑음,교차로 - 교차로안,자전거,남,54세,상해없음,보행자,여,10세,중상
6406,2021102200100128,2021년 10월 22일 09시,금요일,경기도 하남시 신장동,경상사고,0,0,1,0,차대사람 - 기타,안전운전불이행,포장 - 건조,맑음,단일로 - 기타,승용,남,37세,상해없음,보행자,여,35세,경상
6407,2021102200100155,2021년 10월 22일 09시,금요일,경기도 구리시 수택동,중상사고,0,1,0,0,차대사람 - 기타,안전운전불이행,포장 - 건조,맑음,교차로 - 교차로안,승용,남,44세,상해없음,보행자,여,60세,중상
6408,2021102200100250,2021년 10월 22일 12시,금요일,경기도 성남시 중원구 금광동,경상사고,0,0,1,0,차대사람 - 차도통행중,안전운전불이행,포장 - 건조,맑음,교차로 - 교차로부근,승용,남,46세,상해없음,보행자,남,53세,경상
6409,2021102200100281,2021년 10월 22일 13시,금요일,경기도 광명시 일직동,중상사고,0,1,0,0,차대사람 - 횡단중,보행자보호의무위반,포장 - 건조,맑음,교차로 - 교차로횡단보도내,승용,남,55세,상해없음,보행자,남,68세,중상
6410,2021102200100287,2021년 10월 22일 13시,금요일,경기도 하남시 덕풍동,경상사고,0,0,1,0,차대사람 - 기타,신호위반,포장 - 건조,맑음,교차로 - 교차로안,이륜,남,71세,상해없음,보행자,여,27세,상해없음
6411,2021102200100319,2021년 10월 22일 14시,금요일,경기도 시흥시 정왕동,사망사고,1,0,0,0,차대사람 - 기타,보행자보호의무위반,포장 - 건조,맑음,단일로 - 기타,자전거,남,31세,상해없음,보행자,여,69세,사망
6412,2021102200100351,2021년 10월 22일 14시,금요일,경기도 남양주시 와부읍,중상사고,0,1,0,0,차대사람 - 기타,안전운전불이행,포장 - 건조,맑음,단일로 - 기타,승용,여,30세,상해없음,보행자,남,53세,중상
6413,2021102200100357,2021년 10월 22일 15시,금요일,경기도 성남시 수정구 태평동,경상사고,0,0,1,0,차대사람 - 보도통행중,보행자보호의무위반,포장 - 건조,맑음,교차로 - 교차로횡단보도내,승용,남,76세,기타불명,보행자,남,24세,경상
6414,2021102200100358,2021년 10월 22일 15시,금요일,경기도 평택시 지산동,중상사고,0,1,0,0,차대사람 - 기타,안전운전불이행,포장 - 건조,맑음,기타 - 기타,승합,남,63세,상해없음,보행자,여,48세,중상
6415,2021102200100361,2021년 10월 22일 15시,금요일,경기도 김포시 북변동,경상사고,0,0,1,0,차대사람 - 기타,안전운전불이행,포장 - 건조,맑음,교차로 - 교차로안,화물,남,61세,상해없음,보행자,남,73세,경상
6416,2021102200100392,2021년 10월 22일 15시,금요일,경기도 고양시 일산동구 식사동,중상사고,0,1,0,0,차대사람 - 기타,안전운전불이행,포장 - 건조,맑음,단일로 - 기타,자전거,여,11세,상해없음,보행자,여,59세,중상
6417,2021102200100405,2021년 10월 22일 16시,금요일,경기도 수원시 장안구 정자동,경상사고,0,0,1,0,차대사람 - 보도통행중,안전운전불이행,포장 - 건조,맑음,교차로 - 교차로부근,자전거,남,12세,상해없음,보행자,남,5세,경상
6418,2021102200100441,2021년 10월 22일 16시,금요일,경기도 고양시 일산동구 풍동,경상사고,0,0,1,0,차대사람 - 보도통행중,기타,포장 - 건조,맑음,기타 - 기타,자전거,남,13세,상해없음,보행자,여,29세,경상
6419,2021102200100442,2021년 10월 22일 16시,금요일,경기도 남양주시 다산동,경상사고,0,0,1,0,차대사람 - 보도통행중,기타,포장 - 건조,맑음,단일로 - 기타,개인형이동수단(PM),여,25세,상해없음,보행자,여,8세,경상
6420,2021102200100503,2021년 10월 22일 17시,금요일,경기도 고양시 일산서구 탄현동,부상신고사고,0,0,0,1,차대사람 - 기타,기타,포장 - 건조,맑음,기타 - 기타,자전거,기타불명,미분류,기타불명,보행자,남,7세,부상신고
6421,2021102200100532,2021년 10월 22일 18시,금요일,경기도 수원시 권선구 금곡동,경상사고,0,0,2,0,차대사람 - 기타,차로위반,포장 - 건조,맑음,단일로 - 기타,승용,남,67세,상해없음,보행자,남,42세,경상
6422,2021102200100592,2021년 10월 22일 19시,금요일,경기도 광주시 초월읍,경상사고,0,0,1,0,차대사람 - 기타,안전운전불이행,포장 - 건조,맑음,교차로 - 교차로부근,특수,남,47세,상해없음,보행자,남,37세,경상
6423,2021102200100595,2021년 10월 22일 19시,금요일,경기도 여주시 점봉동,경상사고,0,0,1,0,차대사람 - 기타,안전운전불이행,포장 - 건조,맑음,기타 - 기타,승용,남,43세,상해없음,보행자,여,23세,경상
6424,2021102200100596,2021년 10월 22일 19시,금요일,경기도 부천시 상동,경상사고,0,0,1,0,차대사람 - 횡단중,신호위반,포장 - 건조,맑음,단일로 - 기타,자전거,남,34세,상해없음,보행자,남,30세,경상
6425,2021102200100599,2021년 10월 22일 19시,금요일,경기도 시흥시 대야동,경상사고,0,0,1,0,차대사람 - 기타,안전운전불이행,포장 - 건조,맑음,단일로 - 기타,승용,여,55세,상해없음,보행자,남,65세,경상
6426,2021102200100600,2021년 10월 22일 19시,금요일,경기도 화성시 봉담읍,경상사고,0,0,1,0,차대사람 - 기타,안전운전불이행,포장 - 건조,맑음,주차장 - 주차장,승용,여,43세,상해없음,보행자,남,24세,경상
6427,2021102200100635,2021년 10월 22일 20시,금요일,경기도 시흥시 신천동,경상사고,0,0,1,0,차대사람 - 기타,안전운전불이행,포장 - 건조,맑음,단일로 - 기타,승용,남,66세,상해없음,보행자,남,57세,경상
6428,2021102200100651,2021년 10월 22일 20시,금요일,경기도 의정부시 의정부동,사망사고,1,0,0,0,차대사람 - 횡단중,안전운전불이행,포장 - 건조,맑음,교차로 - 교차로횡단보도내,승용,남,61세,상해없음,보행자,여,72세,사망
6429,2021102200100652,2021년 10월 22일 20시,금요일,경기도 의정부시 의정부동,경상사고,0,0,1,0,차대사람 - 차도통행중,신호위반,포장 - 건조,맑음,단일로 - 기타,승용,남,61세,상해없음,보행자,남,49세,경상
6430,2021102200100664,2021년 10월 22일 21시,금요일,경기도 김포시 고촌읍,경상사고,0,0,1,0,차대사람 - 기타,기타,포장 - 건조,맑음,단일로 - 기타,승합,남,46세,상해없음,보행자,남,51세,경상
6431,2021102200100668,2021년 10월 22일 21시,금요일,경기도 화성시 봉담읍,중상사고,0,1,0,0,차대사람 - 횡단중,보행자보호의무위반,포장 - 건조,맑음,교차로 - 교차로횡단보도내,승용,여,48세,상해없음,보행자,여,27세,중상
6432,2021102200100680,2021년 10월 22일 21시,금요일,경기도 고양시 일산동구 백석동,경상사고,0,0,1,0,차대사람 - 기타,안전운전불이행,포장 - 건조,맑음,교차로 - 교차로안,승용,남,28세,상해없음,보행자,여,27세,경상
6433,2021102200100681,2021년 10월 22일 21시,금요일,경기도 구리시 수택동,경상사고,0,0,1,0,차대사람 - 기타,안전운전불이행,포장 - 건조,맑음,교차로 - 교차로안,승용,남,62세,상해없음,보행자,남,33세,경상
6434,2021102200100695,2021년 10월 22일 22시,금요일,경기도 수원시 장안구 파장동,경상사고,0,0,1,0,차대사람 - 기타,안전운전불이행,포장 - 건조,맑음,교차로 - 교차로부근,승합,남,64세,상해없음,보행자,남,42세,경상
6435,2021102200100723,2021년 10월 22일 22시,금요일,경기도 파주시 와동동,부상신고사고,0,0,0,1,차대사람 - 기타,기타,포장 - 건조,맑음,단일로 - 기타,승합,남,58세,상해없음,보행자,여,8세,부상신고
6436,2021102200100725,2021년 10월 22일 22시,금요일,경기도 구리시 인창동,경상사고,0,0,1,0,차대사람 - 기타,안전운전불이행,포장 - 건조,맑음,교차로 - 교차로부근,승용,남,24세,상해없음,보행자,남,26세,경상
6437,2021102200100736,2021년 10월 22일 23시,금요일,경기도 성남시 분당구 수내동,경상사고,0,0,1,0,차대사람 - 기타,안전운전불이행,포장 - 건조,맑음,기타 - 기타,승용,남,58세,기타불명,보행자,남,52세,경상
6438,2021102200100737,2021년 10월 22일 23시,금요일,경기도 시흥시 정왕동,경상사고,0,0,1,0,차대사람 - 기타,안전운전불이행,포장 - 건조,맑음,교차로 - 교차로부근,승용,여,30세,상해없음,보행자,남,48세,경상
6439,2021102300100049,2021년 10월 23일 06시,토요일,경기도 하남시 덕풍동,경상사고,0,0,1,0,차대사람 - 기타,안전운전불이행,포장 - 건조,맑음,기타 - 기타,승용,여,44세,상해없음,보행자,남,52세,경상
6440,2021102300100113,2021년 10월 23일 10시,토요일,경기도 안성시 죽산면,경상사고,0,0,1,0,차대사람 - 길가장자리구역통행중,안전운전불이행,포장 - 건조,맑음,단일로 - 기타,승용,여,58세,상해없음,보행자,남,79세,경상
6441,2021102300100138,2021년 10월 23일 10시,토요일,경기도 고양시 덕양구 행신동,경상사고,0,0,1,0,차대사람 - 보도통행중,안전운전불이행,포장 - 건조,맑음,기타 - 기타,자전거,남,77세,상해없음,보행자,남,5세,경상
6442,2021102300100152,2021년 10월 23일 11시,토요일,경기도 광명시 하안동,중상사고,0,1,0,0,차대사람 - 횡단중,보행자보호의무위반,포장 - 건조,맑음,교차로 - 교차로안,화물,남,62세,상해없음,보행자,여,82세,중상
6443,2021102300100193,2021년 10월 23일 12시,토요일,경기도 안성시 인지동,중상사고,0,1,0,0,차대사람 - 횡단중,보행자보호의무위반,포장 - 건조,맑음,교차로 - 교차로횡단보도내,승용,남,63세,상해없음,보행자,남,67세,중상
6444,2021102300100197,2021년 10월 23일 12시,토요일,경기도 광명시 광명동,중상사고,0,1,0,0,차대사람 - 기타,교차로운행방법위반,포장 - 건조,맑음,교차로 - 교차로안,승용,남,52세,상해없음,보행자,남,64세,중상
6445,2021102300100201,2021년 10월 23일 12시,토요일,경기도 시흥시 대야동,경상사고,0,0,1,0,차대사람 - 기타,안전운전불이행,포장 - 건조,맑음,기타 - 기타,승용,남,40세,상해없음,보행자,남,42세,경상
6446,2021102300100247,2021년 10월 23일 13시,토요일,경기도 화성시 송산면,경상사고,0,0,1,0,차대사람 - 기타,안전운전불이행,포장 - 기타,맑음,기타 - 기타,사륜오토바이(ATV),남,67세,상해없음,보행자,남,57세,경상
6447,2021102300100249,2021년 10월 23일 13시,토요일,경기도 부천시 고강동,경상사고,0,0,1,0,차대사람 - 기타,안전운전불이행,포장 - 건조,맑음,단일로 - 기타,승용,남,31세,상해없음,보행자,남,51세,경상
6448,2021102300100276,2021년 10월 23일 13시,토요일,경기도 남양주시 진접읍,중상사고,0,1,0,0,차대사람 - 횡단중,보행자보호의무위반,포장 - 건조,맑음,교차로 - 교차로안,화물,남,46세,상해없음,보행자,여,46세,중상