,사고번호,사고일시,요일,시군구,사고내용,사망자수,중상자수,경상자수,부상신고자수,사고유형,법규위반,노면상태,기상상태,도로형태,가해운전자 차종,가해운전자 성별,가해운전자 연령,가해운전자 상해정도,피해운전자 차종,피해운전자 성별,피해운전자 연령,피해운전자 상해정도
7010,2021111200100593,2021년 11월 12일 20시,금요일,경기도 부천시 고강동,중상사고,0,1,0,0,차대사람 - 기타,기타,포장 - 건조,맑음,단일로 - 기타,승합,남,64세,상해없음,보행자,남,74세,중상
7011,2021111200100648,2021년 11월 12일 22시,금요일,경기도 성남시 중원구 갈현동,중상사고,0,1,0,0,차대사람 - 차도통행중,안전운전불이행,포장 - 건조,맑음,기타 - 기타,승용,남,42세,상해없음,보행자,남,23세,중상
7012,2021111200100663,2021년 11월 12일 22시,금요일,경기도 고양시 덕양구 성사동,중상사고,0,1,0,0,차대사람 - 횡단중,안전운전불이행,포장 - 건조,맑음,교차로 - 교차로안,승용,여,68세,상해없음,보행자,여,62세,중상
7013,2021111300100009,2021년 11월 13일 00시,토요일,경기도 군포시 부곡동,부상신고사고,0,0,0,1,차대사람 - 기타,안전운전불이행,포장 - 건조,맑음,단일로 - 기타,승용,남,58세,상해없음,보행자,남,39세,부상신고
7014,2021111300100010,2021년 11월 13일 00시,토요일,경기도 군포시 산본동,중상사고,0,1,0,0,차대사람 - 기타,보행자보호의무위반,포장 - 건조,맑음,교차로 - 교차로횡단보도내,승용,남,27세,상해없음,보행자,남,27세,중상
7015,2021111300100031,2021년 11월 13일 01시,토요일,경기도 평택시 평택동,경상사고,0,0,1,0,차대사람 - 기타,안전운전불이행,포장 - 건조,맑음,단일로 - 기타,승용,여,45세,상해없음,보행자,남,23세,경상
7016,2021111300100057,2021년 11월 13일 03시,토요일,경기도 안산시 단원구 고잔동,경상사고,0,0,1,0,차대사람 - 기타,안전운전불이행,포장 - 기타,기타,기타 - 기타,승용,남,22세,기타불명,보행자,남,26세,경상
7017,2021111300100058,2021년 11월 13일 03시,토요일,경기도 하남시 망월동,경상사고,0,0,1,0,차대사람 - 기타,안전거리미확보,포장 - 젖음/습기,맑음,단일로 - 지하차도(도로)내,승용,남,46세,상해없음,보행자,남,19세,경상
7018,2021111300100106,2021년 11월 13일 08시,토요일,경기도 여주시 점동면,중상사고,0,1,0,0,차대사람 - 기타,안전운전불이행,포장 - 건조,맑음,단일로 - 기타,승용,남,46세,상해없음,보행자,남,44세,중상
7019,2021111300100107,2021년 11월 13일 08시,토요일,경기도 부천시 도당동,중상사고,0,1,0,0,차대사람 - 기타,안전운전불이행,포장 - 건조,맑음,단일로 - 기타,승용,여,40세,상해없음,보행자,여,62세,중상
7020,2021111300100108,2021년 11월 13일 08시,토요일,경기도 안산시 단원구 원곡동,중상사고,0,1,0,0,차대사람 - 횡단중,안전운전불이행,포장 - 건조,맑음,교차로 - 교차로횡단보도내,승용,남,48세,상해없음,보행자,여,75세,중상
7021,2021111300100135,2021년 11월 13일 09시,토요일,경기도 평택시 평택동,경상사고,0,0,1,0,차대사람 - 보도통행중,안전운전불이행,포장 - 건조,맑음,단일로 - 기타,승용,남,36세,기타불명,보행자,남,57세,경상
7022,2021111300100162,2021년 11월 13일 10시,토요일,경기도 광주시 송정동,중상사고,0,1,0,0,차대사람 - 횡단중,안전운전불이행,포장 - 건조,맑음,기타 - 기타,승용,남,42세,상해없음,보행자,여,80세,중상
7023,2021111300100206,2021년 11월 13일 11시,토요일,경기도 군포시 산본동,경상사고,0,0,2,0,차대사람 - 횡단중,보행자보호의무위반,포장 - 건조,맑음,교차로 - 교차로안,승용,여,41세,상해없음,보행자,남,32세,경상
7024,2021111300100361,2021년 11월 13일 15시,토요일,경기도 광주시 태전동,경상사고,0,0,1,0,차대사람 - 차도통행중,안전운전불이행,포장 - 건조,맑음,단일로 - 기타,개인형이동수단(PM),남,16세,상해없음,보행자,여,9세,경상
7025,2021111300100399,2021년 11월 13일 16시,토요일,경기도 수원시 장안구 정자동,경상사고,0,0,1,0,차대사람 - 기타,안전운전불이행,포장 - 건조,맑음,단일로 - 기타,승용,여,56세,상해없음,보행자,여,40세,경상
7026,2021111300100476,2021년 11월 13일 18시,토요일,경기도 수원시 장안구 정자동,경상사고,0,0,2,0,차대사람 - 횡단중,보행자보호의무위반,포장 - 건조,맑음,교차로 - 교차로부근,승용,남,28세,상해없음,보행자,여,31세,경상
7027,2021111300100482,2021년 11월 13일 18시,토요일,경기도 부천시 계수동,사망사고,1,0,0,0,차대사람 - 차도통행중,과속,포장 - 건조,맑음,단일로 - 기타,승용,남,50세,상해없음,보행자,남,27세,사망
7028,2021111300100560,2021년 11월 13일 20시,토요일,경기도 광주시 퇴촌면,중상사고,0,1,0,0,차대사람 - 기타,안전운전불이행,포장 - 건조,맑음,주차장 - 주차장,승용,남,54세,상해없음,보행자,남,61세,중상
7029,2021111300100561,2021년 11월 13일 20시,토요일,경기도 안산시 단원구 와동,경상사고,0,0,1,0,차대사람 - 보도통행중,신호위반,포장 - 건조,맑음,교차로 - 교차로횡단보도내,이륜,남,29세,상해없음,보행자,여,44세,경상
7030,2021111300100581,2021년 11월 13일 20시,토요일,경기도 고양시 덕양구 화정동,중상사고,0,1,0,0,차대사람 - 횡단중,보행자보호의무위반,포장 - 기타,맑음,교차로 - 교차로횡단보도내,이륜,남,37세,상해없음,보행자,여,84세,중상
7031,2021111300100582,2021년 11월 13일 20시,토요일,경기도 파주시 야당동,중상사고,0,1,0,0,차대사람 - 횡단중,안전운전불이행,포장 - 건조,맑음,단일로 - 기타,승용,남,63세,상해없음,보행자,남,56세,중상
7032,2021111300100586,2021년 11월 13일 21시,토요일,경기도 수원시 장안구 파장동,경상사고,0,0,1,0,차대사람 - 기타,안전운전불이행,포장 - 건조,맑음,교차로 - 교차로안,승용,남,58세,상해없음,보행자,남,55세,경상
7033,2021111300100618,2021년 11월 13일 22시,토요일,경기도 성남시 수정구 복정동,부상신고사고,0,0,0,1,차대사람 - 기타,안전운전불이행,포장 - 건조,맑음,단일로 - 기타,승용,남,73세,상해없음,보행자,남,42세,부상신고
7034,2021111300100619,2021년 11월 13일 22시,토요일,경기도 이천시 창전동,중상사고,0,1,0,0,차대사람 - 기타,안전운전불이행,포장 - 건조,맑음,단일로 - 기타,승용,남,26세,상해없음,보행자,남,28세,중상
7035,2021111300100620,2021년 11월 13일 22시,토요일,경기도 김포시 구래동,경상사고,0,0,1,0,차대사람 - 기타,안전운전불이행,포장 - 건조,맑음,교차로 - 교차로안,승용,남,35세,상해없음,보행자,남,44세,경상
7036,2021111300100642,2021년 11월 13일 23시,토요일,경기도 평택시 서정동,경상사고,0,0,1,0,차대사람 - 횡단중,안전운전불이행,포장 - 건조,맑음,교차로 - 교차로부근,이륜,남,20세,상해없음,보행자,남,55세,경상
7037,2021111300100643,2021년 11월 13일 23시,토요일,경기도 부천시 심곡동,부상신고사고,0,0,0,1,차대사람 - 기타,안전운전불이행,포장 - 건조,맑음,기타 - 기타,승용,남,38세,상해없음,보행자,남,20세,부상신고
7038,2021111300100645,2021년 11월 13일 23시,토요일,경기도 성남시 중원구 성남동,중상사고,0,1,1,0,차대사람 - 차도통행중,안전운전불이행,포장 - 건조,맑음,단일로 - 기타,이륜,남,28세,경상,보행자,여,60세,중상
7039,2021111400100005,2021년 11월 14일 00시,일요일,경기도 수원시 장안구 정자동,중상사고,0,1,0,0,차대사람 - 기타,과속,포장 - 건조,맑음,교차로 - 교차로부근,승용,남,67세,상해없음,보행자,여,23세,중상
7040,2021111400100008,2021년 11월 14일 00시,일요일,경기도 부천시 중동,경상사고,0,0,1,0,차대사람 - 횡단중,안전운전불이행,포장 - 건조,맑음,교차로 - 교차로부근,승용,남,73세,상해없음,보행자,남,51세,경상
7041,2021111400100016,2021년 11월 14일 00시,일요일,경기도 양주시 옥정동,중상사고,0,1,0,0,차대사람 - 차도통행중,안전운전불이행,포장 - 건조,흐림,단일로 - 기타,승용,여,39세,상해없음,보행자,남,27세,중상
7042,2021111400100062,2021년 11월 14일 04시,일요일,경기도 이천시 부발읍,중상사고,0,1,1,0,차대사람 - 기타,안전운전불이행,포장 - 건조,맑음,단일로 - 기타,승용,남,27세,상해없음,보행자,여,54세,중상
7043,2021111400100064,2021년 11월 14일 04시,일요일,경기도 시흥시 정왕동,중상사고,0,1,0,0,차대사람 - 횡단중,신호위반,포장 - 건조,맑음,교차로 - 교차로횡단보도내,승용,남,55세,상해없음,보행자,남,27세,중상
7044,2021111400100099,2021년 11월 14일 09시,일요일,경기도 평택시 서정동,중상사고,0,1,0,0,차대사람 - 기타,안전운전불이행,포장 - 건조,맑음,단일로 - 기타,화물,남,68세,기타불명,보행자,남,63세,중상
7045,2021111400100114,2021년 11월 14일 10시,일요일,경기도 용인시 수지구 상현동,경상사고,0,0,1,0,차대사람 - 횡단중,안전운전불이행,포장 - 건조,맑음,기타 - 기타,승용,남,73세,상해없음,보행자,여,13세,경상
7046,2021111400100136,2021년 11월 14일 11시,일요일,경기도 안양시 동안구 평촌동,중상사고,0,1,0,0,차대사람 - 횡단중,안전운전불이행,포장 - 건조,맑음,교차로 - 교차로횡단보도내,승용,여,44세,상해없음,보행자,여,73세,중상
7047,2021111400100186,2021년 11월 14일 13시,일요일,경기도 성남시 분당구 운중동,중상사고,0,1,0,0,차대사람 - 기타,안전운전불이행,포장 - 건조,맑음,단일로 - 기타,승용,남,53세,상해없음,보행자,남,75세,중상
7048,2021111400100219,2021년 11월 14일 14시,일요일,경기도 용인시 처인구 운학동,경상사고,0,0,1,0,차대사람 - 기타,안전운전불이행,포장 - 건조,맑음,단일로 - 기타,승용,남,28세,상해없음,보행자,여,76세,경상
7049,2021111400100221,2021년 11월 14일 14시,일요일,경기도 군포시 산본동,경상사고,0,0,1,0,차대사람 - 횡단중,보행자보호의무위반,포장 - 건조,맑음,단일로 - 기타,승용,여,43세,상해없음,보행자,여,83세,경상
7050,2021111400100252,2021년 11월 14일 15시,일요일,경기도 하남시 신장동,중상사고,0,1,0,0,차대사람 - 기타,안전운전불이행,포장 - 건조,맑음,교차로 - 교차로부근,승용,남,46세,상해없음,보행자,남,69세,중상
7051,2021111400100285,2021년 11월 14일 16시,일요일,경기도 부천시 고강동,중상사고,0,1,0,0,차대사람 - 기타,안전운전불이행,포장 - 건조,맑음,단일로 - 기타,화물,남,74세,상해없음,보행자,여,84세,중상
7052,2021111400100308,2021년 11월 14일 17시,일요일,경기도 수원시 장안구 조원동,경상사고,0,0,1,0,차대사람 - 보도통행중,안전운전불이행,포장 - 건조,맑음,단일로 - 기타,화물,남,58세,상해없음,보행자,여,34세,경상
7053,2021111400100315,2021년 11월 14일 17시,일요일,경기도 안산시 단원구 선부동,경상사고,0,0,1,0,차대사람 - 기타,안전운전불이행,포장 - 건조,맑음,단일로 - 기타,승합,남,60세,상해없음,보행자,남,25세,경상
7054,2021111400100318,2021년 11월 14일 17시,일요일,경기도 수원시 팔달구 고등동,부상신고사고,0,0,0,1,차대사람 - 기타,안전운전불이행,포장 - 건조,맑음,기타 - 기타,승합,남,44세,상해없음,보행자,남,64세,부상신고
7055,2021111400100322,2021년 11월 14일 17시,일요일,경기도 용인시 수지구 상현동,경상사고,0,0,1,0,차대사람 - 보도통행중,안전운전불이행,포장 - 건조,맑음,기타 - 기타,승용,여,23세,상해없음,보행자,남,22세,경상
7056,2021111400100357,2021년 11월 14일 18시,일요일,경기도 용인시 처인구 삼가동,경상사고,0,0,1,0,차대사람 - 보도통행중,보행자보호의무위반,포장 - 건조,맑음,단일로 - 기타,화물,남,53세,상해없음,보행자,여,52세,경상
7057,2021111400100383,2021년 11월 14일 18시,일요일,경기도 의정부시 의정부동,경상사고,0,0,1,0,차대사람 - 기타,안전운전불이행,포장 - 건조,흐림,단일로 - 기타,승용,남,23세,상해없음,보행자,남,2세,경상
7058,2021111400100386,2021년 11월 14일 18시,일요일,경기도 양주시 고읍동,중상사고,0,1,0,0,차대사람 - 횡단중,안전운전불이행,포장 - 건조,흐림,단일로 - 기타,승용,남,30세,상해없음,보행자,남,40세,중상
7059,2021111400100416,2021년 11월 14일 19시,일요일,경기도 의정부시 의정부동,중상사고,0,1,0,0,차대사람 - 기타,안전운전불이행,포장 - 건조,기타,단일로 - 기타,승합,남,53세,상해없음,보행자,여,64세,중상
7060,2021111400100417,2021년 11월 14일 19시,일요일,경기도 가평군 가평읍,사망사고,1,0,0,0,차대사람 - 횡단중,과속,포장 - 건조,맑음,교차로 - 교차로부근,승용,남,64세,상해없음,보행자,남,46세,사망
7061,2021111400100460,2021년 11월 14일 21시,일요일,경기도 가평군 청평면,중상사고,0,1,0,0,차대사람 - 횡단중,안전운전불이행,포장 - 건조,맑음,교차로 - 교차로안,승용,남,48세,상해없음,보행자,남,33세,중상
7062,2021111400100464,2021년 11월 14일 22시,일요일,경기도 군포시 당동,경상사고,0,0,1,0,차대사람 - 기타,안전운전불이행,포장 - 건조,맑음,교차로 - 교차로부근,원동기,남,28세,상해없음,보행자,남,53세,경상
7063,2021111400100478,2021년 11월 14일 23시,일요일,경기도 부천시 원종동,경상사고,0,0,1,0,차대사람 - 기타,안전운전불이행,포장 - 건조,맑음,교차로 - 교차로안,특수,남,35세,상해없음,보행자,남,61세,경상
7064,2021111500100012,2021년 11월 15일 01시,월요일,경기도 수원시 영통구 원천동,경상사고,0,0,1,0,차대사람 - 횡단중,보행자보호의무위반,포장 - 건조,맑음,교차로 - 교차로부근,화물,남,26세,상해없음,보행자,여,28세,경상
7065,2021111500100051,2021년 11월 15일 06시,월요일,경기도 부천시 송내동,경상사고,0,0,1,0,차대사람 - 길가장자리구역통행중,안전운전불이행,포장 - 건조,맑음,단일로 - 기타,화물,남,55세,상해없음,보행자,여,83세,경상
7066,2021111500100092,2021년 11월 15일 08시,월요일,경기도 이천시 안흥동,중상사고,0,1,0,0,차대사람 - 차도통행중,신호위반,포장 - 젖음/습기,안개,교차로 - 교차로안,승용,남,61세,상해없음,보행자,남,64세,중상
7067,2021111500100097,2021년 11월 15일 08시,월요일,경기도 안산시 상록구 일동,경상사고,0,0,1,0,차대사람 - 기타,안전운전불이행,포장 - 건조,맑음,교차로 - 교차로안,승용,남,47세,상해없음,보행자,남,83세,경상
7068,2021111500100128,2021년 11월 15일 09시,월요일,경기도 수원시 장안구 영화동,경상사고,0,0,1,0,차대사람 - 기타,안전운전불이행,포장 - 건조,맑음,교차로 - 교차로부근,승용,여,49세,상해없음,보행자,여,64세,경상
7069,2021111500100133,2021년 11월 15일 09시,월요일,경기도 수원시 팔달구 인계동,경상사고,0,0,1,0,차대사람 - 기타,안전운전불이행,포장 - 건조,맑음,단일로 - 기타,승용,여,44세,상해없음,보행자,남,69세,경상
7070,2021111500100161,2021년 11월 15일 10시,월요일,경기도 용인시 수지구 신봉동,중상사고,0,1,0,0,차대사람 - 횡단중,안전운전불이행,포장 - 건조,맑음,단일로 - 기타,승용,남,58세,기타불명,보행자,여,48세,중상
7071,2021111500100194,2021년 11월 15일 11시,월요일,경기도 부천시 심곡본동,경상사고,0,0,1,0,차대사람 - 기타,안전운전불이행,포장 - 건조,맑음,교차로 - 교차로부근,화물,남,68세,상해없음,보행자,남,32세,경상
7072,2021111500100213,2021년 11월 15일 11시,월요일,경기도 파주시 와동동,중상사고,0,1,0,0,차대사람 - 기타,안전운전불이행,포장 - 건조,맑음,단일로 - 기타,승용,여,46세,상해없음,보행자,남,29세,중상
7073,2021111500100264,2021년 11월 15일 13시,월요일,경기도 부천시 상동,중상사고,0,1,0,0,차대사람 - 기타,안전운전불이행,포장 - 건조,맑음,단일로 - 기타,승용,남,68세,상해없음,보행자,여,49세,중상
7074,2021111500100265,2021년 11월 15일 13시,월요일,경기도 시흥시 정왕동,중상사고,0,1,0,0,차대사람 - 기타,안전운전불이행,포장 - 건조,맑음,단일로 - 기타,원동기,남,32세,상해없음,보행자,여,58세,중상
7075,2021111500100285,2021년 11월 15일 13시,월요일,경기도 의정부시 호원동,경상사고,0,0,1,0,차대사람 - 횡단중,신호위반,포장 - 건조,맑음,교차로 - 교차로횡단보도내,화물,남,59세,상해없음,보행자,여,30세,경상
7076,2021111500100296,2021년 11월 15일 14시,월요일,경기도 부천시 상동,경상사고,0,0,1,0,차대사람 - 보도통행중,기타,포장 - 건조,맑음,기타 - 기타,자전거,남,18세,상해없음,보행자,남,5세,경상
7077,2021111500100372,2021년 11월 15일 16시,월요일,경기도 안산시 상록구 본오동,부상신고사고,0,0,0,1,차대사람 - 기타,안전운전불이행,포장 - 건조,맑음,교차로 - 교차로안,승용,남,31세,상해없음,보행자,여,18세,부상신고
7078,2021111500100412,2021년 11월 15일 17시,월요일,경기도 시흥시 정왕동,중상사고,0,1,0,0,차대사람 - 기타,안전운전불이행,포장 - 건조,맑음,교차로 - 교차로부근,승용,남,51세,상해없음,보행자,남,50세,중상
7079,2021111500100444,2021년 11월 15일 17시,월요일,경기도 고양시 덕양구 용두동,중상사고,0,1,0,0,차대사람 - 횡단중,안전운전불이행,포장 - 건조,맑음,교차로 - 교차로부근,화물,남,44세,상해없음,보행자,남,56세,중상
7080,2021111500100465,2021년 11월 15일 18시,월요일,경기도 안성시 금광면,중상사고,0,1,0,0,차대사람 - 기타,안전운전불이행,포장 - 건조,기타,단일로 - 기타,승용,여,57세,상해없음,보행자,여,50세,중상
7081,2021111500100471,2021년 11월 15일 18시,월요일,경기도 부천시 중동,중상사고,0,1,0,0,차대사람 - 기타,안전운전불이행,포장 - 건조,맑음,단일로 - 기타,승용,여,44세,기타불명,보행자,남,69세,중상
7082,2021111500100475,2021년 11월 15일 18시,월요일,경기도 부천시 오정동,중상사고,0,1,0,0,차대사람 - 횡단중,안전운전불이행,포장 - 건조,맑음,교차로 - 교차로부근,승용,남,68세,상해없음,보행자,여,82세,중상
7083,2021111500100532,2021년 11월 15일 19시,월요일,경기도 평택시 신장동,경상사고,0,0,1,0,차대사람 - 기타,안전운전불이행,포장 - 건조,맑음,교차로 - 교차로안,승용,남,25세,상해없음,보행자,여,83세,경상
7084,2021111500100533,2021년 11월 15일 19시,월요일,경기도 광주시 경안동,중상사고,0,2,0,0,차대사람 - 횡단중,보행자보호의무위반,포장 - 건조,맑음,교차로 - 교차로부근,승용,여,51세,상해없음,보행자,남,61세,중상
7085,2021111500100535,2021년 11월 15일 19시,월요일,경기도 용인시 처인구 포곡읍,경상사고,0,0,1,0,차대사람 - 횡단중,신호위반,포장 - 건조,맑음,교차로 - 교차로안,승용,남,52세,상해없음,보행자,여,71세,경상
7086,2021111500100536,2021년 11월 15일 19시,월요일,경기도 용인시 처인구 남사읍,경상사고,0,0,1,0,차대사람 - 기타,신호위반,포장 - 건조,맑음,교차로 - 교차로안,승용,여,70세,상해없음,보행자,남,38세,경상
7087,2021111500100537,2021년 11월 15일 19시,월요일,경기도 오산시 원동,경상사고,0,0,1,0,차대사람 - 기타,안전운전불이행,포장 - 건조,맑음,단일로 - 기타,개인형이동수단(PM),남,39세,상해없음,보행자,남,23세,경상
7088,2021111500100567,2021년 11월 15일 20시,월요일,경기도 안산시 단원구 성곡동,중상사고,0,1,0,0,차대사람 - 횡단중,안전운전불이행,포장 - 건조,맑음,단일로 - 기타,승용,여,42세,상해없음,보행자,여,76세,중상
7089,2021111500100593,2021년 11월 15일 21시,월요일,경기도 부천시 상동,경상사고,0,0,1,0,차대사람 - 기타,안전운전불이행,포장 - 건조,맑음,교차로 - 교차로안,승용,남,50세,상해없음,보행자,남,32세,경상
7090,2021111500100594,2021년 11월 15일 21시,월요일,경기도 시흥시 정왕동,경상사고,0,0,1,0,차대사람 - 차도통행중,안전운전불이행,포장 - 건조,맑음,기타 - 기타,승용,여,27세,상해없음,보행자,여,40세,경상
7091,2021111500100596,2021년 11월 15일 21시,월요일,경기도 시흥시 신천동,중상사고,0,1,0,0,차대사람 - 횡단중,안전운전불이행,포장 - 건조,맑음,단일로 - 기타,승용,남,57세,상해없음,보행자,남,68세,중상
7092,2021111500100619,2021년 11월 15일 22시,월요일,경기도 평택시 비전동,경상사고,0,0,1,0,차대사람 - 기타,기타,포장 - 건조,맑음,단일로 - 기타,승합,남,56세,상해없음,보행자,여,62세,경상
7093,2021111600100058,2021년 11월 16일 06시,화요일,경기도 화성시 정남면,중상사고,0,1,0,0,차대사람 - 기타,안전운전불이행,포장 - 건조,맑음,단일로 - 기타,승용,남,48세,상해없음,보행자,여,77세,중상
7094,2021111600100079,2021년 11월 16일 07시,화요일,경기도 수원시 팔달구 화서동,중상사고,0,1,0,0,차대사람 - 횡단중,보행자보호의무위반,포장 - 건조,맑음,교차로 - 교차로안,화물,남,57세,상해없음,보행자,여,59세,중상
7095,2021111600100096,2021년 11월 16일 07시,화요일,경기도 남양주시 화도읍,경상사고,0,0,1,0,차대사람 - 횡단중,신호위반,포장 - 건조,맑음,교차로 - 교차로횡단보도내,승용,남,67세,상해없음,보행자,남,23세,경상
7096,2021111600100154,2021년 11월 16일 09시,화요일,경기도 부천시 괴안동,경상사고,0,0,1,0,차대사람 - 기타,교차로운행방법위반,포장 - 건조,맑음,교차로 - 교차로안,화물,남,65세,상해없음,보행자,남,77세,경상
7097,2021111600100155,2021년 11월 16일 09시,화요일,경기도 부천시 중동,경상사고,0,0,2,0,차대사람 - 횡단중,보행자보호의무위반,포장 - 건조,맑음,교차로 - 교차로횡단보도내,승용,남,36세,상해없음,보행자,여,46세,경상
7098,2021111600100190,2021년 11월 16일 10시,화요일,경기도 성남시 중원구 하대원동,경상사고,0,0,1,0,차대사람 - 보도통행중,기타,포장 - 건조,흐림,단일로 - 기타,이륜,남,67세,상해없음,보행자,여,60세,경상
7099,2021111600100227,2021년 11월 16일 11시,화요일,경기도 김포시 고촌읍,경상사고,0,0,1,0,차대사람 - 횡단중,신호위반,포장 - 건조,맑음,교차로 - 교차로횡단보도내,자전거,남,56세,상해없음,보행자,여,11세,경상
7100,2021111600100259,2021년 11월 16일 12시,화요일,경기도 광주시 탄벌동,경상사고,0,0,1,0,차대사람 - 기타,안전운전불이행,포장 - 건조,맑음,교차로 - 교차로안,승용,여,50세,상해없음,보행자,여,81세,경상
7101,2021111600100300,2021년 11월 16일 13시,화요일,경기도 수원시 팔달구 지동,경상사고,0,0,1,0,차대사람 - 횡단중,안전운전불이행,포장 - 건조,맑음,교차로 - 교차로횡단보도내,승용,여,44세,상해없음,보행자,여,62세,경상
7102,2021111600100305,2021년 11월 16일 13시,화요일,경기도 용인시 수지구 신봉동,부상신고사고,0,0,0,1,차대사람 - 기타,안전운전불이행,포장 - 건조,맑음,단일로 - 기타,승합,남,62세,상해없음,보행자,여,68세,부상신고
7103,2021111600100335,2021년 11월 16일 14시,화요일,경기도 안산시 상록구 본오동,경상사고,0,0,1,0,차대사람 - 보도통행중,기타,포장 - 건조,맑음,단일로 - 기타,승용,남,50세,상해없음,보행자,여,61세,경상
7104,2021111600100393,2021년 11월 16일 16시,화요일,경기도 평택시 비전동,경상사고,0,0,1,0,차대사람 - 기타,안전운전불이행,포장 - 건조,맑음,기타 - 기타,승용,여,47세,상해없음,보행자,여,9세,경상
7105,2021111600100489,2021년 11월 16일 18시,화요일,경기도 수원시 장안구 파장동,경상사고,0,0,1,0,차대사람 - 기타,안전운전불이행,포장 - 건조,맑음,주차장 - 주차장,승용,남,26세,상해없음,보행자,남,66세,경상
7106,2021111600100492,2021년 11월 16일 18시,화요일,경기도 평택시 평택동,중상사고,0,1,0,0,차대사람 - 기타,중앙선침범,포장 - 건조,맑음,단일로 - 기타,승용,여,45세,상해없음,보행자,여,80세,중상
7107,2021111600100498,2021년 11월 16일 18시,화요일,경기도 화성시 송산면,경상사고,0,0,1,0,차대사람 - 기타,안전운전불이행,포장 - 건조,맑음,단일로 - 기타,기타불명,기타불명,미분류,기타불명,보행자,여,27세,경상
7108,2021111600100541,2021년 11월 16일 19시,화요일,경기도 수원시 영통구 매탄동,중상사고,0,1,0,0,차대사람 - 횡단중,신호위반,포장 - 건조,맑음,교차로 - 교차로횡단보도내,승용,여,29세,상해없음,보행자,남,63세,중상
7109,2021111600100578,2021년 11월 16일 20시,화요일,경기도 하남시 신장동,경상사고,0,0,1,0,차대사람 - 횡단중,신호위반,포장 - 건조,맑음,단일로 - 기타,이륜,남,23세,상해없음,보행자,남,54세,경상
7110,2021111700100063,2021년 11월 17일 07시,수요일,경기도 평택시 소사동,중상사고,0,1,0,0,차대사람 - 횡단중,안전운전불이행,포장 - 건조,맑음,교차로 - 교차로부근,승용,여,46세,상해없음,보행자,여,미분류,중상
7111,2021111700100087,2021년 11월 17일 08시,수요일,경기도 용인시 처인구 역북동,경상사고,0,0,2,0,차대사람 - 횡단중,보행자보호의무위반,포장 - 건조,맑음,교차로 - 교차로부근,승용,남,28세,상해없음,보행자,여,42세,경상
7112,2021111700100089,2021년 11월 17일 08시,수요일,경기도 오산시 원동,경상사고,0,0,1,0,차대사람 - 기타,보행자보호의무위반,포장 - 건조,맑음,교차로 - 교차로안,승용,여,44세,상해없음,보행자,남,87세,경상
7113,2021111700100091,2021년 11월 17일 08시,수요일,경기도 과천시 중앙동,경상사고,0,0,1,0,차대사람 - 기타,안전운전불이행,포장 - 건조,맑음,기타 - 기타,승용,남,34세,상해없음,보행자,남,31세,경상
7114,2021111700100120,2021년 11월 17일 08시,수요일,경기도 의정부시 호원동,경상사고,0,0,1,0,차대사람 - 횡단중,보행자보호의무위반,포장 - 건조,맑음,교차로 - 교차로횡단보도내,승용,여,40세,상해없음,보행자,여,31세,경상
7115,2021111700100154,2021년 11월 17일 09시,수요일,경기도 고양시 덕양구 성사동,사망사고,1,0,0,0,차대사람 - 횡단중,안전운전불이행,포장 - 건조,맑음,단일로 - 기타,화물,남,48세,상해없음,보행자,여,86세,사망
7116,2021111700100168,2021년 11월 17일 10시,수요일,경기도 성남시 수정구 태평동,중상사고,0,1,0,0,차대사람 - 횡단중,안전운전불이행,포장 - 건조,맑음,교차로 - 교차로부근,승용,남,62세,상해없음,보행자,여,68세,중상
7117,2021111700100200,2021년 11월 17일 10시,수요일,경기도 포천시 소흘읍,중상사고,0,2,0,0,차대사람 - 기타,안전운전불이행,포장 - 건조,맑음,주차장 - 주차장,승용,여,41세,상해없음,보행자,남,86세,중상
7118,2021111700100285,2021년 11월 17일 13시,수요일,경기도 부천시 괴안동,경상사고,0,0,1,0,차대사람 - 횡단중,교차로운행방법위반,포장 - 건조,맑음,교차로 - 교차로안,승용,여,56세,상해없음,보행자,여,8세,경상
7119,2021111700100286,2021년 11월 17일 13시,수요일,경기도 성남시 분당구 서현동,경상사고,0,0,1,1,차대사람 - 기타,안전운전불이행,포장 - 건조,맑음,기타 - 기타,자전거,남,70세,부상신고,보행자,남,32세,경상
7120,2021111700100288,2021년 11월 17일 13시,수요일,경기도 수원시 팔달구 매산로2가,부상신고사고,0,0,0,1,차대사람 - 기타,안전운전불이행,포장 - 건조,맑음,단일로 - 기타,승합,남,27세,상해없음,보행자,여,32세,부상신고
7121,2021111700100289,2021년 11월 17일 13시,수요일,경기도 화성시 남양읍,부상신고사고,0,0,0,1,차대사람 - 기타,안전운전불이행,포장 - 건조,맑음,교차로 - 교차로부근,기타불명,기타불명,미분류,기타불명,보행자,여,38세,부상신고