,사고번호,사고일시,요일,시군구,사고내용,사망자수,중상자수,경상자수,부상신고자수,사고유형,법규위반,노면상태,기상상태,도로형태,가해운전자 차종,가해운전자 성별,가해운전자 연령,가해운전자 상해정도,피해운전자 차종,피해운전자 성별,피해운전자 연령,피해운전자 상해정도
7122,2021111700100492,2021년 11월 17일 17시,수요일,경기도 남양주시 화도읍,중상사고,0,1,0,0,차대사람 - 횡단중,안전운전불이행,포장 - 건조,맑음,단일로 - 기타,승용,남,36세,상해없음,보행자,남,58세,중상
7123,2021111700100494,2021년 11월 17일 17시,수요일,경기도 남양주시 진건읍,부상신고사고,0,0,0,1,차대사람 - 기타,안전운전불이행,포장 - 건조,맑음,교차로 - 교차로부근,기타불명,기타불명,미분류,기타불명,보행자,여,78세,부상신고
7124,2021111700100515,2021년 11월 17일 18시,수요일,경기도 하남시 신장동,경상사고,0,0,1,0,차대사람 - 보도통행중,안전운전불이행,포장 - 건조,맑음,교차로 - 교차로부근,화물,남,63세,상해없음,보행자,남,66세,경상
7125,2021111700100563,2021년 11월 17일 18시,수요일,경기도 남양주시 와부읍,경상사고,0,0,1,0,차대사람 - 기타,안전운전불이행,포장 - 건조,맑음,단일로 - 기타,승용,여,32세,상해없음,보행자,남,80세,경상
7126,2021111700100566,2021년 11월 17일 18시,수요일,경기도 양주시 회정동,경상사고,0,0,1,0,차대사람 - 기타,안전운전불이행,포장 - 건조,맑음,단일로 - 기타,화물,남,71세,상해없음,보행자,여,41세,경상
7127,2021111700100583,2021년 11월 17일 19시,수요일,경기도 수원시 팔달구 인계동,중상사고,0,1,0,1,차대사람 - 횡단중,신호위반,포장 - 건조,맑음,교차로 - 교차로부근,이륜,남,33세,부상신고,보행자,남,55세,중상
7128,2021111700100584,2021년 11월 17일 19시,수요일,경기도 성남시 중원구 금광동,중상사고,0,1,0,0,차대사람 - 횡단중,신호위반,포장 - 건조,맑음,기타 - 기타,이륜,남,26세,상해없음,보행자,여,14세,중상
7129,2021111700100635,2021년 11월 17일 20시,수요일,경기도 고양시 일산서구 일산동,부상신고사고,0,0,0,1,차대사람 - 횡단중,안전운전불이행,포장 - 건조,맑음,단일로 - 기타,승용,남,58세,상해없음,보행자,여,51세,부상신고
7130,2021111700100661,2021년 11월 17일 22시,수요일,경기도 안양시 만안구 안양동,부상신고사고,0,0,0,1,차대사람 - 차도통행중,안전운전불이행,포장 - 건조,맑음,단일로 - 기타,이륜,남,27세,상해없음,보행자,남,42세,부상신고
7131,2021111800100032,2021년 11월 18일 03시,목요일,경기도 안산시 상록구 월피동,부상신고사고,0,0,0,1,차대사람 - 기타,안전운전불이행,포장 - 건조,맑음,단일로 - 기타,승용,남,55세,상해없음,보행자,남,53세,부상신고
7132,2021111800100036,2021년 11월 18일 04시,목요일,경기도 안양시 동안구 관양동,경상사고,0,0,1,0,차대사람 - 기타,안전운전불이행,포장 - 건조,맑음,교차로 - 교차로부근,승용,여,40세,상해없음,보행자,남,32세,경상
7133,2021111800100037,2021년 11월 18일 04시,목요일,경기도 성남시 분당구 구미동,경상사고,0,0,1,0,차대사람 - 횡단중,안전운전불이행,포장 - 건조,맑음,단일로 - 기타,자전거,남,46세,상해없음,보행자,여,52세,경상
7134,2021111800100066,2021년 11월 18일 07시,목요일,경기도 용인시 수지구 상현동,경상사고,0,0,1,0,차대사람 - 보도통행중,신호위반,포장 - 건조,맑음,교차로 - 교차로안,승용,남,52세,상해없음,보행자,남,27세,경상
7135,2021111800100076,2021년 11월 18일 07시,목요일,경기도 의정부시 민락동,중상사고,0,1,0,0,차대사람 - 기타,안전운전불이행,포장 - 건조,맑음,단일로 - 기타,화물,남,59세,상해없음,보행자,남,21세,중상
7136,2021111800100090,2021년 11월 18일 08시,목요일,경기도 용인시 기흥구 중동,경상사고,0,0,1,0,차대사람 - 횡단중,안전운전불이행,포장 - 건조,맑음,교차로 - 교차로안,승용,여,60세,상해없음,보행자,남,21세,경상
7137,2021111800100092,2021년 11월 18일 08시,목요일,경기도 안산시 단원구 선부동,중상사고,0,1,0,1,차대사람 - 차도통행중,신호위반,포장 - 건조,맑음,단일로 - 기타,승용,여,33세,상해없음,보행자,여,36세,중상
7138,2021111800100163,2021년 11월 18일 09시,목요일,경기도 파주시 와동동,경상사고,0,0,1,0,차대사람 - 기타,기타,포장 - 건조,맑음,교차로 - 교차로안,승용,남,48세,상해없음,보행자,여,52세,경상
7139,2021111800100186,2021년 11월 18일 10시,목요일,경기도 동두천시 생연동,중상사고,0,1,0,0,차대사람 - 횡단중,안전운전불이행,포장 - 건조,맑음,교차로 - 교차로안,승용,남,75세,상해없음,보행자,여,69세,중상
7140,2021111800100198,2021년 11월 18일 11시,목요일,경기도 부천시 삼정동,부상신고사고,0,0,0,1,차대사람 - 기타,안전운전불이행,포장 - 건조,맑음,단일로 - 기타,화물,남,36세,상해없음,보행자,남,58세,부상신고
7141,2021111800100236,2021년 11월 18일 12시,목요일,경기도 용인시 처인구 양지면,중상사고,0,1,0,0,차대사람 - 기타,안전운전불이행,포장 - 건조,맑음,기타 - 기타,이륜,남,34세,상해없음,보행자,여,24세,중상
7142,2021111800100240,2021년 11월 18일 12시,목요일,경기도 용인시 수지구 죽전동,중상사고,0,1,0,0,차대사람 - 기타,안전운전불이행,포장 - 건조,맑음,단일로 - 기타,승용,여,30세,상해없음,보행자,남,40세,중상
7143,2021111800100261,2021년 11월 18일 13시,목요일,경기도 용인시 처인구 마평동,중상사고,0,1,0,0,차대사람 - 횡단중,보행자보호의무위반,포장 - 건조,맑음,기타 - 기타,승용,여,66세,상해없음,보행자,여,66세,중상
7144,2021111800100263,2021년 11월 18일 13시,목요일,경기도 시흥시 조남동,중상사고,0,1,0,0,차대사람 - 횡단중,신호위반,포장 - 건조,맑음,교차로 - 교차로부근,이륜,남,16세,상해없음,보행자,여,44세,중상
7145,2021111800100284,2021년 11월 18일 13시,목요일,경기도 양주시 봉양동,중상사고,0,1,0,0,차대사람 - 차도통행중,안전운전불이행,포장 - 건조,맑음,단일로 - 기타,화물,남,45세,상해없음,보행자,남,82세,중상
7146,2021111800100290,2021년 11월 18일 14시,목요일,경기도 부천시 심곡동,부상신고사고,0,0,0,1,차대사람 - 기타,안전운전불이행,포장 - 건조,맑음,단일로 - 기타,승용,남,60세,상해없음,보행자,남,44세,부상신고
7147,2021111800100358,2021년 11월 18일 16시,목요일,경기도 광명시 하안동,경상사고,0,0,1,0,차대사람 - 기타,안전운전불이행,포장 - 건조,맑음,단일로 - 기타,승용,남,41세,기타불명,보행자,남,63세,경상
7148,2021111800100399,2021년 11월 18일 17시,목요일,경기도 안산시 상록구 본오동,경상사고,0,0,1,0,차대사람 - 기타,안전운전불이행,포장 - 건조,맑음,교차로 - 교차로안,승용,남,47세,상해없음,보행자,여,55세,경상
7149,2021111800100432,2021년 11월 18일 17시,목요일,경기도 구리시 수택동,중상사고,0,1,0,0,차대사람 - 기타,안전운전불이행,포장 - 건조,흐림,교차로 - 교차로부근,승용,남,52세,상해없음,보행자,남,64세,중상
7150,2021111800100434,2021년 11월 18일 17시,목요일,경기도 연천군 군남면,중상사고,0,1,0,0,차대사람 - 기타,안전운전불이행,포장 - 건조,맑음,교차로 - 교차로안,승용,여,70세,상해없음,보행자,여,83세,중상
7151,2021111800100448,2021년 11월 18일 18시,목요일,경기도 부천시 역곡동,경상사고,0,0,1,0,차대사람 - 기타,안전운전불이행,포장 - 건조,맑음,단일로 - 기타,승용,남,57세,상해없음,보행자,여,24세,경상
7152,2021111800100450,2021년 11월 18일 18시,목요일,경기도 부천시 도당동,중상사고,0,1,1,0,차대사람 - 보도통행중,안전운전불이행,포장 - 건조,맑음,단일로 - 기타,승용,남,49세,상해없음,보행자,여,54세,중상
7153,2021111800100492,2021년 11월 18일 18시,목요일,경기도 남양주시 오남읍,중상사고,0,1,0,0,차대사람 - 차도통행중,중앙선침범,포장 - 젖음/습기,흐림,기타 - 기타,승용,남,33세,상해없음,보행자,여,69세,중상
7154,2021111800100504,2021년 11월 18일 19시,목요일,경기도 성남시 중원구 상대원동,중상사고,0,1,0,0,차대사람 - 기타,안전운전불이행,포장 - 건조,기타,기타 - 기타,승용,남,35세,상해없음,보행자,남,58세,중상
7155,2021111800100528,2021년 11월 18일 19시,목요일,경기도 고양시 덕양구 관산동,부상신고사고,0,0,0,1,차대사람 - 기타,안전운전불이행,포장 - 건조,맑음,교차로 - 교차로부근,기타불명,기타불명,미분류,기타불명,보행자,여,50세,부상신고
7156,2021111800100590,2021년 11월 18일 22시,목요일,경기도 안산시 단원구 성곡동,사망사고,1,0,0,0,차대사람 - 길가장자리구역통행중,안전운전불이행,포장 - 건조,맑음,교차로 - 교차로부근,승용,남,36세,상해없음,보행자,남,41세,사망
7157,2021111800100612,2021년 11월 18일 23시,목요일,경기도 안산시 단원구 고잔동,경상사고,0,0,1,0,차대사람 - 횡단중,안전운전불이행,포장 - 건조,맑음,단일로 - 기타,승용,남,28세,상해없음,보행자,여,56세,경상
7158,2021111800100616,2021년 11월 18일 23시,목요일,경기도 용인시 기흥구 청덕동,중상사고,0,1,0,0,차대사람 - 횡단중,보행자보호의무위반,포장 - 건조,맑음,교차로 - 교차로안,승용,남,44세,상해없음,보행자,여,67세,중상
7159,2021111800100628,2021년 11월 18일 23시,목요일,경기도 고양시 일산동구 마두동,경상사고,0,0,1,0,차대사람 - 횡단중,안전운전불이행,포장 - 건조,맑음,단일로 - 기타,승용,남,55세,상해없음,보행자,남,19세,경상
7160,2021111900100016,2021년 11월 19일 00시,금요일,경기도 의정부시 의정부동,중상사고,0,1,0,0,차대사람 - 기타,교차로운행방법위반,포장 - 건조,맑음,교차로 - 교차로안,승용,남,38세,상해없음,보행자,여,20세,중상
7161,2021111900100101,2021년 11월 19일 08시,금요일,경기도 수원시 장안구 송죽동,중상사고,0,1,0,0,차대사람 - 횡단중,안전운전불이행,포장 - 건조,맑음,단일로 - 기타,승용,여,37세,상해없음,보행자,여,71세,중상
7162,2021111900100136,2021년 11월 19일 09시,금요일,경기도 용인시 처인구 김량장동,중상사고,0,1,0,0,차대사람 - 기타,안전운전불이행,포장 - 건조,맑음,단일로 - 기타,승용,남,76세,상해없음,보행자,여,77세,중상
7163,2021111900100139,2021년 11월 19일 09시,금요일,경기도 시흥시 거모동,중상사고,0,1,0,0,차대사람 - 기타,보행자보호의무위반,포장 - 건조,맑음,교차로 - 교차로안,승용,남,67세,상해없음,보행자,여,37세,중상
7164,2021111900100155,2021년 11월 19일 09시,금요일,경기도 고양시 덕양구 토당동,중상사고,0,1,0,0,차대사람 - 횡단중,안전운전불이행,포장 - 건조,맑음,교차로 - 교차로안,승용,여,54세,상해없음,보행자,여,88세,중상
7165,2021111900100159,2021년 11월 19일 10시,금요일,경기도 성남시 수정구 태평동,중상사고,0,1,0,0,차대사람 - 기타,안전운전불이행,포장 - 건조,맑음,단일로 - 기타,승용,남,59세,상해없음,보행자,여,34세,중상
7166,2021111900100162,2021년 11월 19일 10시,금요일,경기도 부천시 상동,경상사고,0,0,1,0,차대사람 - 보도통행중,안전운전불이행,포장 - 건조,맑음,단일로 - 기타,승용,여,66세,상해없음,보행자,여,23세,경상
7167,2021111900100163,2021년 11월 19일 10시,금요일,경기도 하남시 신장동,중상사고,0,1,0,0,차대사람 - 횡단중,안전운전불이행,포장 - 건조,맑음,교차로 - 교차로안,승용,남,66세,상해없음,보행자,여,56세,중상
7168,2021111900100183,2021년 11월 19일 10시,금요일,경기도 고양시 일산동구 마두동,경상사고,0,0,1,0,차대사람 - 기타,안전운전불이행,포장 - 건조,맑음,단일로 - 기타,화물,남,32세,상해없음,보행자,남,58세,경상
7169,2021111900100219,2021년 11월 19일 11시,금요일,경기도 의정부시 의정부동,경상사고,0,0,1,0,차대사람 - 길가장자리구역통행중,안전운전불이행,포장 - 건조,맑음,교차로 - 교차로안,승용,남,73세,상해없음,보행자,여,61세,경상
7170,2021111900100230,2021년 11월 19일 12시,금요일,경기도 성남시 분당구 야탑동,부상신고사고,0,0,0,1,차대사람 - 보도통행중,안전운전불이행,포장 - 건조,맑음,기타 - 기타,자전거,기타불명,미분류,기타불명,보행자,여,19세,부상신고
7171,2021111900100332,2021년 11월 19일 15시,금요일,경기도 수원시 권선구 권선동,경상사고,0,0,1,0,차대사람 - 기타,안전운전불이행,포장 - 건조,맑음,단일로 - 기타,승합,남,39세,상해없음,보행자,남,35세,경상
7172,2021111900100355,2021년 11월 19일 15시,금요일,경기도 포천시 소흘읍,경상사고,0,0,1,0,차대사람 - 횡단중,보행자보호의무위반,포장 - 건조,맑음,교차로 - 교차로안,승합,여,43세,상해없음,보행자,여,81세,경상
7173,2021111900100368,2021년 11월 19일 16시,금요일,경기도 수원시 장안구 연무동,중상사고,0,1,0,0,차대사람 - 길가장자리구역통행중,안전운전불이행,포장 - 건조,맑음,단일로 - 기타,승용,여,42세,상해없음,보행자,여,60세,중상
7174,2021111900100369,2021년 11월 19일 16시,금요일,경기도 광주시 역동,경상사고,0,0,1,0,차대사람 - 기타,안전운전불이행,포장 - 건조,맑음,교차로 - 교차로부근,화물,남,41세,상해없음,보행자,남,42세,경상
7175,2021111900100371,2021년 11월 19일 16시,금요일,경기도 안산시 단원구 고잔동,경상사고,0,0,1,0,차대사람 - 기타,안전운전불이행,포장 - 건조,맑음,단일로 - 기타,승합,남,55세,상해없음,보행자,여,71세,경상
7176,2021111900100418,2021년 11월 19일 17시,금요일,경기도 평택시 오성면,경상사고,0,0,1,0,차대사람 - 기타,안전운전불이행,포장 - 건조,맑음,단일로 - 기타,승용,남,41세,상해없음,보행자,여,85세,경상
7177,2021111900100426,2021년 11월 19일 17시,금요일,경기도 양평군 양평읍,경상사고,0,0,1,0,차대사람 - 횡단중,보행자보호의무위반,포장 - 건조,맑음,교차로 - 교차로안,승용,남,19세,상해없음,보행자,여,17세,경상
7178,2021111900100431,2021년 11월 19일 17시,금요일,경기도 안산시 상록구 일동,중상사고,0,1,0,0,차대사람 - 차도통행중,안전운전불이행,포장 - 건조,맑음,단일로 - 기타,승합,남,59세,상해없음,보행자,여,58세,중상
7179,2021111900100490,2021년 11월 19일 18시,금요일,경기도 김포시 통진읍,부상신고사고,0,0,0,1,차대사람 - 차도통행중,교차로운행방법위반,포장 - 건조,맑음,교차로 - 교차로안,승용,여,68세,상해없음,보행자,여,52세,부상신고
7180,2021111900100539,2021년 11월 19일 19시,금요일,경기도 부천시 원미동,경상사고,0,0,1,0,차대사람 - 횡단중,안전운전불이행,포장 - 건조,맑음,교차로 - 교차로안,승용,남,36세,상해없음,보행자,남,42세,경상
7181,2021111900100542,2021년 11월 19일 19시,금요일,경기도 성남시 분당구 수내동,경상사고,0,0,1,0,차대사람 - 횡단중,보행자보호의무위반,포장 - 건조,맑음,기타 - 기타,승용,여,46세,상해없음,보행자,여,46세,경상
7182,2021111900100583,2021년 11월 19일 19시,금요일,경기도 남양주시 진건읍,중상사고,0,1,0,0,차대사람 - 횡단중,안전운전불이행,포장 - 건조,맑음,교차로 - 교차로안,승용,남,59세,상해없음,보행자,남,65세,중상
7183,2021111900100592,2021년 11월 19일 20시,금요일,경기도 김포시 북변동,경상사고,0,0,1,0,차대사람 - 기타,안전운전불이행,포장 - 건조,맑음,단일로 - 기타,개인형이동수단(PM),남,12세,상해없음,보행자,여,48세,경상
7184,2021111900100650,2021년 11월 19일 22시,금요일,경기도 평택시 서정동,경상사고,0,0,1,0,차대사람 - 기타,안전운전불이행,포장 - 건조,맑음,단일로 - 기타,승용,남,61세,상해없음,보행자,남,54세,경상
7185,2021111900100654,2021년 11월 19일 22시,금요일,경기도 의왕시 청계동,경상사고,0,0,1,1,차대사람 - 횡단중,안전운전불이행,포장 - 건조,맑음,교차로 - 교차로부근,승용,남,64세,상해없음,보행자,남,87세,부상신고
7186,2021111900100674,2021년 11월 19일 23시,금요일,경기도 수원시 장안구 정자동,중상사고,0,1,0,0,차대사람 - 기타,안전운전불이행,포장 - 건조,맑음,단일로 - 기타,승용,남,61세,상해없음,보행자,여,36세,중상
7187,2021112000100007,2021년 11월 20일 00시,토요일,경기도 시흥시 은행동,경상사고,0,0,1,0,차대사람 - 기타,신호위반,포장 - 젖음/습기,안개,교차로 - 교차로안,화물,남,29세,상해없음,보행자,남,23세,경상
7188,2021112000100008,2021년 11월 20일 00시,토요일,경기도 하남시 망월동,경상사고,0,0,1,0,차대사람 - 횡단중,안전운전불이행,포장 - 건조,맑음,교차로 - 교차로부근,이륜,남,32세,상해없음,보행자,여,29세,경상
7189,2021112000100033,2021년 11월 20일 01시,토요일,경기도 용인시 처인구 백암면,경상사고,0,0,1,0,차대사람 - 기타,안전운전불이행,포장 - 건조,맑음,단일로 - 기타,승용,남,35세,상해없음,보행자,여,8세,경상
7190,2021112000100039,2021년 11월 20일 01시,토요일,경기도 고양시 덕양구 신원동,중상사고,0,1,0,0,차대사람 - 횡단중,신호위반,포장 - 건조,맑음,교차로 - 교차로횡단보도내,이륜,남,21세,상해없음,보행자,남,34세,중상
7191,2021112000100051,2021년 11월 20일 03시,토요일,경기도 안성시 석정동,경상사고,0,0,1,0,차대사람 - 기타,안전운전불이행,포장 - 기타,흐림,교차로 - 교차로안,화물,남,51세,상해없음,보행자,남,21세,경상
7192,2021112000100072,2021년 11월 20일 05시,토요일,경기도 의정부시 민락동,중상사고,0,1,0,0,차대사람 - 횡단중,안전운전불이행,포장 - 건조,맑음,교차로 - 교차로횡단보도내,승합,남,55세,상해없음,보행자,남,24세,중상
7193,2021112000100076,2021년 11월 20일 06시,토요일,경기도 군포시 대야미동,부상신고사고,0,0,0,1,차대사람 - 횡단중,안전운전불이행,포장 - 건조,맑음,단일로 - 기타,승용,남,48세,상해없음,보행자,남,68세,부상신고
7194,2021112000100090,2021년 11월 20일 06시,토요일,경기도 고양시 덕양구 행신동,경상사고,0,0,1,0,차대사람 - 기타,안전운전불이행,포장 - 젖음/습기,안개,교차로 - 교차로안,승용,남,52세,상해없음,보행자,남,55세,경상
7195,2021112000100134,2021년 11월 20일 10시,토요일,경기도 수원시 장안구 연무동,중상사고,0,1,0,0,차대사람 - 기타,안전운전불이행,포장 - 건조,맑음,기타 - 기타,승용,남,75세,상해없음,보행자,남,63세,중상
7196,2021112000100138,2021년 11월 20일 10시,토요일,경기도 성남시 중원구 성남동,경상사고,0,0,1,0,차대사람 - 기타,안전운전불이행,포장 - 건조,맑음,단일로 - 기타,승용,남,28세,상해없음,보행자,여,34세,경상
7197,2021112000100211,2021년 11월 20일 12시,토요일,경기도 성남시 분당구 구미동,중상사고,0,1,0,0,차대사람 - 기타,안전운전불이행,포장 - 건조,맑음,단일로 - 기타,승용,남,65세,상해없음,보행자,여,21세,중상
7198,2021112000100226,2021년 11월 20일 12시,토요일,경기도 남양주시 평내동,경상사고,0,0,1,0,차대사람 - 기타,안전운전불이행,포장 - 건조,맑음,교차로 - 교차로부근,승용,남,73세,상해없음,보행자,여,34세,경상
7199,2021112000100273,2021년 11월 20일 13시,토요일,경기도 고양시 덕양구 행신동,중상사고,0,1,0,0,차대사람 - 횡단중,안전운전불이행,포장 - 기타,맑음,교차로 - 교차로안,승합,남,52세,상해없음,보행자,남,8세,중상
7200,2021112000100277,2021년 11월 20일 13시,토요일,경기도 남양주시 진접읍,경상사고,0,0,1,0,차대사람 - 기타,안전운전불이행,포장 - 건조,맑음,단일로 - 기타,자전거,남,86세,상해없음,보행자,여,76세,경상
7201,2021112000100287,2021년 11월 20일 14시,토요일,경기도 안산시 단원구 원곡동,중상사고,0,1,0,0,차대사람 - 기타,기타,포장 - 건조,맑음,단일로 - 기타,이륜,기타불명,미분류,기타불명,보행자,여,57세,중상
7202,2021112000100324,2021년 11월 20일 15시,토요일,경기도 부천시 도당동,경상사고,0,0,1,0,차대사람 - 기타,안전운전불이행,포장 - 건조,맑음,교차로 - 교차로부근,원동기,남,46세,상해없음,보행자,여,78세,경상
7203,2021112000100356,2021년 11월 20일 16시,토요일,경기도 평택시 포승읍,중상사고,0,1,0,0,차대사람 - 기타,안전운전불이행,포장 - 건조,맑음,단일로 - 기타,승용,남,58세,상해없음,보행자,남,31세,중상
7204,2021112000100390,2021년 11월 20일 17시,토요일,경기도 김포시 걸포동,경상사고,0,0,1,0,차대사람 - 기타,보행자보호의무위반,포장 - 건조,맑음,교차로 - 교차로안,화물,남,52세,상해없음,보행자,여,56세,경상
7205,2021112000100432,2021년 11월 20일 18시,토요일,경기도 용인시 처인구 김량장동,경상사고,0,0,1,0,차대사람 - 길가장자리구역통행중,교차로운행방법위반,포장 - 건조,흐림,교차로 - 교차로안,승용,여,63세,상해없음,보행자,남,48세,경상
7206,2021112000100471,2021년 11월 20일 18시,토요일,경기도 포천시 신북면,중상사고,0,1,0,0,차대사람 - 길가장자리구역통행중,안전운전불이행,포장 - 건조,맑음,단일로 - 기타,승용,남,65세,상해없음,보행자,여,65세,중상
7207,2021112000100501,2021년 11월 20일 19시,토요일,경기도 고양시 일산동구 정발산동,경상사고,0,0,1,0,차대사람 - 횡단중,안전운전불이행,포장 - 건조,맑음,교차로 - 교차로안,승용,남,53세,상해없음,보행자,남,63세,경상
7208,2021112000100557,2021년 11월 20일 22시,토요일,경기도 부천시 심곡동,경상사고,0,0,1,0,차대사람 - 기타,안전운전불이행,포장 - 건조,맑음,단일로 - 기타,승용,남,18세,상해없음,보행자,남,29세,경상
7209,2021112000100559,2021년 11월 20일 22시,토요일,경기도 수원시 권선구 호매실동,경상사고,0,0,1,0,차대사람 - 횡단중,안전운전불이행,포장 - 건조,맑음,교차로 - 교차로부근,승용,여,30세,상해없음,보행자,여,53세,경상
7210,2021112000100587,2021년 11월 20일 23시,토요일,경기도 남양주시 다산동,중상사고,0,1,0,0,차대사람 - 횡단중,안전운전불이행,포장 - 건조,맑음,단일로 - 기타,승용,남,36세,상해없음,보행자,남,24세,중상
7211,2021112100100004,2021년 11월 21일 00시,일요일,경기도 안양시 동안구 호계동,중상사고,0,1,0,0,차대사람 - 차도통행중,안전운전불이행,포장 - 건조,맑음,기타 - 기타,승용,남,64세,상해없음,보행자,남,42세,중상
7212,2021112100100015,2021년 11월 21일 01시,일요일,경기도 성남시 수정구 단대동,중상사고,0,1,0,0,차대사람 - 보도통행중,안전운전불이행,포장 - 건조,맑음,단일로 - 기타,이륜,남,26세,상해없음,보행자,남,75세,중상
7213,2021112100100027,2021년 11월 21일 01시,일요일,경기도 의정부시 의정부동,경상사고,0,0,1,0,차대사람 - 차도통행중,안전운전불이행,포장 - 건조,맑음,교차로 - 교차로안,승용,남,35세,상해없음,보행자,남,26세,경상
7214,2021112100100028,2021년 11월 21일 01시,일요일,경기도 포천시 설운동,사망사고,1,0,0,0,차대사람 - 횡단중,안전운전불이행,포장 - 건조,맑음,교차로 - 교차로부근,특수,남,46세,상해없음,보행자,남,28세,사망
7215,2021112100100043,2021년 11월 21일 03시,일요일,경기도 평택시 서정동,경상사고,0,0,1,0,차대사람 - 기타,안전운전불이행,포장 - 건조,맑음,교차로 - 교차로부근,기타불명,기타불명,미분류,기타불명,보행자,남,24세,경상
7216,2021112100100092,2021년 11월 21일 10시,일요일,경기도 광명시 철산동,중상사고,0,1,0,0,차대사람 - 횡단중,안전운전불이행,포장 - 건조,맑음,단일로 - 기타,화물,남,43세,상해없음,보행자,여,88세,중상
7217,2021112100100094,2021년 11월 21일 10시,일요일,경기도 성남시 분당구 백현동,경상사고,0,0,1,0,차대사람 - 기타,안전운전불이행,포장 - 건조,맑음,기타 - 기타,기타불명,기타불명,미분류,기타불명,보행자,여,57세,경상
7218,2021112100100194,2021년 11월 21일 13시,일요일,경기도 남양주시 와부읍,중상사고,0,1,0,0,차대사람 - 횡단중,신호위반,포장 - 건조,맑음,기타 - 기타,화물,남,66세,상해없음,보행자,여,68세,중상
7219,2021112100100208,2021년 11월 21일 14시,일요일,경기도 하남시 신장동,경상사고,0,0,1,0,차대사람 - 횡단중,안전운전불이행,포장 - 건조,맑음,교차로 - 교차로안,개인형이동수단(PM),남,19세,상해없음,보행자,여,58세,경상
7220,2021112100100242,2021년 11월 21일 15시,일요일,경기도 수원시 팔달구 고등동,경상사고,0,0,1,0,차대사람 - 기타,안전운전불이행,포장 - 건조,맑음,단일로 - 기타,승용,남,54세,상해없음,보행자,남,45세,경상
7221,2021112100100243,2021년 11월 21일 15시,일요일,경기도 수원시 팔달구 매산로2가,경상사고,0,0,1,0,차대사람 - 기타,안전운전불이행,포장 - 건조,맑음,교차로 - 교차로안,승합,남,19세,상해없음,보행자,남,41세,경상
7222,2021112100100277,2021년 11월 21일 16시,일요일,경기도 의왕시 월암동,경상사고,0,0,1,0,차대사람 - 기타,안전운전불이행,포장 - 건조,맑음,기타 - 기타,자전거,남,11세,상해없음,보행자,여,69세,경상
7223,2021112100100338,2021년 11월 21일 17시,일요일,경기도 고양시 일산동구 풍동,중상사고,0,1,0,0,차대사람 - 기타,안전운전불이행,포장 - 건조,맑음,단일로 - 기타,자전거,여,47세,상해없음,보행자,여,64세,중상
7224,2021112100100353,2021년 11월 21일 18시,일요일,경기도 수원시 팔달구 화서동,중상사고,0,1,0,0,차대사람 - 기타,안전운전불이행,포장 - 건조,맑음,단일로 - 기타,개인형이동수단(PM),남,15세,상해없음,보행자,여,24세,중상
7225,2021112100100381,2021년 11월 21일 18시,일요일,경기도 의정부시 호원동,중상사고,0,1,0,0,차대사람 - 횡단중,보행자보호의무위반,포장 - 건조,흐림,교차로 - 교차로횡단보도내,승용,여,52세,상해없음,보행자,여,71세,중상
7226,2021112100100387,2021년 11월 21일 19시,일요일,경기도 성남시 수정구 태평동,부상신고사고,0,0,0,1,차대사람 - 기타,안전운전불이행,포장 - 건조,맑음,단일로 - 기타,승용,여,62세,상해없음,보행자,남,63세,부상신고
7227,2021112100100391,2021년 11월 21일 19시,일요일,경기도 안산시 단원구 선부동,중상사고,0,1,0,0,차대사람 - 차도통행중,안전운전불이행,포장 - 건조,맑음,단일로 - 기타,승용,남,57세,상해없음,보행자,남,58세,중상
7228,2021112100100421,2021년 11월 21일 20시,일요일,경기도 광주시 경안동,경상사고,0,0,1,0,차대사람 - 기타,안전운전불이행,포장 - 건조,맑음,교차로 - 교차로부근,승용,남,61세,상해없음,보행자,남,62세,경상
7229,2021112100100436,2021년 11월 21일 20시,일요일,경기도 파주시 동패동,중상사고,0,1,0,0,차대사람 - 보도통행중,보행자보호의무위반,포장 - 건조,맑음,교차로 - 교차로횡단보도내,승용,여,46세,상해없음,보행자,여,18세,중상
7230,2021112100100458,2021년 11월 21일 21시,일요일,경기도 고양시 일산동구 장항동,경상사고,0,0,1,0,차대사람 - 차도통행중,안전운전불이행,포장 - 젖음/습기,비,단일로 - 기타,승용,남,26세,상해없음,보행자,남,40세,경상
7231,2021112100100476,2021년 11월 21일 22시,일요일,경기도 성남시 중원구 성남동,경상사고,0,0,2,0,차대사람 - 횡단중,보행자보호의무위반,포장 - 젖음/습기,비,단일로 - 기타,이륜,남,45세,기타불명,보행자,남,23세,경상
7232,2021112100100498,2021년 11월 21일 23시,일요일,경기도 성남시 수정구 수진동,중상사고,0,1,0,0,차대사람 - 횡단중,보행자보호의무위반,포장 - 젖음/습기,비,교차로 - 교차로횡단보도내,승용,남,59세,상해없음,보행자,남,21세,중상
7233,2021112200100021,2021년 11월 22일 01시,월요일,경기도 광주시 태전동,경상사고,0,0,1,0,차대사람 - 기타,안전운전불이행,포장 - 건조,흐림,단일로 - 기타,기타불명,기타불명,미분류,기타불명,보행자,남,47세,경상